"Group_Timepoint","n_samples","n_zeros","zero_percent","mean_intensity","median_intensity","sd_intensity","cv_percent"
"Healthy",4,0,0,6.51572183115e-05,5.81882368554455e-05,2.63279523070317e-05,40.4068083157948
"PR1",9,0,0,8.21945891871652e-05,3.130425186446e-05,0.000110431753273035,134.354042480304
"PR2",9,0,0,0.000130292118466305,7.23831948297577e-05,0.00013809085376026,105.985577167487
"TR1",10,0,0,4.61627447359197e-05,4.58643662869209e-05,2.11669356455492e-05,45.8528533488152
"TR2",10,0,0,4.32778833757951e-05,3.86097202054979e-05,2.97686873572399e-05,68.7849890872649
