"Group_Timepoint","n_samples","n_zeros","zero_percent","mean_intensity","median_intensity","sd_intensity","cv_percent"
"Healthy",4,0,0,0.000704221018425557,0.000694854500584857,0.000256546757535707,36.4298637534668
"PR1",9,0,0,0.000484483233093196,0.000531695710618839,0.000289277198095822,59.7084023422078
"PR2",9,0,0,0.00033660006990247,0.000280683218737603,0.000145140132391352,43.1194599672562
"TR1",10,0,0,0.00024224740130462,0.000222039818854341,6.86346987888221e-05,28.3324809344459
"TR2",10,0,0,0.000466155549653901,0.000431350184474628,0.000145510097536212,31.2149233542851
