"Group_Timepoint","n_samples","n_zeros","zero_percent","mean_intensity","median_intensity","sd_intensity","cv_percent"
"Healthy",4,0,0,0.00137175094193438,0.000995601140277842,0.00113502551937783,82.7428277743534
"PR1",9,0,0,0.00121024616801934,0.00111386138080419,0.000681289201253372,56.2934400666892
"PR2",9,0,0,0.000681212793904718,0.000289634815973451,0.000800133855828917,117.457256086243
"TR1",10,0,0,0.000886562356290302,0.000655209513984491,0.00073729044888011,83.1628416939786
"TR2",10,0,0,0.00184568117846932,0.00155086352831944,0.00114715274262986,62.1533532449645
