"Group_Timepoint","n_samples","n_zeros","zero_percent","mean_intensity","median_intensity","sd_intensity","cv_percent"
"Healthy",4,0,0,0.00135461189683816,0.000939561018544665,0.00091795947475152,67.7654962941161
"PR1",9,0,0,0.00309167322363488,0.00282720195770635,0.00165537609405159,53.5430485148543
"PR2",9,0,0,0.00385682889628119,0.00186874972841829,0.00368911574510055,95.6515273119232
"TR1",10,0,0,0.00157111285725705,0.00122112919905152,0.00147798886093313,94.0727366660024
"TR2",10,0,0,0.00118586256550611,0.000971621685094397,0.000640668734454849,54.0255467277879
