"Group_Timepoint","n_samples","n_zeros","zero_percent","mean_intensity","median_intensity","sd_intensity","cv_percent"
"Healthy",4,0,0,0.0015860055523187,0.00157893810369201,0.000741013464297877,46.721996856476
"PR1",9,0,0,0.00158530390163491,0.00154924835619643,0.000551762306331598,34.8048286364886
"PR2",9,0,0,0.00110362412735013,0.000860895748028912,0.000664029678626282,60.1681009113728
"TR1",10,0,0,0.00215992930565163,0.00232145485761381,0.000722693629614763,33.4591334875533
"TR2",10,0,0,0.0023280204754925,0.00228270184640184,0.000576417674920406,24.7599916318805
