"Group_Timepoint","n_samples","n_zeros","zero_percent","mean_intensity","median_intensity","sd_intensity","cv_percent"
"Healthy",4,0,0,0.000266376237577023,0.000311832576441142,0.000136296414994673,51.1668819390327
"PR1",9,0,0,0.000353227629362293,0.000348375344405749,0.000132442752262809,37.495014900708
"PR2",9,0,0,0.000174337348252761,0.000196490736780504,9.27072465334268e-05,53.1769282156433
"TR1",10,0,0,0.00042208017996867,0.000378341817872099,0.000241650010485595,57.2521577543707
"TR2",10,0,0,0.000258613276546186,0.000270666210168311,8.50424025227026e-05,32.8840048965989
