"Group_Timepoint","n_samples","n_zeros","zero_percent","mean_intensity","median_intensity","sd_intensity","cv_percent"
"Healthy",4,0,0,0.00128965603143713,0.00130225509552917,0.000297422528150363,23.0621592812564
"PR1",9,0,0,0.000492027734627907,0.000332363193821263,0.0003688893582817,74.9732855121815
"PR2",9,0,0,0.000637950147899526,0.000476943378132475,0.00053142690888783,83.3022628237601
"TR1",10,0,0,0.000976269905710003,0.000849637362661726,0.000583364964331688,59.7544757776211
"TR2",10,0,0,0.000819052030840951,0.000648337100669412,0.000532179776326984,64.9750878195828
