"Group_Timepoint","n_samples","n_zeros","zero_percent","mean_intensity","median_intensity","sd_intensity","cv_percent"
"Healthy",4,0,0,0.000166467865124978,0.000157699483186084,0.000108910943137636,65.4246049565599
"PR1",9,0,0,0.000293831487264638,0.000200046420729422,0.000226988666827838,77.2513078638853
"PR2",9,0,0,0.00034854963759118,0.000341590111350872,0.000102859901671603,29.5108330573705
"TR1",10,0,0,0.000348197512683982,0.000320827287963133,0.000144844807171904,41.5984611881368
"TR2",10,0,0,0.000202587313527922,0.000148583810833715,0.000154133396707382,76.0824525599615
