"Group_Timepoint","n_samples","n_zeros","zero_percent","mean_intensity","median_intensity","sd_intensity","cv_percent"
"Healthy",4,0,0,0.000275514395636991,0.000294867658847882,0.000157335918872077,57.1062424917273
"PR1",9,0,0,0.000514048666979422,0.000364636011563514,0.000462493846786429,89.9708289302778
"PR2",9,0,0,0.0012611077395692,0.000676860649917199,0.00110469680583292,87.5973377350208
"TR1",10,0,0,0.000300430225579272,0.000170882347443382,0.000404098275971286,134.50653148901
"TR2",10,0,0,0.00044533554192761,0.000290787093610536,0.000393173649602401,88.2870583157524
