"Group_Timepoint","n_samples","n_zeros","zero_percent","mean_intensity","median_intensity","sd_intensity","cv_percent"
"Healthy",4,0,0,0.00176097273356679,0.00178879039944554,0.000977564735862222,55.5127695749268
"PR1",9,0,0,0.000711447599484384,0.000535043063604574,0.000487059686787173,68.4603739109058
"PR2",9,0,0,0.000746097457453581,0.000637694518098997,0.000276706408428497,37.0871667855419
"TR1",10,0,0,0.00134287047705354,0.00127984665496754,0.000723897509181566,53.9067260432968
"TR2",10,0,0,0.00106997525064524,0.000789684818183703,0.000484921864869161,45.3208487370837
