"Group_Timepoint","n_samples","n_zeros","zero_percent","mean_intensity","median_intensity","sd_intensity","cv_percent"
"Healthy",4,0,0,0.000339304051139701,0.000357612389680638,0.000105315744452243,31.0387524400294
"PR1",9,0,0,0.000263091878534478,0.000175687465260004,0.000223010732741495,84.7653428086607
"PR2",9,0,0,0.000581342285823833,0.000532496067724401,0.000293912217556326,50.5575157223968
"TR1",10,0,0,0.000313714071797389,0.000347818484175618,0.000106968056506737,34.0973090221537
"TR2",10,0,0,0.000273897964036728,0.000255802861235736,8.47803420253729e-05,30.95325747438
