"Group_Timepoint","n_samples","n_zeros","zero_percent","mean_intensity","median_intensity","sd_intensity","cv_percent"
"Healthy",4,0,0,2.29743686959884e-05,2.03488551896719e-05,1.29204892067453e-05,56.2387127050913
"PR1",9,0,0,3.8614181750745e-05,4.52373606916532e-05,1.49710380313709e-05,38.7708281066503
"PR2",9,0,0,3.56747117256158e-05,2.8541796039485e-05,2.14508179103313e-05,60.1289172995023
"TR1",10,0,0,2.53162538794321e-05,2.65087789938523e-05,7.79750668917265e-06,30.8003969556793
"TR2",10,0,0,5.42555917345247e-05,4.48015344385243e-05,3.3030436266206e-05,60.8793217624932
