"Group_Timepoint","n_samples","n_zeros","zero_percent","mean_intensity","median_intensity","sd_intensity","cv_percent"
"Healthy",4,0,0,9.48603494986366e-05,0.000118724729629048,5.01930942464225e-05,52.9126178763909
"PR1",9,0,0,2.04843230342824e-05,1.87870297142893e-05,6.45396035440229e-06,31.5068276535231
"PR2",9,0,0,1.61021713612747e-05,1.61173093681558e-05,3.07134907275928e-06,19.0741298415554
"TR1",10,0,0,1.87177115808145e-05,1.80937681308919e-05,5.77354224797514e-06,30.8453425144821
"TR2",10,0,0,1.81767271952335e-05,1.76702707056581e-05,2.96174766400151e-06,16.2941745903419
