"Group_Timepoint","n_samples","n_zeros","zero_percent","mean_intensity","median_intensity","sd_intensity","cv_percent"
"Healthy",4,0,0,0.000784185124562995,0.000783328360457294,0.00039259006659651,50.0634422025398
"PR1",9,0,0,0.00136839995547646,0.00111782224396972,0.00115413434395767,84.3418869855057
"PR2",9,0,0,0.0016309122066263,0.00106127630054703,0.00121310760134252,74.3821522957356
"TR1",10,0,0,0.00151701834030405,0.00158708462154535,0.000915186382082179,60.3279708469938
"TR2",10,0,0,0.000549677491359036,0.00044021871854096,0.000385543862995674,70.1400128359716
