"Group_Timepoint","n_samples","n_zeros","zero_percent","mean_intensity","median_intensity","sd_intensity","cv_percent"
"Healthy",4,0,0,9.96812019387425e-05,4.19417268471278e-05,0.000131016567537098,131.435581623115
"PR1",9,0,0,0.000149508227885116,0.000118220230264131,0.00010388908359182,69.4872015148558
"PR2",9,0,0,0.000188033263419377,0.000132741827932983,0.000237400418802439,126.254479917714
"TR1",10,0,0,7.85436443842121e-05,5.96886702448488e-05,6.66532406821088e-05,84.8614056613683
"TR2",10,0,0,5.28775734032412e-05,4.54928039619567e-05,2.98230859456616e-05,56.4002544485779
