"Group_Timepoint","n_samples","n_zeros","zero_percent","mean_intensity","median_intensity","sd_intensity","cv_percent"
"Healthy",4,0,0,0.000262465733785646,0.0003031021181904,0.000155573922292097,59.2739936174499
"PR1",9,0,0,0.000666973994309963,0.000433022847640788,0.000641534564361782,96.1858438012265
"PR2",9,0,0,0.000496064238316654,0.000516018051308201,0.000262509663330114,52.9184817315023
"TR1",10,0,0,0.00029414180276924,0.00028243775293468,0.000168642617614226,57.3337811989033
"TR2",10,0,0,0.000644332110311715,0.000508073687820075,0.000435973721187445,67.662889092479
