"Group_Timepoint","n_samples","n_zeros","zero_percent","mean_intensity","median_intensity","sd_intensity","cv_percent"
"Healthy",4,0,0,0.00192975208293249,0.00205757269450566,0.000896370170006248,46.4500169702684
"PR1",9,0,0,0.000795000704141794,0.000510317513359982,0.000599811782650575,75.4479561496834
"PR2",9,0,0,0.00165748161519163,0.00172210278237635,0.000803308708885682,48.4656180510821
"TR1",10,0,0,0.00105457033809631,0.000936263142218996,0.000610691381486431,57.9090231751483
"TR2",10,0,0,0.00145379932994399,0.0013815211728923,0.000481292868964866,33.1058667487081
