"Group_Timepoint","n_samples","n_zeros","zero_percent","mean_intensity","median_intensity","sd_intensity","cv_percent"
"Healthy",4,0,0,0.000635428613535883,0.000612793617670306,0.000341881586446947,53.8033036542886
"PR1",9,0,0,0.000668217037080996,0.000586937952352508,0.000328128827147624,49.1051273671507
"PR2",9,0,0,0.000935993746087197,0.000768067372987869,0.000381681746389281,40.7782368188733
"TR1",10,0,0,0.000581526966388068,0.000594124914136905,0.00019076575786284,32.8042840468272
"TR2",10,0,0,0.00051198058288529,0.000511721632156492,0.000169609469508382,33.1281058653709
