"Group_Timepoint","n_samples","n_zeros","zero_percent","mean_intensity","median_intensity","sd_intensity","cv_percent"
"Healthy",4,0,0,0.00188268661688634,0.00221878273372322,0.00128515888815859,68.261965461041
"PR1",9,0,0,2.0497205419215e-05,2.05266079087823e-05,1.23458848156046e-05,60.2320392614642
"PR2",9,0,0,1.20509232417787e-05,1.78344142875596e-06,1.41795664639926e-05,117.663735628439
"TR1",10,0,0,1.80458283915301e-05,2.51268554031172e-05,1.56322928397198e-05,86.6255208713882
"TR2",10,0,0,4.24203012306983e-05,2.94977158979643e-05,4.60669180006187e-05,108.596395273312
