"Group_Timepoint","n_samples","n_zeros","zero_percent","mean_intensity","median_intensity","sd_intensity","cv_percent"
"Healthy",4,0,0,0.00166193476869409,0.00146548808351665,0.000744446459152403,44.7939638291202
"PR1",9,0,0,0.0018491420282156,0.00190553549759927,0.000589312177701347,31.8694923758792
"PR2",9,0,0,0.00109503397906118,0.000969889611002766,0.000339030467998707,30.9607258296562
"TR1",10,0,0,0.00174163506332035,0.00139616873403178,0.00116818876835976,67.0742564250318
"TR2",10,0,0,0.00269619566628098,0.00261479197390584,0.00126482167354269,46.9113458403903
