"Group_Timepoint","n_samples","n_zeros","zero_percent","mean_intensity","median_intensity","sd_intensity","cv_percent"
"Healthy",4,0,0,0.000146373206723329,0.000109546441793284,0.000129313409041551,88.3449997006459
"PR1",9,0,0,0.00014331113650897,0.00010920161364506,0.000100856666474248,70.3760146846196
"PR2",9,0,0,0.000255726410148771,0.000218870761236344,7.22519256365215e-05,28.2536033702927
"TR1",10,0,0,0.000167510008031898,0.000158558971762486,6.58411219961871e-05,39.3057840362884
"TR2",10,0,0,0.000152507099072147,0.000154031303557417,8.25159582010786e-05,54.106306331381
