"Group_Timepoint","n_samples","n_zeros","zero_percent","mean_intensity","median_intensity","sd_intensity","cv_percent"
"Healthy",4,0,0,0.00133035645156462,0.00151296675239829,0.00048801429524778,36.6829727982925
"PR1",9,0,0,0.00208370728541996,0.00188515435056997,0.00060073900153624,28.8302971218514
"PR2",9,0,0,0.00157011961393852,0.00134823579115651,0.00105402893357877,67.1304863796217
"TR1",10,0,0,0.00292977176596438,0.002933215157784,0.0012654240423782,43.1918983273314
"TR2",10,0,0,0.00266558477410335,0.00314669380685001,0.00130819510380277,49.0772275004017
