"Group_Timepoint","n_samples","n_zeros","zero_percent","mean_intensity","median_intensity","sd_intensity","cv_percent"
"Healthy",4,0,0,0.000704469415226324,0.000680242476380672,8.25525283060104e-05,11.7183977787721
"PR1",9,0,0,0.000713335681050709,0.000706389210142453,0.000143939882469269,20.1784217855544
"PR2",9,0,0,0.000557205771438638,0.000575840567385078,0.000146881807525278,26.3604246499542
"TR1",10,0,0,0.000746485612431228,0.00077468707193185,0.000127658851679644,17.1013144196941
"TR2",10,0,0,0.00058840755297251,0.000573730845088852,0.000157799855951487,26.8181220914509
