"Group_Timepoint","n_samples","n_zeros","zero_percent","mean_intensity","median_intensity","sd_intensity","cv_percent"
"Healthy",4,0,0,0.000138642587030893,0.000124621416910522,8.74431259261662e-05,63.0708989198834
"PR1",9,0,0,0.000257515408180929,0.000225788397532688,0.000101317620738611,39.3442945625319
"PR2",9,0,0,0.000122914418875573,0.000103073911388644,8.32793237714319e-05,67.7539092103882
"TR1",10,0,0,0.000193751616783137,0.0001516983130485,0.000125438378699205,64.7418487555673
"TR2",10,0,0,0.000107876795179454,8.02492531003264e-05,7.06681945603307e-05,65.5082443288877
