"Group_Timepoint","n_samples","n_zeros","zero_percent","mean_intensity","median_intensity","sd_intensity","cv_percent"
"Healthy",4,0,0,9.04487897179173e-05,0.000111789476523173,4.82188260136102e-05,53.3106370621324
"PR1",9,0,0,1.36814980488805e-05,1.25176396351893e-05,4.92068498446751e-06,35.9659809685107
"PR2",9,0,0,1.05693834641009e-05,1.10321991476621e-05,2.85928741709371e-06,27.0525468851172
"TR1",10,0,0,1.30763293240787e-05,1.18034380200607e-05,4.34819518213493e-06,33.2524141475097
"TR2",10,0,0,1.21012305246642e-05,1.17672490055945e-05,3.9356122919477e-06,32.522414013404
