"Group","Timepoint","n_samples","n_zeros","zero_percent","mean_intensity","median_intensity","sd_intensity","cv_percent"
"TR","1",10,0,0,0.000175887373853135,0.000175902569161583,1.67561871305891e-05,9.52665718039569
"TR","2",10,0,0,0.000173869149173245,0.00017145922702959,1.61278462564207e-05,9.27585275082399
