"Group","Timepoint","n_samples","n_zeros","zero_percent","mean_intensity","median_intensity","sd_intensity","cv_percent"
"TR","1",10,0,0,0.00426645263352564,0.0043441981620077,0.000775863806189391,18.185220201267
"TR","2",10,0,0,0.00589926021499696,0.00465514521293115,0.00378197078845449,64.1092382878797
