"Group","Timepoint","n_samples","n_zeros","zero_percent","mean_intensity","median_intensity","sd_intensity","cv_percent"
"TR","1",10,0,0,0.000200367609552815,0.000202712116605218,8.97125864394817e-05,44.7739964756302
"TR","2",10,0,0,0.00015683398402956,0.000146448935560716,6.76522857164771e-05,43.1362412522315
