"Group","Timepoint","n_samples","n_zeros","zero_percent","mean_intensity","median_intensity","sd_intensity","cv_percent"
"TR","1",10,0,0,0.00182696010194206,0.00169723380281389,0.000821008894835254,44.9385235048386
"TR","2",10,0,0,0.00230029947534864,0.00183395532947628,0.00164601396601375,71.5565074745007
