"Group","Timepoint","n_samples","n_zeros","zero_percent","mean_intensity","median_intensity","sd_intensity","cv_percent"
"TR","1",10,0,0,0.0767934619540631,0.0767061668610373,0.00212023061880842,2.76095199364331
"TR","2",10,0,0,0.0784214140497774,0.0782369007650583,0.00309938992558319,3.95222397241636
