"Group","Timepoint","n_samples","n_zeros","zero_percent","mean_intensity","median_intensity","sd_intensity","cv_percent"
"TR","1",10,0,0,0.000201307379387807,0.00020261211101566,5.82138888604633e-05,28.9179110261614
"TR","2",10,0,0,0.000188898605553608,0.000186428547753611,3.31876728974319e-05,17.5690407031689
