"Group","Timepoint","n_samples","n_zeros","zero_percent","mean_intensity","median_intensity","sd_intensity","cv_percent"
"TR","1",10,0,0,0.000185385485626343,0.000177541881943669,7.99964845161019e-05,43.1514280882487
"TR","2",10,0,0,0.000272091167854534,0.000255442512669913,0.000170370549741413,62.6152443994422
