"Group","Timepoint","n_samples","n_zeros","zero_percent","mean_intensity","median_intensity","sd_intensity","cv_percent"
"TR","1",10,0,0,0.000799135514318245,0.000832679850065873,0.000102198992572579,12.788693624731
"TR","2",10,0,0,0.000958445985880317,0.00082501316477019,0.000512106739238656,53.4309441307007
