"Group","Timepoint","n_samples","n_zeros","zero_percent","mean_intensity","median_intensity","sd_intensity","cv_percent"
"TR","1",10,0,0,9.14053195256223e-07,7.52239187934737e-07,8.89022128545694e-07,97.2615306373376
"TR","2",10,0,0,1.87232994698563e-05,7.87539044060042e-07,5.40911746180821e-05,288.897663070372
