"Group","Timepoint","n_samples","n_zeros","zero_percent","mean_intensity","median_intensity","sd_intensity","cv_percent"
"TR","1",10,0,0,0.000134626769657435,0.000135211139197101,8.45476385033714e-06,6.28015057618241
"TR","2",10,0,0,0.000128483376361797,0.000126543371181806,1.67240387839336e-05,13.0165000776757
