"Group","Timepoint","n_samples","n_zeros","zero_percent","mean_intensity","median_intensity","sd_intensity","cv_percent"
"TR","1",10,0,0,0.000301984641871742,0.000301674475532925,1.1219335991095e-05,3.71520085311493
"TR","2",10,0,0,0.000291326608881914,0.000293353224634572,1.73392909643261e-05,5.95183908221526
