"Group","Timepoint","n_samples","n_zeros","zero_percent","mean_intensity","median_intensity","sd_intensity","cv_percent"
"TR","1",10,0,0,0.000209815801881826,0.000208813127239327,2.70610365394053e-05,12.8975207285135
"TR","2",10,0,0,0.000219294471544107,0.000222681646044192,2.88221410815677e-05,13.1431225231643
