"Group","Timepoint","n_samples","n_zeros","zero_percent","mean_intensity","median_intensity","sd_intensity","cv_percent"
"TR","1",10,0,0,6.22300193652883e-05,6.72041053463982e-05,2.49467847570965e-05,40.0880234516072
"TR","2",10,0,0,7.85965188232612e-05,7.61384154611624e-05,3.06623618403395e-05,39.0123663228514
