"Group","Timepoint","n_samples","n_zeros","zero_percent","mean_intensity","median_intensity","sd_intensity","cv_percent"
"TR","1",10,0,0,9.68421454642379e-06,7.54421775169483e-06,5.60741589925774e-06,57.9026401405828
"TR","2",10,0,0,1.41268606237492e-05,7.90853572369897e-06,1.49957891764585e-05,106.150896337495
