"Group","Timepoint","n_samples","n_zeros","zero_percent","mean_intensity","median_intensity","sd_intensity","cv_percent"
"TR","1",10,0,0,0.000453706507947262,0.000448016220309511,4.1459425031494e-05,9.13793924161942
"TR","2",10,0,0,0.000446084320845281,0.000447196991865348,1.84521402607315e-05,4.13646913789007
