"Group","Timepoint","n_samples","n_zeros","zero_percent","mean_intensity","median_intensity","sd_intensity","cv_percent"
"TR","1",10,0,0,0.00111576337778291,0.00112351335849213,3.79058973027062e-05,3.39730610069203
"TR","2",10,0,0,0.00110843175989775,0.00111284676683215,4.41827961914418e-05,3.98606371541694
