"Group","Timepoint","n_samples","n_zeros","zero_percent","mean_intensity","median_intensity","sd_intensity","cv_percent"
"TR","1",10,0,0,0.000554700789988701,0.000550588400447813,1.64333207762019e-05,2.96255586305127
"TR","2",10,0,0,0.000539810963117021,0.000543459160796096,2.95247571710886e-05,5.46946230965824
