"Group","Timepoint","n_samples","n_zeros","zero_percent","mean_intensity","median_intensity","sd_intensity","cv_percent"
"TR","1",10,0,0,0.000241706105763368,0.000245917800603281,2.91618712778993e-05,12.0650122535377
"TR","2",10,0,0,0.000259600700384922,0.000257564570861728,3.42645483318151e-05,13.1989429462284
