"Group","Timepoint","n_samples","n_zeros","zero_percent","mean_intensity","median_intensity","sd_intensity","cv_percent"
"TR","1",10,0,0,4.00689811853505e-05,2.5061238093867e-05,4.21366658151746e-05,105.160312462799
"TR","2",10,0,0,2.05178648005242e-05,1.92041075827923e-05,1.05632616362987e-05,51.4832402835058
