"Group","Timepoint","n_samples","n_zeros","zero_percent","mean_intensity","median_intensity","sd_intensity","cv_percent"
"TR","1",10,0,0,0.000217622662228292,0.000217246897775581,1.01631131881154e-05,4.67006197059296
"TR","2",10,0,0,0.000226548524466174,0.000229119647981539,1.99113354488582e-05,8.78899365854449
