"Group","Timepoint","n_samples","n_zeros","zero_percent","mean_intensity","median_intensity","sd_intensity","cv_percent"
"TR","1",10,0,0,0.000609924584990301,0.00059440609575655,8.62399567703277e-05,14.1394459073492
"TR","2",10,0,0,0.00055109889432109,0.000556375922218212,7.83504630182479e-05,14.2171330455615
