"Group","Timepoint","n_samples","n_zeros","zero_percent","mean_intensity","median_intensity","sd_intensity","cv_percent"
"TR","1",10,0,0,0.000150729131356094,0.000163534497117735,4.75807694859036e-05,31.5670693898549
"TR","2",10,0,0,0.000161233741126113,0.000168294878441882,3.35458511106303e-05,20.8057264418318
