"Group","Timepoint","n_samples","n_zeros","zero_percent","mean_intensity","median_intensity","sd_intensity","cv_percent"
"TR","1",10,0,0,0.00285169153578629,0.00268459959481857,0.00183417908350797,64.3189861347412
"TR","2",10,0,0,0.00159896875676418,0.0011570752771721,0.00147762795768487,92.411308941091
