"Group","Timepoint","n_samples","n_zeros","zero_percent","mean_intensity","median_intensity","sd_intensity","cv_percent"
"TR","1",10,0,0,0.000936420276518798,0.000663351036146954,0.00103349817680813,110.366915659946
"TR","2",10,0,0,0.00105726691978322,0.000525042286415606,0.0015214449361447,143.90357890481
