"Group","Timepoint","n_samples","n_zeros","zero_percent","mean_intensity","median_intensity","sd_intensity","cv_percent"
"TR","1",10,0,0,0.00164982092488086,0.00163758373787394,8.56541187076901e-05,5.19172216911211
"TR","2",10,0,0,0.00166867431026621,0.00167098826203367,8.8871317145469e-05,5.32586356718653
