"Group","Timepoint","n_samples","n_zeros","zero_percent","mean_intensity","median_intensity","sd_intensity","cv_percent"
"TR","1",10,0,0,0.00011452281312642,0.000114696965079969,1.12466390372981e-05,9.82043553617833
"TR","2",10,0,0,0.000114153849209208,0.000115806546473074,9.33637923292748e-06,8.17876865090797
