"Group","Timepoint","n_samples","n_zeros","zero_percent","mean_intensity","median_intensity","sd_intensity","cv_percent"
"TR","1",10,0,0,0.00135514948353266,0.00137756269102331,0.000124359745322937,9.17682859596799
"TR","2",10,0,0,0.00139544631721084,0.00137557657571499,0.00015083679753673,10.8092153511299
