"Group","Timepoint","n_samples","n_zeros","zero_percent","mean_intensity","median_intensity","sd_intensity","cv_percent"
"TR","1",10,0,0,6.17289612506233e-05,6.72051217160758e-05,3.12187619424669e-05,50.573930469552
"TR","2",10,0,0,0.000128757769229342,7.19487563093972e-05,0.000153803255020597,119.451630718022
