"Group","Timepoint","n_samples","n_zeros","zero_percent","mean_intensity","median_intensity","sd_intensity","cv_percent"
"TR","1",10,0,0,0.00531167087713142,0.00531146235965092,0.000109670934513719,2.06471630209413
"TR","2",10,0,0,0.00521064533619232,0.0051780073457248,0.00022635812992864,4.34414770770124
