"Group","Timepoint","n_samples","n_zeros","zero_percent","mean_intensity","median_intensity","sd_intensity","cv_percent"
"TR","1",10,0,0,0.000196298324228761,0.000136663461362018,0.000204906804339141,104.385406826167
"TR","2",10,0,0,0.0001364931130468,0.000106454680764105,0.000103237839004601,75.6359326123679
