"Group","Timepoint","n_samples","n_zeros","zero_percent","mean_intensity","median_intensity","sd_intensity","cv_percent"
"TR","1",10,0,0,2.0188355021547e-05,2.26868046583167e-05,9.19692816978926e-06,45.5556094588855
"TR","2",10,0,0,2.18508627123504e-05,2.38270392682856e-05,7.64204787633733e-06,34.9736666095931
