"Group","Timepoint","n_samples","n_zeros","zero_percent","mean_intensity","median_intensity","sd_intensity","cv_percent"
"TR","1",10,0,0,0.000122737958607683,0.000124201532865314,1.46705553962709e-05,11.952745151289
"TR","2",10,0,0,0.000131340866118484,0.000124670907804089,2.14568588438166e-05,16.3367727638252
