"Group","Timepoint","n_samples","n_zeros","zero_percent","mean_intensity","median_intensity","sd_intensity","cv_percent"
"TR","1",10,0,0,2.09107632017205e-05,1.47888566095271e-05,1.06227947124838e-05,50.8006073714696
"TR","2",10,0,0,2.11064295426132e-05,1.66056149442197e-05,1.12266814351675e-05,53.1908128397616
