"Group","Timepoint","n_samples","n_zeros","zero_percent","mean_intensity","median_intensity","sd_intensity","cv_percent"
"TR","1",10,0,0,0.00157039888319388,0.000983865595882889,0.00104822611124385,66.7490357043533
"TR","2",10,0,0,0.00225467813056336,0.00286333631034409,0.00106394053924988,47.1881340767715
