"Group","Timepoint","n_samples","n_zeros","zero_percent","mean_intensity","median_intensity","sd_intensity","cv_percent"
"TR","1",10,0,0,0.000187091167376816,0.000190887367282596,8.96441204598437e-06,4.79146726789584
"TR","2",10,0,0,0.000196590856565276,0.000194882413351119,1.35581386213906e-05,6.89662726856718
