"Group","Timepoint","n_samples","n_zeros","zero_percent","mean_intensity","median_intensity","sd_intensity","cv_percent"
"TR","1",10,0,0,0.0049763596455774,0.00489855435822521,0.000199156039180948,4.00204272530708
"TR","2",10,0,0,0.0049758653510924,0.00504180413410445,0.000400869724784545,8.05628160128043
