"Group","Timepoint","n_samples","n_zeros","zero_percent","mean_intensity","median_intensity","sd_intensity","cv_percent"
"TR","1",10,0,0,0.00139910654118079,0.00110803125971521,0.000624047276464482,44.603270594233
"TR","2",10,0,0,0.00121638584180975,0.00117311755932896,0.000412646994668256,33.924021513956
