"Group","Timepoint","n_samples","n_zeros","zero_percent","mean_intensity","median_intensity","sd_intensity","cv_percent"
"TR","1",10,0,0,0.000663883783782697,0.000529496862876195,0.000540654485669234,81.4381219840431
"TR","2",10,0,0,0.000782226898434215,0.000731066926781619,0.000482634788837943,61.7001013138303
