"Group","Timepoint","n_samples","n_zeros","zero_percent","mean_intensity","median_intensity","sd_intensity","cv_percent"
"TR","1",10,0,0,0.00040932954287399,0.000217513495371246,0.000492982704992563,120.436629501801
"TR","2",10,0,0,0.000394309329205063,0.000254168685641997,0.000447009894985844,113.365285038279
