"Group","Timepoint","n_samples","n_zeros","zero_percent","mean_intensity","median_intensity","sd_intensity","cv_percent"
"TR","1",10,0,0,0.0019260165693697,0.00152004792890426,0.00130537830134316,67.7760680828595
"TR","2",10,0,0,0.00229179977961645,0.00213343503318315,0.000852294025670586,37.1888518905968
