"Group","Timepoint","n_samples","n_zeros","zero_percent","mean_intensity","median_intensity","sd_intensity","cv_percent"
"TR","1",10,0,0,0.000113927796874287,0.000111846636789716,1.83772533214654e-05,16.1306141483133
"TR","2",10,0,0,0.000124692739424737,0.000128562662546207,1.28471115093901e-05,10.3030148897679
