"Group","Timepoint","n_samples","n_zeros","zero_percent","mean_intensity","median_intensity","sd_intensity","cv_percent"
"TR","1",10,0,0,0.000444185565455323,0.000430231319889433,0.000231710704779762,52.1652936970703
"TR","2",10,0,0,0.000351772540769397,0.000289584792012018,0.000289460936083122,82.2863932045445
