"Group","Timepoint","n_samples","n_zeros","zero_percent","mean_intensity","median_intensity","sd_intensity","cv_percent"
"TR","1",10,0,0,0.000143576698262287,0.000142907447131618,6.08199212415852e-06,4.23605793820938
"TR","2",10,0,0,0.000153790585218164,0.000149287685585393,2.1499969581419e-05,13.980029759897
