"Group","Timepoint","n_samples","n_zeros","zero_percent","mean_intensity","median_intensity","sd_intensity","cv_percent"
"TR","1",10,0,0,0.000135573135512117,0.000140259525588556,1.26243152426034e-05,9.31181180911397
"TR","2",10,0,0,0.00013290014996092,0.000139554985280265,2.16667442921597e-05,16.3030247133137
