"Group","Timepoint","n_samples","n_zeros","zero_percent","mean_intensity","median_intensity","sd_intensity","cv_percent"
"TR","1",10,0,0,0.00045007671356112,0.000447621156500985,2.82912361942558e-05,6.28586979548628
"TR","2",10,0,0,0.00045418114834044,0.000455286169774617,4.05345275766347e-05,8.92474901803967
