"Group","Timepoint","n_samples","n_zeros","zero_percent","mean_intensity","median_intensity","sd_intensity","cv_percent"
"TR","1",10,0,0,0.000131913193015487,0.000132664927745876,1.2409872603646e-05,9.4076053501252
"TR","2",10,0,0,0.000136984476032815,0.000134962363363091,9.32085759415983e-06,6.80431671098773
