"Group","Timepoint","n_samples","n_zeros","zero_percent","mean_intensity","median_intensity","sd_intensity","cv_percent"
"TR","1",10,0,0,0.000231496560026116,0.000228049808055586,0.00010923567172603,47.1867364740567
"TR","2",10,0,0,0.000111130195221693,9.95052477318298e-05,6.16689206890728e-05,55.4924973955547
