"Group","Timepoint","n_samples","n_zeros","zero_percent","mean_intensity","median_intensity","sd_intensity","cv_percent"
"TR","1",10,0,0,0.000168198209464796,0.000157953087619088,0.000123673636060298,73.528509283081
"TR","2",10,0,0,0.000115726088574179,8.73243424652456e-05,6.09053435566937e-05,52.6288793711837
