"Group","Timepoint","n_samples","n_zeros","zero_percent","mean_intensity","median_intensity","sd_intensity","cv_percent"
"TR","1",10,0,0,2.44026012587388e-05,1.21423059023144e-05,2.71110439693482e-05,111.098991791457
"TR","2",10,0,0,8.86108571221206e-05,2.26402037925958e-05,0.000110313208244025,124.491751718409
