"Group","Timepoint","n_samples","n_zeros","zero_percent","mean_intensity","median_intensity","sd_intensity","cv_percent"
"TR","1",10,0,0,5.59169553647687e-07,5.77725781003883e-07,3.4940522064764e-07,62.4864530567393
"TR","2",10,0,0,1.75545172321193e-06,8.00209415585991e-07,3.54227456652265e-06,201.787068233434
