"Group","Timepoint","n_samples","n_zeros","zero_percent","mean_intensity","median_intensity","sd_intensity","cv_percent"
"TR","1",10,0,0,0.0150303338101849,0.015508729535747,0.00416681542849482,27.7227071674967
"TR","2",10,0,0,0.0159918653478666,0.0154354418991544,0.0046905408697834,29.3307926733459
