"Group","Timepoint","n_samples","n_zeros","zero_percent","mean_intensity","median_intensity","sd_intensity","cv_percent"
"TR","1",10,0,0,0.00038868285721106,0.000441682738350628,0.000164081099584002,42.2146478909164
"TR","2",10,0,0,0.000443717795325634,0.000394643791715265,0.000182315769777179,41.088225826819
