"Group","Timepoint","n_samples","n_zeros","zero_percent","mean_intensity","median_intensity","sd_intensity","cv_percent"
"TR","1",10,0,0,0.005406526696874,0.00610856215357403,0.00372040084523984,68.8131411131464
"TR","2",10,0,0,0.00621509485751973,0.00692003617769177,0.00351577881714193,56.5683854830976
