"Group","Timepoint","n_samples","n_zeros","zero_percent","mean_intensity","median_intensity","sd_intensity","cv_percent"
"TR","1",10,0,0,0.00121138172109474,0.00121383025638561,0.000142592880918302,11.7710939859188
"TR","2",10,0,0,0.00112390200278752,0.00111722482664114,0.000240665156970026,21.4133577814725
