"Group","Timepoint","n_samples","n_zeros","zero_percent","mean_intensity","median_intensity","sd_intensity","cv_percent"
"TR","1",10,0,0,0.000159702571077815,0.000148204737172517,2.69264687817487e-05,16.8603852774723
"TR","2",10,0,0,0.000169507403813309,0.000176026314455531,3.09013690570619e-05,18.2300999023594
