"Group","Timepoint","n_samples","n_zeros","zero_percent","mean_intensity","median_intensity","sd_intensity","cv_percent"
"TR","1",10,0,0,0.000357366648081263,0.000304416923398641,0.000184245818727102,51.5565231720241
"TR","2",10,0,0,0.000286481039162736,0.000284581808614457,4.10882415487133e-05,14.3423947598058
