"Group","Timepoint","n_samples","n_zeros","zero_percent","mean_intensity","median_intensity","sd_intensity","cv_percent"
"TR","1",10,0,0,0.000101716062954445,0.000104214537401629,1.3782733637791e-05,13.5502036133308
"TR","2",10,0,0,0.000107565478932031,0.000102439672617344,2.35901527124915e-05,21.9309698117904
