"Group","Timepoint","n_samples","n_zeros","zero_percent","mean_intensity","median_intensity","sd_intensity","cv_percent"
"TR","1",10,0,0,0.0032417532034687,0.00326445714623051,0.000188210097511713,5.80581203128995
"TR","2",10,0,0,0.00312816074771394,0.00311901179031812,0.000162506985114094,5.19496912787664
