"Group","Timepoint","n_samples","n_zeros","zero_percent","mean_intensity","median_intensity","sd_intensity","cv_percent"
"TR","1",10,0,0,0.00300355252029236,0.00301370259932738,0.000197438954857325,6.57351431424635
"TR","2",10,0,0,0.00312141171954539,0.00312837601595446,0.0002615957966073,8.38068861500269
