"Group","Timepoint","n_samples","n_zeros","zero_percent","mean_intensity","median_intensity","sd_intensity","cv_percent"
"TR","1",10,0,0,0.000291535413952223,0.000308351990322972,6.61460508097738e-05,22.6888561883647
"TR","2",10,0,0,0.000272112430521286,0.000278973024217891,5.21152025016932e-05,19.152084453421
