"Group","Timepoint","n_samples","n_zeros","zero_percent","mean_intensity","median_intensity","sd_intensity","cv_percent"
"TR","1",10,0,0,0.000290406230873766,0.000288425204281515,2.54487979385985e-05,8.76317214752208
"TR","2",10,0,0,0.000311035397696564,0.000306355409275391,1.92425766212827e-05,6.18661951783866
