"Group","Timepoint","n_samples","n_zeros","zero_percent","mean_intensity","median_intensity","sd_intensity","cv_percent"
"TR","1",10,0,0,0.00241463089400595,0.00113714453585195,0.00310763947589598,128.700394068938
"TR","2",10,0,0,0.00335531814909451,0.00140762934377687,0.00384761256381858,114.672063656823
