"Group","Timepoint","n_samples","n_zeros","zero_percent","mean_intensity","median_intensity","sd_intensity","cv_percent"
"TR","1",10,0,0,0.000273104051577318,0.000277331144914971,2.23123870051498e-05,8.1699216383954
"TR","2",10,0,0,0.000275807693473073,0.000270531801650505,3.27034970683712e-05,11.8573549042656
