"Group","Timepoint","n_samples","n_zeros","zero_percent","mean_intensity","median_intensity","sd_intensity","cv_percent"
"TR","1",10,0,0,0.00179242274956134,0.0017187201162688,0.000341487937209393,19.0517520095616
"TR","2",10,0,0,0.00197722824977516,0.0020157238587744,0.000209582027173011,10.5997892350994
