"Group","Timepoint","n_samples","n_zeros","zero_percent","mean_intensity","median_intensity","sd_intensity","cv_percent"
"TR","1",10,0,0,0.000149102878386402,0.000152132450781566,8.94591007823247e-06,5.99982386325837
"TR","2",10,0,0,0.000154488511734344,0.000155496566802835,1.01393333623884e-05,6.56316333723501
