"Group","Timepoint","n_samples","n_zeros","zero_percent","mean_intensity","median_intensity","sd_intensity","cv_percent"
"TR","1",10,0,0,0.000124188697400456,0.000132681498945237,3.62092233274535e-05,29.1566173777425
"TR","2",10,0,0,0.00011735821971464,0.00012059686689801,2.87990525522071e-05,24.5394422497486
