"Group","Timepoint","n_samples","n_zeros","zero_percent","mean_intensity","median_intensity","sd_intensity","cv_percent"
"TR","1",10,0,0,0.00046864197228143,0.000448029321562454,6.12867500377646e-05,13.0775205087607
"TR","2",10,0,0,0.000523518570595422,0.000505725232737236,8.5157844371818e-05,16.2664419477926
