"Group","Timepoint","n_samples","n_zeros","zero_percent","mean_intensity","median_intensity","sd_intensity","cv_percent"
"TR","1",10,0,0,0.0129331727576086,0.0128515913366037,0.000641286281823654,4.95846064877147
"TR","2",10,0,0,0.012961665171018,0.0130839171076624,0.00058819530414217,4.53796095163268
