"Group","Timepoint","n_samples","n_zeros","zero_percent","mean_intensity","median_intensity","sd_intensity","cv_percent"
"TR","1",10,0,0,0.000102727188106492,9.71922288754796e-05,1.38275138536838e-05,13.4604228038925
"TR","2",10,0,0,0.000108738199170345,0.000109055339993935,1.19851564124279e-05,11.0220295203275
