"Group","Timepoint","n_samples","n_zeros","zero_percent","mean_intensity","median_intensity","sd_intensity","cv_percent"
"TR","1",10,0,0,0.000105882779650368,9.53225072844396e-05,6.97671346106428e-05,65.8909171453738
"TR","2",10,0,0,0.000143794275760475,0.000159315156133599,6.13625031033823e-05,42.6738149198627
