"Group","Timepoint","n_samples","n_zeros","zero_percent","mean_intensity","median_intensity","sd_intensity","cv_percent"
"TR","1",10,0,0,0.000254605838308336,0.000249570090002192,3.49018621162565e-05,13.7081939472217
"TR","2",10,0,0,0.000266350814715439,0.000264601918393865,2.00653058926457e-05,7.53341262127649
