"Group","Timepoint","n_samples","n_zeros","zero_percent","mean_intensity","median_intensity","sd_intensity","cv_percent"
"TR","1",10,0,0,0.000218679848847629,0.000224949185300648,3.00999569476622e-05,13.7643944361034
"TR","2",10,0,0,0.000233983320606454,0.000238566247363438,3.75170140492806e-05,16.0340548856395
