"Group","Timepoint","n_samples","n_zeros","zero_percent","mean_intensity","median_intensity","sd_intensity","cv_percent"
"TR","1",10,0,0,0.00138801157817716,0.00131110084251369,0.000190835167844782,13.7488167134313
"TR","2",10,0,0,0.00147359726888564,0.00146607647914306,0.000313808092827299,21.2953769291799
