"Group","Timepoint","n_samples","n_zeros","zero_percent","mean_intensity","median_intensity","sd_intensity","cv_percent"
"TR","1",10,0,0,0.00415522424039061,0.00415877129532733,0.000130206162613595,3.13355321111033
"TR","2",10,0,0,0.00404322623776405,0.0040273320474264,0.000125658448148868,3.10787575959041
