"Group","Timepoint","n_samples","n_zeros","zero_percent","mean_intensity","median_intensity","sd_intensity","cv_percent"
"TR","1",10,0,0,0.000354411664023758,0.00035658889218535,5.51830713078709e-05,15.5703315972614
"TR","2",10,0,0,0.000378258822435245,0.000366603915947941,3.25653816261291e-05,8.60928541374711
