"Group","Timepoint","n_samples","n_zeros","zero_percent","mean_intensity","median_intensity","sd_intensity","cv_percent"
"TR","1",10,0,0,0.00268471139120201,0.00255614931471269,0.00173233098086777,64.5257805567013
"TR","2",10,0,0,0.00248013602638134,0.00175437199966589,0.00169489108407719,68.3386340929911
