"Group","Timepoint","n_samples","n_zeros","zero_percent","mean_intensity","median_intensity","sd_intensity","cv_percent"
"TR","1",10,0,0,0.00299603210945251,0.00317834010994103,0.00104865480782318,35.0014542405825
"TR","2",10,0,0,0.00220957546251241,0.00189770715610916,0.000958001369211082,43.3568070185656
