"Group","Timepoint","n_samples","n_zeros","zero_percent","mean_intensity","median_intensity","sd_intensity","cv_percent"
"TR","1",10,0,0,0.000219259069145442,0.00015875695359323,0.000192427252848768,87.7625056052412
"TR","2",10,0,0,0.000196855106204802,0.000162419852764356,0.0001055685370929,53.6275330257725
