"Group","Timepoint","n_samples","n_zeros","zero_percent","mean_intensity","median_intensity","sd_intensity","cv_percent"
"TR","1",10,0,0,0.000179866976092504,0.000180047710867417,8.84317428929182e-06,4.91650801131158
"TR","2",10,0,0,0.000162291072076324,0.00016323214629027,2.07881586869864e-05,12.8091819352884
