"Group","Timepoint","n_samples","n_zeros","zero_percent","mean_intensity","median_intensity","sd_intensity","cv_percent"
"TR","1",10,0,0,2.19095377133422e-05,2.17668616911588e-05,5.61177370503587e-06,25.6133825298308
"TR","2",10,0,0,0.000106320404559525,2.47893380228326e-05,0.000157362528653732,148.007834719656
