"Group","Timepoint","n_samples","n_zeros","zero_percent","mean_intensity","median_intensity","sd_intensity","cv_percent"
"TR","1",10,0,0,0.000829454647730065,0.000789400820588061,0.000139752396256024,16.848708562726
"TR","2",10,0,0,0.00104163764889283,0.00098721881930094,0.000275496062769148,26.4483587994325
