"Group","Timepoint","n_samples","n_zeros","zero_percent","mean_intensity","median_intensity","sd_intensity","cv_percent"
"TR","1",10,0,0,0.0020313106149923,0.00196991593140618,0.000330596609997259,16.2750397480945
"TR","2",10,0,0,0.00186621649836373,0.00201493397909335,0.000500320830424751,26.8093670194977
