"Group","Timepoint","n_samples","n_zeros","zero_percent","mean_intensity","median_intensity","sd_intensity","cv_percent"
"TR","1",10,0,0,0.000105548655044288,0.000103768172287199,1.1869686909269e-05,11.2457017138574
"TR","2",10,0,0,9.97450429370907e-05,0.000100022312069311,6.19193429152051e-06,6.2077614177035
