"Group","Timepoint","n_samples","n_zeros","zero_percent","mean_intensity","median_intensity","sd_intensity","cv_percent"
"TR","1",10,0,0,0.000430423274836067,0.000428555544270532,7.53534538815121e-05,17.5068260214812
"TR","2",10,0,0,0.000516585372107424,0.00053789859049097,7.80158186412233e-05,15.1022121131606
