"Group","Timepoint","n_samples","n_zeros","zero_percent","mean_intensity","median_intensity","sd_intensity","cv_percent"
"TR","1",10,0,0,0.000111390946724213,0.000114027540002887,3.22778617922772e-05,28.9770962017157
"TR","2",10,0,0,8.45926337040178e-05,9.2665669237077e-05,2.20909413038213e-05,26.1144976063939
