"Group","Timepoint","n_samples","n_zeros","zero_percent","mean_intensity","median_intensity","sd_intensity","cv_percent"
"TR","1",10,0,0,0.00282202083915489,0.00215055254983612,0.00225912109028006,80.0533099874841
"TR","2",10,0,0,0.00466798106123419,0.00564505073440309,0.00286165849177221,61.3039867607262
