"Group","Timepoint","n_samples","n_zeros","zero_percent","mean_intensity","median_intensity","sd_intensity","cv_percent"
"TR","1",10,0,0,0.000263014578937509,0.000279739917087641,8.09023580624369e-05,30.7596477690535
"TR","2",10,0,0,0.000255645247964612,0.000266820473388562,3.85953992182664e-05,15.0972488342944
