"Group","Timepoint","n_samples","n_zeros","zero_percent","mean_intensity","median_intensity","sd_intensity","cv_percent"
"TR","1",10,0,0,0.000112631041903406,9.67710272409572e-05,4.96690456677337e-05,44.0988956759633
"TR","2",10,0,0,0.0001618290659178,0.000157453018747035,9.56684405977298e-05,59.1169701531391
