"Group","Timepoint","n_samples","n_zeros","zero_percent","mean_intensity","median_intensity","sd_intensity","cv_percent"
"TR","1",10,0,0,0.000124841729460016,0.000101392715842088,8.94642151222251e-05,71.6621081021461
"TR","2",10,0,0,0.000152813510537382,0.000140168422466913,6.78190089960767e-05,44.3802441011827
