"Group","Timepoint","n_samples","n_zeros","zero_percent","mean_intensity","median_intensity","sd_intensity","cv_percent"
"TR","1",10,0,0,0.000109719111241456,0.000117925283229589,3.25522029778395e-05,29.6686717651245
"TR","2",10,0,0,0.000121880825173592,0.000126952326751908,1.60061929149471e-05,13.1326588018664
