"Group","Timepoint","n_samples","n_zeros","zero_percent","mean_intensity","median_intensity","sd_intensity","cv_percent"
"TR","1",10,0,0,0.000145819276590333,0.000152188552739587,2.46491323309663e-05,16.9038915206087
"TR","2",10,0,0,0.000143311313065458,0.000139473403884983,2.95346848364786e-05,20.6087601911711
