"Group","Timepoint","n_samples","n_zeros","zero_percent","mean_intensity","median_intensity","sd_intensity","cv_percent"
"TR","1",10,0,0,0.000208553064774108,0.00018069421735821,9.25804804877498e-05,44.3918101074311
"TR","2",10,0,0,0.000196405536174105,0.000180782020121719,5.71912974533955e-05,29.11898440719
