"Group","Timepoint","n_samples","n_zeros","zero_percent","mean_intensity","median_intensity","sd_intensity","cv_percent"
"TR","1",10,0,0,0.00233361524469158,0.00223358703251495,0.000320107784097863,13.7172477265064
"TR","2",10,0,0,0.00206692643375721,0.00210428285720347,0.000448820874650797,21.7144097303425
