"Group","Timepoint","n_samples","n_zeros","zero_percent","mean_intensity","median_intensity","sd_intensity","cv_percent"
"TR","1",10,0,0,0.000153869033305697,0.000136295926151387,0.000102321560727058,66.4991249563339
"TR","2",10,0,0,8.34649217613084e-05,7.5247661461126e-05,4.06588030226926e-05,48.7136418086726
