"Group","Timepoint","n_samples","n_zeros","zero_percent","mean_intensity","median_intensity","sd_intensity","cv_percent"
"TR","1",10,0,0,0.000230766142279532,0.000169041035965045,0.000290264096981325,125.782792100291
"TR","2",10,0,0,0.000132659259037533,0.000135331472731702,4.78007963863179e-05,36.0327629847487
