"Group","Timepoint","n_samples","n_zeros","zero_percent","mean_intensity","median_intensity","sd_intensity","cv_percent"
"TR","1",10,0,0,0.000108281098645541,0.000101893978048447,2.2073529082032e-05,20.3853944577066
"TR","2",10,0,0,0.00020079480865058,0.000105834425699219,0.00029791066925945,148.365722829951
