"Group","Timepoint","n_samples","n_zeros","zero_percent","mean_intensity","median_intensity","sd_intensity","cv_percent"
"TR","1",10,0,0,0.00010565075841235,0.000118483791564486,3.23741772216639e-05,30.6426358960047
"TR","2",10,0,0,0.000125943936385813,0.000130828079130623,4.65766393318931e-05,36.9820419057028
