"Group","Timepoint","n_samples","n_zeros","zero_percent","mean_intensity","median_intensity","sd_intensity","cv_percent"
"TR","1",10,0,0,0.00360547194608725,0.0039246094826052,0.00140188829682096,38.8822411540969
"TR","2",10,0,0,0.00361114262881053,0.00268536319114275,0.00301457428610788,83.479790082422
