"Group","Timepoint","n_samples","n_zeros","zero_percent","mean_intensity","median_intensity","sd_intensity","cv_percent"
"TR","1",10,0,0,0.000164946129524653,0.000164990909827646,1.67682702041792e-05,10.1659070464415
"TR","2",10,0,0,0.000183212791846239,0.000186055241300208,3.75126928621904e-05,20.4749310810529
