"Group","Timepoint","n_samples","n_zeros","zero_percent","mean_intensity","median_intensity","sd_intensity","cv_percent"
"TR","1",10,0,0,0.000582566383622606,0.000584123602225601,6.19818643449597e-05,10.6394508999188
"TR","2",10,0,0,0.000655176790141979,0.000638784939526741,6.77927929847488e-05,10.3472519180751
