"Group","Timepoint","n_samples","n_zeros","zero_percent","mean_intensity","median_intensity","sd_intensity","cv_percent"
"TR","1",10,0,0,0.000791307853002653,0.000759117774193957,0.000160692090457432,20.3071522477224
"TR","2",10,0,0,0.000791867533886826,0.000707770404476983,0.000228632377880863,28.8725535644374
