"Group","Timepoint","n_samples","n_zeros","zero_percent","mean_intensity","median_intensity","sd_intensity","cv_percent"
"TR","1",10,0,0,5.33861696698917e-05,3.05160413859857e-05,5.14952547052187e-05,96.4580433914526
"TR","2",10,0,0,0.0001931218231669,5.53031822869981e-05,0.000233719007169101,121.021541396239
