"Group","Timepoint","n_samples","n_zeros","zero_percent","mean_intensity","median_intensity","sd_intensity","cv_percent"
"TR","1",10,0,0,9.51516371395006e-05,9.54013741280035e-05,4.96296858849155e-06,5.21585202072289
"TR","2",10,0,0,0.000104538672102211,0.000107745851648456,5.53768405749334e-06,5.29725884797824
