"Group","Timepoint","n_samples","n_zeros","zero_percent","mean_intensity","median_intensity","sd_intensity","cv_percent"
"TR","1",10,0,0,0.000177888821971665,0.000186739137444982,5.31764912662549e-05,29.893104399064
"TR","2",10,0,0,0.000153416019205638,0.00018406437188396,6.02664699689777e-05,39.2830359443735
