"Group","Timepoint","n_samples","n_zeros","zero_percent","mean_intensity","median_intensity","sd_intensity","cv_percent"
"TR","1",10,0,0,0.000110342289716135,0.00010676860605704,7.64990114447109e-06,6.93288236464105
"TR","2",10,0,0,0.000116895835245524,0.000116051588442006,1.70904955577635e-05,14.6202775504082
