"Group","Timepoint","n_samples","n_zeros","zero_percent","mean_intensity","median_intensity","sd_intensity","cv_percent"
"TR","1",10,0,0,0.00548355727888546,0.00326608990902136,0.00785250139384677,143.200863864101
"TR","2",10,0,0,0.00349250260774638,0.00370529098821775,0.00136654824199025,39.1280521583361
