"Group","Timepoint","n_samples","n_zeros","zero_percent","mean_intensity","median_intensity","sd_intensity","cv_percent"
"TR","1",10,0,0,0.000156813660780382,0.000144761085592047,4.18357898586811e-05,26.6786641230654
"TR","2",10,0,0,0.000155910774557152,0.000153690367010245,5.98738761733864e-05,38.4026545589629
