"Group","Timepoint","n_samples","n_zeros","zero_percent","mean_intensity","median_intensity","sd_intensity","cv_percent"
"TR","1",10,0,0,0.00189941245281244,0.00189263451914208,0.000131819128333815,6.93999495152471
"TR","2",10,0,0,0.00206187852164483,0.00197836464009634,0.000240296527515675,11.654252420457
