"Group","Timepoint","n_samples","n_zeros","zero_percent","mean_intensity","median_intensity","sd_intensity","cv_percent"
"TR","1",10,0,0,0.00013400059898764,0.000138384614764299,1.31070295630809e-05,9.78132162251742
"TR","2",10,0,0,0.000118651860651882,0.000131514135739158,3.15125704887015e-05,26.5588506708359
