"Group","Timepoint","n_samples","n_zeros","zero_percent","mean_intensity","median_intensity","sd_intensity","cv_percent"
"TR","1",10,0,0,0.000241190684860181,0.000225677141758957,5.84795366339626e-05,24.2461837478771
"TR","2",10,0,0,0.000252459752670869,0.000256118945899372,4.50552451069331e-05,17.8465060788012
