"Group","Timepoint","n_samples","n_zeros","zero_percent","mean_intensity","median_intensity","sd_intensity","cv_percent"
"TR","1",10,0,0,0.000286677873350691,0.000294562849037933,2.48984167428174e-05,8.68515468313083
"TR","2",10,0,0,0.000220170196551934,0.000208265222100903,5.32124100025844e-05,24.1687616380142
