"Group","Timepoint","n_samples","n_zeros","zero_percent","mean_intensity","median_intensity","sd_intensity","cv_percent"
"TR","1",10,0,0,0.00309652082003292,0.0031363864846679,0.000188466608447329,6.08639887799383
"TR","2",10,0,0,0.00326370833894226,0.00335438849735484,0.000330562452312262,10.1284311581406
