"Group","Timepoint","n_samples","n_zeros","zero_percent","mean_intensity","median_intensity","sd_intensity","cv_percent"
"TR","1",10,0,0,0.00270539885681542,0.00271355498029111,0.000131165786529224,4.84829755134965
"TR","2",10,0,0,0.00268250170630965,0.00272773755343685,0.000146497253552663,5.46121753466474
