"Group","Timepoint","n_samples","n_zeros","zero_percent","mean_intensity","median_intensity","sd_intensity","cv_percent"
"TR","1",10,0,0,0.000275577266229032,0.000282464459555853,2.98435321618434e-05,10.829460851477
"TR","2",10,0,0,0.000290077939382804,0.000294421705465964,2.30273697413713e-05,7.93833884450723
