"Group","Timepoint","n_samples","n_zeros","zero_percent","mean_intensity","median_intensity","sd_intensity","cv_percent"
"TR","1",10,0,0,0.001052214084056,0.000892213500121207,0.000492824946557958,46.8369463995625
"TR","2",10,0,0,0.00113510393176377,0.0010390837668807,0.000569527872967961,50.1740727902341
