"Group","Timepoint","n_samples","n_zeros","zero_percent","mean_intensity","median_intensity","sd_intensity","cv_percent"
"TR","1",10,0,0,0.000809749984555915,0.00108487007082659,0.000487785361785106,60.2390084703267
"TR","2",10,0,0,0.000796136726374511,0.00075313375847397,0.00061968613341303,77.8366470084842
