"Group","Timepoint","n_samples","n_zeros","zero_percent","mean_intensity","median_intensity","sd_intensity","cv_percent"
"TR","1",10,0,0,0.000128805895809992,0.000130278763762115,1.52201259711628e-05,11.8163270985785
"TR","2",10,0,0,0.000127471782610352,0.000128322164736799,1.1821211155979e-05,9.27359052639386
