"Group","Timepoint","n_samples","n_zeros","zero_percent","mean_intensity","median_intensity","sd_intensity","cv_percent"
"TR","1",10,0,0,0.00411639347721726,0.00414473893434917,0.000174516133674155,4.23953965139724
"TR","2",10,0,0,0.00415726159394068,0.00410473727470053,0.000303840659389897,7.3086730898232
