"Group","Timepoint","n_samples","n_zeros","zero_percent","mean_intensity","median_intensity","sd_intensity","cv_percent"
"TR","1",10,0,0,0.00580317632822787,0.00516843617391505,0.0022084381378229,38.055678699277
"TR","2",10,0,0,0.00565751183957628,0.00488502386457336,0.00289845198313703,51.231920768797
