"Group","Timepoint","n_samples","n_zeros","zero_percent","mean_intensity","median_intensity","sd_intensity","cv_percent"
"TR","1",10,0,0,0.000726748474876015,0.00073213026165411,0.000269812341835887,37.1259591403914
"TR","2",10,0,0,0.000494899416269316,0.000470694997275122,0.000191066118115577,38.6070607146567
