"Group","Timepoint","n_samples","n_zeros","zero_percent","mean_intensity","median_intensity","sd_intensity","cv_percent"
"TR","1",10,0,0,0.0136336643259325,0.0136882004390237,0.000860738859043253,6.31333468733016
"TR","2",10,0,0,0.0131890457985291,0.0134705633181928,0.00108550961245539,8.23038777055763
