"Group","Timepoint","n_samples","n_zeros","zero_percent","mean_intensity","median_intensity","sd_intensity","cv_percent"
"TR","1",10,0,0,0.000132004919473744,0.000136567490831373,2.02829020668899e-05,15.3652622551875
"TR","2",10,0,0,0.000122999861130028,0.000123492462011357,1.74458553903706e-05,14.1836382822644
