"Group","Timepoint","n_samples","n_zeros","zero_percent","mean_intensity","median_intensity","sd_intensity","cv_percent"
"TR","1",10,0,0,0.00112575693287734,0.00113150139020154,4.13720804470174e-05,3.6750455838876
"TR","2",10,0,0,0.00115413644835268,0.00116183384404273,3.47740569649537e-05,3.0129935688789
