"Group","Timepoint","n_samples","n_zeros","zero_percent","mean_intensity","median_intensity","sd_intensity","cv_percent"
"TR","1",10,0,0,0.00024369098547177,0.000246852673445476,5.54075017536305e-05,22.7367875944878
"TR","2",10,0,0,0.000254883841062459,0.000271362992043897,6.02232586294195e-05,23.627727194625
