"Group","Timepoint","n_samples","n_zeros","zero_percent","mean_intensity","median_intensity","sd_intensity","cv_percent"
"TR","1",10,0,0,0.0477892638913975,0.0477958396561342,0.001865166735704,3.90289906942833
"TR","2",10,0,0,0.0475217913102309,0.0478913661209806,0.00242130123010538,5.09513880547701
