"Group","Timepoint","n_samples","n_zeros","zero_percent","mean_intensity","median_intensity","sd_intensity","cv_percent"
"TR","1",10,0,0,5.12941747617829e-05,5.09104752967476e-05,3.45330321628761e-06,6.73234969141274
"TR","2",10,0,0,5.68830680192118e-05,5.33934707402696e-05,8.83175187784807e-06,15.5261524833105
