"Group","Timepoint","n_samples","n_zeros","zero_percent","mean_intensity","median_intensity","sd_intensity","cv_percent"
"TR","1",10,0,0,0.00835777822153099,0.0054425694221245,0.00777487085701747,93.0255703242777
"TR","2",10,0,0,0.0060675552640223,0.00653343548694452,0.00272946797518643,44.9846413657057
