"Group","Timepoint","n_samples","n_zeros","zero_percent","mean_intensity","median_intensity","sd_intensity","cv_percent"
"TR","1",10,0,0,8.83705590234956e-05,9.03345688479267e-05,1.58414181865734e-05,17.9261264855884
"TR","2",10,0,0,9.02202932772135e-05,9.23061083929446e-05,7.99177680874198e-06,8.85807008428383
