"Group","Timepoint","n_samples","n_zeros","zero_percent","mean_intensity","median_intensity","sd_intensity","cv_percent"
"TR","1",10,0,0,0.000248895412529507,0.00022756701663006,0.000152210236237048,61.1542955694306
"TR","2",10,0,0,0.000138299758186427,0.000125606575668835,8.55642672993138e-05,61.8687034752252
