"Group","Timepoint","n_samples","n_zeros","zero_percent","mean_intensity","median_intensity","sd_intensity","cv_percent"
"TR","1",10,0,0,0.000108093062858224,0.000117390487922021,3.37843151627298e-05,31.2548412168149
"TR","2",10,0,0,0.000112688149922869,0.000110010393213921,9.12319545381361e-06,8.09596702054131
