"Group","Timepoint","n_samples","n_zeros","zero_percent","mean_intensity","median_intensity","sd_intensity","cv_percent"
"TR","1",10,0,0,0.000306486097817004,0.000303860880082289,0.000123239415499631,40.2104422932797
"TR","2",10,0,0,0.000339805638325091,0.00038737390927823,0.000150235234183711,44.2121075224719
