"Group","Timepoint","n_samples","n_zeros","zero_percent","mean_intensity","median_intensity","sd_intensity","cv_percent"
"TR","1",10,0,0,0.000113576710033468,0.000112818369671565,1.41929177332195e-05,12.4963275737052
"TR","2",10,0,0,0.000111147720992435,0.000111531229519472,8.96726241152461e-06,8.06787789390204
