"Group","Timepoint","n_samples","n_zeros","zero_percent","mean_intensity","median_intensity","sd_intensity","cv_percent"
"TR","1",10,0,0,0.00100722320342203,0.00103270579648865,0.000215085333745007,21.3542870154556
"TR","2",10,0,0,0.000950495035466223,0.000923969513147102,0.000157422447281532,16.5621535523661
