"Group","Timepoint","n_samples","n_zeros","zero_percent","mean_intensity","median_intensity","sd_intensity","cv_percent"
"TR","1",10,0,0,0.0121164426664774,0.0121407784799843,0.000310357330612101,2.56145585924132
"TR","2",10,0,0,0.0120863293601365,0.0120544137335255,0.000338306188190799,2.79908132659871
