"Group","Timepoint","n_samples","n_zeros","zero_percent","mean_intensity","median_intensity","sd_intensity","cv_percent"
"TR","1",10,0,0,0.000122808290804035,0.000145662525180192,7.64837376505968e-05,62.2789692372171
"TR","2",10,0,0,0.000115236732934012,0.000138760342852404,6.51311540261211e-05,56.519438175514
