"Group","Timepoint","n_samples","n_zeros","zero_percent","mean_intensity","median_intensity","sd_intensity","cv_percent"
"TR","1",10,0,0,0.00153230522352194,0.00146388804769577,0.000169011538990002,11.0298872832618
"TR","2",10,0,0,0.00144399343598571,0.00145070623792121,0.000134305888462753,9.3010040846254
