"Group","Timepoint","n_samples","n_zeros","zero_percent","mean_intensity","median_intensity","sd_intensity","cv_percent"
"TR","1",10,0,0,2.73685772456894e-05,2.47006704344244e-05,1.00677521055002e-05,36.785807369968
"TR","2",10,0,0,4.50387583057819e-05,1.77757887212053e-05,6.48894429491625e-05,144.074671216751
