"Group","Timepoint","n_samples","n_zeros","zero_percent","mean_intensity","median_intensity","sd_intensity","cv_percent"
"TR","1",10,0,0,0.000196428478163144,0.000169699508258207,6.67828242074024e-05,33.9985448301115
"TR","2",10,0,0,0.000194096256575138,0.000202356414427991,7.58141981264005e-05,39.0601032004198
