"Group","Timepoint","n_samples","n_zeros","zero_percent","mean_intensity","median_intensity","sd_intensity","cv_percent"
"TR","1",10,0,0,0.000176154404283916,0.000151137079479363,6.05191707900848e-05,34.3557522936203
"TR","2",10,0,0,0.000146849124086978,0.000132456557808303,3.59362278980004e-05,24.471530301206
