"Group","Timepoint","n_samples","n_zeros","zero_percent","mean_intensity","median_intensity","sd_intensity","cv_percent"
"TR","1",10,0,0,0.000378207145377343,0.000375380683756344,7.91860201880163e-05,20.9372089226425
"TR","2",10,0,0,0.000347221990614372,0.00035792331617721,5.31177380055582e-05,15.2979187497808
