"Group","Timepoint","n_samples","n_zeros","zero_percent","mean_intensity","median_intensity","sd_intensity","cv_percent"
"TR","1",10,0,0,0.000807020241160414,0.00081046629940251,5.39465683613843e-05,6.68466112867436
"TR","2",10,0,0,0.000812008809558861,0.000823364403650211,9.12035418823441e-05,11.2318414293919
