"Group","Timepoint","n_samples","n_zeros","zero_percent","mean_intensity","median_intensity","sd_intensity","cv_percent"
"TR","1",10,0,0,0.000255186793833949,0.00024021815673242,3.62224285363505e-05,14.1944761294821
"TR","2",10,0,0,0.000259620362574394,0.000244630860186789,3.95559351185205e-05,15.2360680519371
