"Group","Timepoint","n_samples","n_zeros","zero_percent","mean_intensity","median_intensity","sd_intensity","cv_percent"
"TR","1",10,0,0,0.000106069924014066,0.000101640762002037,1.74543409787367e-05,16.4555043674981
"TR","2",10,0,0,0.0001145188607795,0.000114117972658323,1.88673775450376e-05,16.4753451236
