"Group","Timepoint","n_samples","n_zeros","zero_percent","mean_intensity","median_intensity","sd_intensity","cv_percent"
"TR","1",10,0,0,0.000651643056650499,0.000626231157032135,0.00025385084705535,38.955505543198
"TR","2",10,0,0,0.0010332969160701,0.00100864767330319,0.000530972867048451,51.3862819863899
