"Group","Timepoint","n_samples","n_zeros","zero_percent","mean_intensity","median_intensity","sd_intensity","cv_percent"
"TR","1",10,0,0,0.00126297785517946,0.00102964499855686,0.000495627844546918,39.2427976875724
"TR","2",10,0,0,0.00116548403598827,0.00109611957653272,0.000235594401942338,20.2142967786398
