"Group","Timepoint","n_samples","n_zeros","zero_percent","mean_intensity","median_intensity","sd_intensity","cv_percent"
"TR","1",10,0,0,0.00240574567797759,0.0024055514227842,0.000101637895445022,4.22479800651519
"TR","2",10,0,0,0.00235647681205832,0.00235056000188674,0.000144074588740718,6.11398287492047
