"Group","Timepoint","n_samples","n_zeros","zero_percent","mean_intensity","median_intensity","sd_intensity","cv_percent"
"TR","1",10,0,0,0.0012642110338742,0.00126909876057389,0.000107754950417724,8.52349390493036
"TR","2",10,0,0,0.00130373432052229,0.00131035612536117,0.000124349720645123,9.53796480523019
