"Group","Timepoint","n_samples","n_zeros","zero_percent","mean_intensity","median_intensity","sd_intensity","cv_percent"
"TR","1",10,0,0,0.000168498015698594,9.38612685087998e-05,0.000207417986361324,123.098177448184
"TR","2",10,0,0,0.000419017144992031,0.000460743853491398,0.000220122708110362,52.533102938914
