"Group","Timepoint","n_samples","n_zeros","zero_percent","mean_intensity","median_intensity","sd_intensity","cv_percent"
"TR","1",10,0,0,0.00037924377067223,0.000411147201953133,0.000145015028577452,38.2379460895045
"TR","2",10,0,0,0.000421631157874909,0.000364343360077257,0.000225494979840426,53.4815740318998
