"Group","Timepoint","n_samples","n_zeros","zero_percent","mean_intensity","median_intensity","sd_intensity","cv_percent"
"TR","1",10,0,0,0.00285310973627474,0.00282731988769337,0.000132849348092156,4.65629998044222
"TR","2",10,0,0,0.0029240188535946,0.00290035981339037,0.000134417797729962,4.59702226491178
