"Group","Timepoint","n_samples","n_zeros","zero_percent","mean_intensity","median_intensity","sd_intensity","cv_percent"
"TR","1",10,0,0,0.00115450733487161,0.00119904604233048,0.000219428830847607,19.0062742972533
"TR","2",10,0,0,0.00117342157503249,0.0011296939292282,0.00019795042957935,16.8695065602377
