"Group","Timepoint","n_samples","n_zeros","zero_percent","mean_intensity","median_intensity","sd_intensity","cv_percent"
"TR","1",10,0,0,0.000110048796748692,0.000116218185889797,3.3007195932348e-05,29.9932365528025
"TR","2",10,0,0,0.000111604103435165,0.000114735376292828,1.62507113842881e-05,14.5610339441764
