"Group","Timepoint","n_samples","n_zeros","zero_percent","mean_intensity","median_intensity","sd_intensity","cv_percent"
"TR","1",10,0,0,0.000174214027349457,0.000149504970539275,0.000129242582302589,74.1860941216526
"TR","2",10,0,0,0.000262514456103212,0.000259828044581131,0.000172578341977065,65.7405098899443
