"Group","Timepoint","n_samples","n_zeros","zero_percent","mean_intensity","median_intensity","sd_intensity","cv_percent"
"TR","1",10,0,0,0.000855002304735149,0.00070258724103578,0.000634963563172847,74.264544043485
"TR","2",10,0,0,0.00131717895700514,0.00134376819255903,0.000629251702443106,47.772681084568
