"Group","Timepoint","n_samples","n_zeros","zero_percent","mean_intensity","median_intensity","sd_intensity","cv_percent"
"TR","1",10,0,0,5.46788641994114e-07,6.19755212043493e-07,3.10278035657794e-07,56.7455158772543
"TR","2",10,0,0,4.67323572417139e-07,4.71863607019666e-07,3.27558627981231e-07,70.0924685410152
