"Group","Timepoint","n_samples","n_zeros","zero_percent","mean_intensity","median_intensity","sd_intensity","cv_percent"
"TR","1",10,0,0,0.000750365506009774,0.000730280401435063,0.000112600990542037,15.0061522871456
"TR","2",10,0,0,0.000758182359848028,0.00077890131450132,5.28472044702971e-05,6.97024980650961
