"Group","Timepoint","n_samples","n_zeros","zero_percent","mean_intensity","median_intensity","sd_intensity","cv_percent"
"TR","1",10,0,0,0.000497274594828277,0.000500293019661076,4.0664412761774e-05,8.17745631582418
"TR","2",10,0,0,0.000523069305586757,0.00052828087851533,5.48584925297411e-05,10.4878057159564
