"Group","Timepoint","n_samples","n_zeros","zero_percent","mean_intensity","median_intensity","sd_intensity","cv_percent"
"TR","1",10,0,0,0.00123662104530156,0.00122799367445851,5.03663033094742e-05,4.07289714992616
"TR","2",10,0,0,0.00128500025136282,0.00127049612196756,5.15413093262824e-05,4.01099605012681
