"Group","Timepoint","n_samples","n_zeros","zero_percent","mean_intensity","median_intensity","sd_intensity","cv_percent"
"TR","1",10,0,0,4.28747691516237e-05,3.51962856600738e-05,2.98912901724498e-05,69.7176702380397
"TR","2",10,0,0,6.70925374079174e-05,1.80549436204544e-05,0.000119083886428732,177.491999899648
