"Group","Timepoint","n_samples","n_zeros","zero_percent","mean_intensity","median_intensity","sd_intensity","cv_percent"
"TR","1",10,0,0,0.000418332954784253,0.000414037586864198,3.71617677624246e-05,8.88329913706897
"TR","2",10,0,0,0.000413179052146694,0.000417142112278798,2.42330492997143e-05,5.86502369222501
