"Group","Timepoint","n_samples","n_zeros","zero_percent","mean_intensity","median_intensity","sd_intensity","cv_percent"
"TR","1",10,0,0,0.000711085378344345,0.00064473378392251,0.000372855759465284,52.4347386151325
"TR","2",10,0,0,0.000643463845765981,0.000525129517353091,0.000382700423239664,59.4750467734666
