"Group","Timepoint","n_samples","n_zeros","zero_percent","mean_intensity","median_intensity","sd_intensity","cv_percent"
"TR","1",10,0,0,0.000156176497536334,0.000153234354268557,1.43937048829911e-05,9.21630662106664
"TR","2",10,0,0,0.000149319732289911,0.000150763824653697,2.11206140675186e-05,14.1445566125929
