"Group","Timepoint","n_samples","n_zeros","zero_percent","mean_intensity","median_intensity","sd_intensity","cv_percent"
"TR","1",10,0,0,0.000129942373568641,0.0001278735919732,5.67178758699405e-05,43.6484837949954
"TR","2",10,0,0,0.000142107915212781,0.000151120373014179,4.54908109032252e-05,32.011454699839
