"Group","Timepoint","n_samples","n_zeros","zero_percent","mean_intensity","median_intensity","sd_intensity","cv_percent"
"TR","1",10,0,0,0.000111620546556776,0.000123176941583956,3.27050616590417e-05,29.3002163740581
"TR","2",10,0,0,0.000124927575206974,0.000124546249301281,6.81024196950453e-06,5.45135207997246
