"Group","Timepoint","n_samples","n_zeros","zero_percent","mean_intensity","median_intensity","sd_intensity","cv_percent"
"TR","1",10,0,0,0.000194898636812875,0.000199173020985725,1.59465238766475e-05,8.18195762546969
"TR","2",10,0,0,0.000198291984300095,0.000203710055753777,1.76744553250719e-05,8.91334835720004
