"Group","Timepoint","n_samples","n_zeros","zero_percent","mean_intensity","median_intensity","sd_intensity","cv_percent"
"TR","1",10,0,0,0.000176353077792218,0.000172126101087675,1.74190483914495e-05,9.8773713561001
"TR","2",10,0,0,0.000188814064103576,0.000183413373787883,1.75153110723857e-05,9.27648645006519
