"Group","Timepoint","n_samples","n_zeros","zero_percent","mean_intensity","median_intensity","sd_intensity","cv_percent"
"TR","1",10,0,0,2.07081095434404e-06,7.71374298714249e-07,4.14999215465283e-06,200.404201356343
"TR","2",10,0,0,2.43036252392085e-06,1.13062467343483e-06,3.04652834156246e-06,125.352835701547
