"Group","Timepoint","n_samples","n_zeros","zero_percent","mean_intensity","median_intensity","sd_intensity","cv_percent"
"TR","1",10,0,0,0.000530777409001722,0.000496448778508096,0.000251625274660339,47.4069299847543
"TR","2",10,0,0,0.000514672545405827,0.000448955366451846,0.000231031292369988,44.8889870719287
