"Group","Timepoint","n_samples","n_zeros","zero_percent","mean_intensity","median_intensity","sd_intensity","cv_percent"
"TR","1",10,0,0,1.97281640007544e-05,2.00806235775186e-05,2.99141717072572e-06,15.1631807734938
"TR","2",10,0,0,2.17303260419956e-05,2.2645180111638e-05,4.79977254613811e-06,22.0878993571572
