"Group","Timepoint","n_samples","n_zeros","zero_percent","mean_intensity","median_intensity","sd_intensity","cv_percent"
"TR","1",10,0,0,0.00250942172177129,0.00195827602655313,0.00157647485325336,62.8222366761295
"TR","2",10,0,0,0.00139749537511766,0.000964534011752937,0.00106170219338462,75.9717858311505
