"Group","Timepoint","n_samples","n_zeros","zero_percent","mean_intensity","median_intensity","sd_intensity","cv_percent"
"TR","1",10,0,0,0.000108799181522505,0.000110872861597735,8.89021902396511e-06,8.17121866135197
"TR","2",10,0,0,0.000111014261014125,0.000110669948208693,8.64730375544806e-06,7.7893629849482
