"Group","Timepoint","n_samples","n_zeros","zero_percent","mean_intensity","median_intensity","sd_intensity","cv_percent"
"TR","1",10,0,0,0.00395017380924739,0.00398771652831217,0.00018197044448954,4.60664399281736
"TR","2",10,0,0,0.00401174608449697,0.00408052332659178,0.000417284870474017,10.4015773103531
