"Group","Timepoint","n_samples","n_zeros","zero_percent","mean_intensity","median_intensity","sd_intensity","cv_percent"
"TR","1",10,0,0,0.000193530412521691,0.00020281704644513,8.09285135711406e-05,41.8169488281695
"TR","2",10,0,0,0.000256212946113494,0.00027115953484381,0.000114828880586066,44.8177511433012
