"Group","Timepoint","n_samples","n_zeros","zero_percent","mean_intensity","median_intensity","sd_intensity","cv_percent"
"TR","1",10,0,0,2.12284960108421e-05,1.69948361963691e-05,1.43839612438815e-05,67.7577970504136
"TR","2",10,0,0,2.10994973937949e-05,1.8606206541525e-05,9.00670953624768e-06,42.6868439951391
