"Group","Timepoint","n_samples","n_zeros","zero_percent","mean_intensity","median_intensity","sd_intensity","cv_percent"
"TR","1",10,0,0,0.00377526462931217,0.00384770976087264,0.000557731876830745,14.773318736397
"TR","2",10,0,0,0.00392436929083493,0.00385209006913814,0.000570447723785283,14.5360357680283
