"Group","Timepoint","n_samples","n_zeros","zero_percent","mean_intensity","median_intensity","sd_intensity","cv_percent"
"TR","1",10,0,0,0.00206987907835667,0.00207004776283079,0.000183749054072584,8.8772844749205
"TR","2",10,0,0,0.00198448131588693,0.00203258446106635,0.000155878182927334,7.85485767386361
