"Group","Timepoint","n_samples","n_zeros","zero_percent","mean_intensity","median_intensity","sd_intensity","cv_percent"
"TR","1",10,0,0,0.000177741338581912,0.000156084608399947,8.35564358156957e-05,47.0101308352579
"TR","2",10,0,0,0.000134528660257616,0.000131469790820877,3.25169315990134e-05,24.1710067852791
