"Group","Timepoint","n_samples","n_zeros","zero_percent","mean_intensity","median_intensity","sd_intensity","cv_percent"
"TR","1",10,0,0,0.000651295866020553,0.000514407828097116,0.000515294895479006,79.1184041482531
"TR","2",10,0,0,0.000426529428820553,0.000446304387564299,0.000144582776515376,33.8974914146437
