"Group","Timepoint","n_samples","n_zeros","zero_percent","mean_intensity","median_intensity","sd_intensity","cv_percent"
"TR","1",10,0,0,0.000162723844613809,0.000163044718874366,1.11161658028193e-05,6.83130725506226
"TR","2",10,0,0,0.000171705307275075,0.000172253562677618,1.21083538021726e-05,7.05182268057376
