"Group","Timepoint","n_samples","n_zeros","zero_percent","mean_intensity","median_intensity","sd_intensity","cv_percent"
"TR","1",10,0,0,2.71724926478245e-05,1.78555101763942e-05,2.41032863381074e-05,88.7047303701715
"TR","2",10,0,0,1.50877584623769e-05,1.39603684615055e-05,6.96549462884715e-06,46.1665306096756
