"Group","Timepoint","n_samples","n_zeros","zero_percent","mean_intensity","median_intensity","sd_intensity","cv_percent"
"TR","1",10,0,0,0.000612250737429336,0.000611605090929456,8.1953693268082e-05,13.3856422308582
"TR","2",10,0,0,0.000657768181037536,0.000630455956182867,0.000119736391724346,18.2034332423132
