"Group","Timepoint","n_samples","n_zeros","zero_percent","mean_intensity","median_intensity","sd_intensity","cv_percent"
"TR","1",10,0,0,0.000202760960002092,0.000185064818347656,0.000115311228177949,56.8705278258495
"TR","2",10,0,0,0.000227406253532541,0.000223616067715922,0.000110192310105908,48.4561477066594
