"Group","Timepoint","n_samples","n_zeros","zero_percent","mean_intensity","median_intensity","sd_intensity","cv_percent"
"TR","1",10,0,0,0.000229009807926137,0.000228737379812399,2.24765642492965e-05,9.81467320235731
"TR","2",10,0,0,0.000239590798485784,0.000235155625446117,4.63273116985902e-05,19.336014567913
