"Group","Timepoint","n_samples","n_zeros","zero_percent","mean_intensity","median_intensity","sd_intensity","cv_percent"
"TR","1",10,0,0,0.000342009531430214,0.000343874043867565,1.45636535017314e-05,4.25825954055407
"TR","2",10,0,0,0.000350225620423926,0.000355021375841143,1.53125251029095e-05,4.37218872918967
