"Group","Timepoint","n_samples","n_zeros","zero_percent","mean_intensity","median_intensity","sd_intensity","cv_percent"
"TR","1",10,0,0,8.06137737129697e-05,8.37343128282273e-05,6.98526502878659e-06,8.66510114469775
"TR","2",10,0,0,7.66016063314174e-05,8.13804946212214e-05,1.23088534458881e-05,16.0686623105967
