"Group","Timepoint","n_samples","n_zeros","zero_percent","mean_intensity","median_intensity","sd_intensity","cv_percent"
"TR","1",10,0,0,0.000106346294314335,0.000107009157263361,1.02735973964521e-05,9.66051282058377
"TR","2",10,0,0,9.9806082868544e-05,0.000101047526300339,1.87817563042513e-05,18.8182481111788
