"Group","Timepoint","n_samples","n_zeros","zero_percent","mean_intensity","median_intensity","sd_intensity","cv_percent"
"TR","1",10,0,0,0.000158360142471349,0.000159035591951961,1.16389523807005e-05,7.34967284006221
"TR","2",10,0,0,0.000162663435838596,0.000165446721870291,1.24249670102204e-05,7.63845110375581
