"Group","Timepoint","n_samples","n_zeros","zero_percent","mean_intensity","median_intensity","sd_intensity","cv_percent"
"TR","1",10,0,0,0.000272198370608683,0.000272212488524215,2.64943703798387e-05,9.73347868342956
"TR","2",10,0,0,0.00026867721963825,0.00026495971662716,1.9714183175501e-05,7.33749709113576
