"Group","Timepoint","n_samples","n_zeros","zero_percent","mean_intensity","median_intensity","sd_intensity","cv_percent"
"TR","1",10,0,0,0.00100007553216231,0.000987163124288959,6.97166243175285e-05,6.9711358867856
"TR","2",10,0,0,0.0010292023651004,0.0010238062822666,0.000121756719813412,11.830202100394
