"Group","Timepoint","n_samples","n_zeros","zero_percent","mean_intensity","median_intensity","sd_intensity","cv_percent"
"TR","1",10,0,0,0.000255067735804275,0.000200247504144766,0.000201284781712814,78.9142464757945
"TR","2",10,0,0,0.000185893626503174,0.000171761767305585,5.42706460013933e-05,29.194462996001
