"Group","Timepoint","n_samples","n_zeros","zero_percent","mean_intensity","median_intensity","sd_intensity","cv_percent"
"TR","1",10,0,0,0.000990742128267307,0.00100655382832403,3.85936924536582e-05,3.89543266128736
"TR","2",10,0,0,0.000973101733077287,0.000983716649480017,5.14903624192367e-05,5.29136478427658
