"Group","Timepoint","n_samples","n_zeros","zero_percent","mean_intensity","median_intensity","sd_intensity","cv_percent"
"TR","1",10,0,0,0.000606999176929588,0.000599446875675505,3.90506847556066e-05,6.43339995173279
"TR","2",10,0,0,0.000589787220245392,0.000604417301847427,3.79665178134269e-05,6.43732459947678
