"Group","Timepoint","n_samples","n_zeros","zero_percent","mean_intensity","median_intensity","sd_intensity","cv_percent"
"TR","1",10,0,0,2.90847970356802e-05,2.46465466809967e-05,1.82081779752233e-05,62.6037649597009
"TR","2",10,0,0,4.91921048058776e-05,4.18650359157096e-05,3.13487337726625e-05,63.7271649513092
