"Group","Timepoint","n_samples","n_zeros","zero_percent","mean_intensity","median_intensity","sd_intensity","cv_percent"
"TR","1",10,0,0,0.000266842471741805,0.000276167519027428,0.00018065095900181,67.6994774567247
"TR","2",10,0,0,0.00034364906343998,0.000318290833509214,0.000200368489009123,58.3061356266777
