"Group","Timepoint","n_samples","n_zeros","zero_percent","mean_intensity","median_intensity","sd_intensity","cv_percent"
"TR","1",10,0,0,0.00184383758887974,0.00206793086056319,0.000734647960103869,39.8434202955055
"TR","2",10,0,0,0.00106423529952307,0.00115581716845218,0.000789622074871746,74.1961928180367
