"Group","Timepoint","n_samples","n_zeros","zero_percent","mean_intensity","median_intensity","sd_intensity","cv_percent"
"TR","1",10,0,0,0.000330262125627383,0.000292169167867568,7.67514031626005e-05,23.2395413239709
"TR","2",10,0,0,0.000348655903589814,0.000333841237447391,8.6493196248191e-05,24.8076098404312
