"Group","Timepoint","n_samples","n_zeros","zero_percent","mean_intensity","median_intensity","sd_intensity","cv_percent"
"TR","1",10,0,0,0.000197088330570377,0.000187043254275573,2.46863545865539e-05,12.5255282822231
"TR","2",10,0,0,0.000219944169749706,0.000209929683113301,2.61686636303252e-05,11.8978664722528
