"Group","Timepoint","n_samples","n_zeros","zero_percent","mean_intensity","median_intensity","sd_intensity","cv_percent"
"TR","1",10,0,0,0.0110202535611791,0.0107925503058462,0.00655954787903643,59.5226583727952
"TR","2",10,0,0,0.00650442864690568,0.00508432380229323,0.0060751198012627,93.3997454819153
