"Group","Timepoint","n_samples","n_zeros","zero_percent","mean_intensity","median_intensity","sd_intensity","cv_percent"
"TR","1",10,0,0,0.00014348745913607,0.000127064186801873,5.03543148492886e-05,35.0931817682667
"TR","2",10,0,0,0.000152540826824182,0.000157314987520873,4.05441229262807e-05,26.5791944165949
