"Group","Timepoint","n_samples","n_zeros","zero_percent","mean_intensity","median_intensity","sd_intensity","cv_percent"
"TR","1",10,0,0,0.000325863407659751,0.000333983017473525,6.0497679232657e-05,18.5653491035193
"TR","2",10,0,0,0.000398921150335566,0.000396570828859503,7.83772871984575e-05,19.6473130423212
