"Group","Timepoint","n_samples","n_zeros","zero_percent","mean_intensity","median_intensity","sd_intensity","cv_percent"
"TR","1",10,0,0,0.000124886620170915,0.000126551072479152,1.82337911547697e-05,14.6002759381394
"TR","2",10,0,0,0.000129164121220752,0.00012908629524585,1.45566919783436e-05,11.2699191081593
