"Group","Timepoint","n_samples","n_zeros","zero_percent","mean_intensity","median_intensity","sd_intensity","cv_percent"
"TR","1",10,0,0,0.000310008261472142,0.00031013164886744,1.98191281767551e-05,6.39309677833734
"TR","2",10,0,0,0.000282788362417618,0.000284037202559998,3.99301291212835e-05,14.120145815023
