"Group","Timepoint","n_samples","n_zeros","zero_percent","mean_intensity","median_intensity","sd_intensity","cv_percent"
"TR","1",10,0,0,0.000495398539515854,0.000487490047265194,7.36239343533746e-05,14.8615566015447
"TR","2",10,0,0,0.000533869884816168,0.000531811408751588,4.43631060316801e-05,8.30972251730513
