"Group","Timepoint","n_samples","n_zeros","zero_percent","mean_intensity","median_intensity","sd_intensity","cv_percent"
"TR","1",10,0,0,0.00046875584053851,0.00032293697572386,0.0003420448934046,72.9686680835072
"TR","2",10,0,0,0.000320185582464363,0.00024613140051305,0.000172484192641191,53.8700685126534
