"Group","Timepoint","n_samples","n_zeros","zero_percent","mean_intensity","median_intensity","sd_intensity","cv_percent"
"TR","1",10,0,0,0.00100530617351898,0.00108706287914105,0.000331131795458512,32.9384026658681
"TR","2",10,0,0,0.00108009736691052,0.0011121372803037,0.000208415499191554,19.2959917852313
