"Group","Timepoint","n_samples","n_zeros","zero_percent","mean_intensity","median_intensity","sd_intensity","cv_percent"
"TR","1",10,0,0,0.000156423385304839,0.000172599040567986,8.78328969063952e-05,56.1507454497459
"TR","2",10,0,0,0.000241892229602639,0.00015951716773364,0.000227307541116426,93.9705841274142
