"Group","Timepoint","n_samples","n_zeros","zero_percent","mean_intensity","median_intensity","sd_intensity","cv_percent"
"TR","1",10,0,0,0.000135945661364946,0.000117889584973267,6.05868642220582e-05,44.5669715485903
"TR","2",10,0,0,0.000141066804831025,0.000154589543698091,6.60515184709089e-05,46.8228642096401
