"Group","Timepoint","n_samples","n_zeros","zero_percent","mean_intensity","median_intensity","sd_intensity","cv_percent"
"TR","1",10,0,0,0.000106732527565801,9.37259435550828e-05,4.76108271449049e-05,44.6076076625774
"TR","2",10,0,0,0.000131055086365525,0.000120951373753395,2.62636837470436e-05,20.0401865165246
