"Group","Timepoint","n_samples","n_zeros","zero_percent","mean_intensity","median_intensity","sd_intensity","cv_percent"
"TR","1",10,0,0,0.000343135435073839,0.000291769461630192,0.000159564635367311,46.501940358615
"TR","2",10,0,0,0.000290679424155884,0.000252847840550572,0.000107179283539106,36.8719883942072
