"Group","Timepoint","n_samples","n_zeros","zero_percent","mean_intensity","median_intensity","sd_intensity","cv_percent"
"TR","1",10,0,0,0.000470130250714027,0.000404164897943614,0.000198708763069727,42.2667468787492
"TR","2",10,0,0,0.000460801054956452,0.000409359795260363,0.000158636017557275,34.4261402726751
