"Group","Timepoint","n_samples","n_zeros","zero_percent","mean_intensity","median_intensity","sd_intensity","cv_percent"
"TR","1",10,0,0,0.000230926811346588,0.00024320955474298,5.81326070292684e-05,25.1736066030114
"TR","2",10,0,0,0.000216443734686219,0.00022926380318162,4.89897289218983e-05,22.6339325519952
