"Group","Timepoint","n_samples","n_zeros","zero_percent","mean_intensity","median_intensity","sd_intensity","cv_percent"
"TR","1",10,0,0,0.00294430447053402,0.00292983511489897,0.000132150253376012,4.48833518063583
"TR","2",10,0,0,0.00295480079716669,0.00297218888329156,0.000181439745103759,6.14050684153525
