"Group","Timepoint","n_samples","n_zeros","zero_percent","mean_intensity","median_intensity","sd_intensity","cv_percent"
"TR","1",10,0,0,0.000257975175127838,0.000256695842823222,2.54883760219504e-05,9.8801661862696
"TR","2",10,0,0,0.00027289557123987,0.000276522230680838,1.97043714269983e-05,7.22048047078001
