"Group","Timepoint","n_samples","n_zeros","zero_percent","mean_intensity","median_intensity","sd_intensity","cv_percent"
"TR","1",10,0,0,0.000496400547126346,0.000496492883888307,3.5571477404151e-05,7.16588198987162
"TR","2",10,0,0,0.000490613614326659,0.000510001392628418,5.68194910014773e-05,11.581311513228
