"Group","Timepoint","n_samples","n_zeros","zero_percent","mean_intensity","median_intensity","sd_intensity","cv_percent"
"TR","1",10,0,0,0.000172835879089561,0.000169932149506704,1.16548450934578e-05,6.74330188549472
"TR","2",10,0,0,0.000175360110562711,0.000176872079131168,5.57211103511743e-06,3.17752481863587
