"Group","Timepoint","n_samples","n_zeros","zero_percent","mean_intensity","median_intensity","sd_intensity","cv_percent"
"TR","1",10,0,0,5.39794538213279e-07,4.1518264342634e-07,5.15931431444778e-07,95.5792241159964
"TR","2",10,0,0,1.03904703007474e-06,8.61943266444874e-07,1.28598994496296e-06,123.766288506735
