"Group","Timepoint","n_samples","n_zeros","zero_percent","mean_intensity","median_intensity","sd_intensity","cv_percent"
"TR","1",10,0,0,0.000196811975486681,0.000186673232044569,3.95737855114748e-05,20.1074072924759
"TR","2",10,0,0,0.000205767696446756,0.000204474253186998,2.92981067745427e-05,14.238438433471
