"Group","Timepoint","n_samples","n_zeros","zero_percent","mean_intensity","median_intensity","sd_intensity","cv_percent"
"TR","1",10,0,0,0.000126655083026393,0.000126380553912912,2.7772537746091e-05,21.9276929772362
"TR","2",10,0,0,0.000136319156994195,0.000138309858158351,1.8987170770993e-05,13.9284684483499
