"Group","Timepoint","n_samples","n_zeros","zero_percent","mean_intensity","median_intensity","sd_intensity","cv_percent"
"TR","1",10,0,0,0.00109503211776451,0.00107826228026357,0.000108629414502659,9.92020350274516
"TR","2",10,0,0,0.00114954219599157,0.00112476013036321,0.000112256641389251,9.76533456368003
