"Group","Timepoint","n_samples","n_zeros","zero_percent","mean_intensity","median_intensity","sd_intensity","cv_percent"
"TR","1",10,0,0,0.000850611218993975,0.000868179038601503,8.03909562307549e-05,9.45096354664049
"TR","2",10,0,0,0.000878769440224733,0.000891141976194906,0.000115081888971784,13.0958000704205
