"Group","Timepoint","n_samples","n_zeros","zero_percent","mean_intensity","median_intensity","sd_intensity","cv_percent"
"TR","1",10,0,0,0.00139647979476648,0.00140614676965344,6.28885807621173e-05,4.50336488918792
"TR","2",10,0,0,0.0014617982004017,0.00144197271479602,0.000129442020520304,8.85498562556262
