"Group","Timepoint","n_samples","n_zeros","zero_percent","mean_intensity","median_intensity","sd_intensity","cv_percent"
"TR","1",10,0,0,0.000517317744394017,0.000518541330055669,4.32299520969189e-05,8.35655698366933
"TR","2",10,0,0,0.000507672634520058,0.000500267351501026,6.88208861804112e-05,13.5561543996699
