"Group","Timepoint","n_samples","n_zeros","zero_percent","mean_intensity","median_intensity","sd_intensity","cv_percent"
"TR","1",10,0,0,0.000383046039856498,0.000440840451421308,0.00013273247165411,34.6518323760339
"TR","2",10,0,0,0.000368884376653904,0.000339799840762865,0.00019580336691642,53.0798752423521
