"Group","Timepoint","n_samples","n_zeros","zero_percent","mean_intensity","median_intensity","sd_intensity","cv_percent"
"TR","1",10,0,0,0.00020290033275434,0.000167395416755788,8.92293940559693e-05,43.9769579698043
"TR","2",10,0,0,0.000240906176185236,0.000217864162298866,0.000132924000668475,55.176667851914
