"Group","Timepoint","n_samples","n_zeros","zero_percent","mean_intensity","median_intensity","sd_intensity","cv_percent"
"TR","1",10,0,0,0.00413645093497403,0.00387006654204584,0.000704482929694883,17.0310959991915
"TR","2",10,0,0,0.00454457739671463,0.00469523399199216,0.00064880977216414,14.2765699761914
