"Group","Timepoint","n_samples","n_zeros","zero_percent","mean_intensity","median_intensity","sd_intensity","cv_percent"
"TR","1",10,0,0,0.00210259483664913,0.00209709485188157,0.000149833955921091,7.12614495714635
"TR","2",10,0,0,0.0020960410698621,0.00213321230815852,0.000231134593429247,11.0271977373255
