"Group","Timepoint","n_samples","n_zeros","zero_percent","mean_intensity","median_intensity","sd_intensity","cv_percent"
"TR","1",10,0,0,0.000134756645709956,0.000127402843357265,2.8717698376187e-05,21.310784507057
"TR","2",10,0,0,0.000145223771339773,0.000128219792593241,6.84063257869649e-05,47.1040829995511
