"Group","Timepoint","n_samples","n_zeros","zero_percent","mean_intensity","median_intensity","sd_intensity","cv_percent"
"TR","1",10,0,0,0.000200231111970275,0.00018891667821058,3.41679666531091e-05,17.0642645475502
"TR","2",10,0,0,0.000223756921429095,0.000222759405900977,4.07656876183653e-05,18.2187381547808
