"Group","Timepoint","n_samples","n_zeros","zero_percent","mean_intensity","median_intensity","sd_intensity","cv_percent"
"TR","1",10,0,0,0.000173609257031249,0.000171308205708398,2.68298131643576e-05,15.4541374251307
"TR","2",10,0,0,0.000166752884550431,0.000159622678750925,3.39936969661492e-05,20.3856725224255
