"Group","Timepoint","n_samples","n_zeros","zero_percent","mean_intensity","median_intensity","sd_intensity","cv_percent"
"TR","1",10,0,0,0.000339586428562185,0.000320783602286002,5.52648493129755e-05,16.2741631186405
"TR","2",10,0,0,0.000307641798786707,0.000313480947815124,2.39579910024898e-05,7.78762544523421
