"Group","Timepoint","n_samples","n_zeros","zero_percent","mean_intensity","median_intensity","sd_intensity","cv_percent"
"TR","1",10,0,0,0.000173454225078674,0.000188136325029595,0.000123992738271085,71.4844151042414
"TR","2",10,0,0,0.000306006461856062,0.000286809905122871,0.000163341663067467,53.3785012501792
