"Group","Timepoint","n_samples","n_zeros","zero_percent","mean_intensity","median_intensity","sd_intensity","cv_percent"
"TR","1",10,0,0,0.000145190274276161,0.00014399676690268,2.45453335187233e-05,16.9056320343032
"TR","2",10,0,0,0.000162874352806418,0.000167408361607685,2.41385483669818e-05,14.8203495216164
