"Group","Timepoint","n_samples","n_zeros","zero_percent","mean_intensity","median_intensity","sd_intensity","cv_percent"
"TR","1",10,0,0,0.0012185122672063,0.000994286401339569,0.000687223263743261,56.3985511051824
"TR","2",10,0,0,0.00136040911335064,0.00119474905618953,0.00102392429869138,75.2659099856726
