"Group","Timepoint","n_samples","n_zeros","zero_percent","mean_intensity","median_intensity","sd_intensity","cv_percent"
"TR","1",10,0,0,0.000273799571394817,0.000317687755353673,0.000162428531752242,59.3238809413698
"TR","2",10,0,0,0.00026351347872751,0.000284378918633585,0.000172875840950608,65.6041739441239
