"Group","Timepoint","n_samples","n_zeros","zero_percent","mean_intensity","median_intensity","sd_intensity","cv_percent"
"TR","1",10,0,0,0.000154103485194962,0.000139198836650118,3.73637705663963e-05,24.245895879075
"TR","2",10,0,0,0.000182733906472248,0.00017647158022358,3.87877551279726e-05,21.2263590686511
