"Group","Timepoint","n_samples","n_zeros","zero_percent","mean_intensity","median_intensity","sd_intensity","cv_percent"
"TR","1",10,0,0,0.000103107305314441,9.7501658790349e-05,5.20533445017238e-05,50.4846328230373
"TR","2",10,0,0,0.000137995722101762,0.000115042641140606,6.05066508258147e-05,43.8467583663174
