"Group","Timepoint","n_samples","n_zeros","zero_percent","mean_intensity","median_intensity","sd_intensity","cv_percent"
"TR","1",10,0,0,0.0012056013979521,0.00123378275576296,0.000113197964160047,9.3893358412101
"TR","2",10,0,0,0.00117015407588808,0.00113965290724449,0.000143091094537637,12.2283977371987
