"Group","Timepoint","n_samples","n_zeros","zero_percent","mean_intensity","median_intensity","sd_intensity","cv_percent"
"TR","1",10,0,0,0.000181336395034619,0.00018557319362456,3.30350778144491e-05,18.2175662023845
"TR","2",10,0,0,0.000241770233603623,0.000229034183696016,7.09637926963676e-05,29.3517492367201
