"Group","Timepoint","n_samples","n_zeros","zero_percent","mean_intensity","median_intensity","sd_intensity","cv_percent"
"TR","1",10,0,0,0.00113210297598935,0.00119366999471041,0.000128006193447523,11.3069390472768
"TR","2",10,0,0,0.00127242070564066,0.00128180769721719,0.000111983046122127,8.80078779178179
