"Group","Timepoint","n_samples","n_zeros","zero_percent","mean_intensity","median_intensity","sd_intensity","cv_percent"
"TR","1",10,0,0,0.000131352297209687,0.000131577402206431,8.95604948930348e-06,6.81834248776502
"TR","2",10,0,0,0.000135913047623431,0.000138560666627781,9.57148731273972e-06,7.04236089183949
