"Group","Timepoint","n_samples","n_zeros","zero_percent","mean_intensity","median_intensity","sd_intensity","cv_percent"
"TR","1",10,0,0,0.000187681050861515,0.000197833937239149,5.16491502878787e-05,27.5196403956568
"TR","2",10,0,0,0.000234138375949544,0.000238191233306059,3.62513546710055e-05,15.4828761086212
