"Group","Timepoint","n_samples","n_zeros","zero_percent","mean_intensity","median_intensity","sd_intensity","cv_percent"
"TR","1",10,0,0,0.000226683214712171,0.00014777419999827,0.000214292219252094,94.5337834229103
"TR","2",10,0,0,0.000196776881605989,0.000173188841405473,0.000102339336739467,52.0078049332969
