"Group","Timepoint","n_samples","n_zeros","zero_percent","mean_intensity","median_intensity","sd_intensity","cv_percent"
"TR","1",10,0,0,0.000850009774555301,0.000852626955300017,0.000125151398294744,14.7235246041988
"TR","2",10,0,0,0.000867867134779991,0.000836082042528018,0.000159177401611866,18.3412178238801
