"Group","Timepoint","n_samples","n_zeros","zero_percent","mean_intensity","median_intensity","sd_intensity","cv_percent"
"TR","1",10,0,0,4.73480273213441e-05,4.53554263152571e-05,1.16088810002345e-05,24.5181935911431
"TR","2",10,0,0,4.44207911965648e-05,4.25658116065777e-05,6.58951774353492e-06,14.8343097140613
