"Group","Timepoint","n_samples","n_zeros","zero_percent","mean_intensity","median_intensity","sd_intensity","cv_percent"
"TR","1",10,0,0,0.000134348727505745,0.000130804257909755,1.48917010110951e-05,11.0843632742695
"TR","2",10,0,0,0.000138461624793838,0.000139033643054637,8.21584049697454e-06,5.93365888144641
