"Group","Timepoint","n_samples","n_zeros","zero_percent","mean_intensity","median_intensity","sd_intensity","cv_percent"
"TR","1",10,0,0,0.00310199492190558,0.00291824228488703,0.00143693464548302,46.3229206255535
"TR","2",10,0,0,0.00441406676459007,0.00464291202108904,0.00215021835433945,48.7128643270337
