"Group","Timepoint","n_samples","n_zeros","zero_percent","mean_intensity","median_intensity","sd_intensity","cv_percent"
"TR","1",10,0,0,0.00225591151740529,0.00225600404351247,9.55830920551089e-05,4.23700536646256
"TR","2",10,0,0,0.0022922358613542,0.00230338861406012,0.000110053513769013,4.80114265832994
