"Group","Timepoint","n_samples","n_zeros","zero_percent","mean_intensity","median_intensity","sd_intensity","cv_percent"
"TR","1",10,0,0,0.00605937261739592,0.00608043369252164,0.000324475473903128,5.35493514578701
"TR","2",10,0,0,0.00598183151989534,0.00592670846965635,0.000314173411784895,5.25212739175228
