"Group","Timepoint","n_samples","n_zeros","zero_percent","mean_intensity","median_intensity","sd_intensity","cv_percent"
"TR","1",10,0,0,0.000227254921998382,0.00022926692671302,1.42204329939747e-05,6.25748074845917
"TR","2",10,0,0,0.000223327119027395,0.000231237012501896,2.75189837680592e-05,12.3222759008876
