"Group","Timepoint","n_samples","n_zeros","zero_percent","mean_intensity","median_intensity","sd_intensity","cv_percent"
"TR","1",10,0,0,0.00536706859240983,0.0052980149606393,0.000653270238324191,12.1718257755836
"TR","2",10,0,0,0.00567762692683205,0.0056579683783126,0.000502126456850119,8.84394947609373
