"Group","Timepoint","n_samples","n_zeros","zero_percent","mean_intensity","median_intensity","sd_intensity","cv_percent"
"TR","1",10,0,0,0.00176344690488143,0.00118540252983907,0.00243033152728762,137.817108105732
"TR","2",10,0,0,0.00232679893690265,0.000750895848818945,0.00355787677107209,152.908646924525
