"Group","Timepoint","n_samples","n_zeros","zero_percent","mean_intensity","median_intensity","sd_intensity","cv_percent"
"TR","1",10,0,0,0.000374103104141916,0.000349938729905252,7.52807758287231e-05,20.1230021871632
"TR","2",10,0,0,0.000419683303623706,0.000410649103788082,8.32809828924548e-05,19.8437684257093
