"Group","Timepoint","n_samples","n_zeros","zero_percent","mean_intensity","median_intensity","sd_intensity","cv_percent"
"TR","1",10,0,0,3.98084507011838e-05,3.76002201354225e-05,2.3294876778669e-05,58.5174161977026
"TR","2",10,0,0,3.88105726651117e-05,3.34643654440535e-05,2.11484404908429e-05,54.4914414773736
