"Group","Timepoint","n_samples","n_zeros","zero_percent","mean_intensity","median_intensity","sd_intensity","cv_percent"
"TR","1",10,0,0,0.000183380511881225,0.000172015256201508,2.57078294322066e-05,14.0188448426065
"TR","2",10,0,0,0.000202913103017178,0.000203406858705308,1.89949392810223e-05,9.36112010440956
