"Group","Timepoint","n_samples","n_zeros","zero_percent","mean_intensity","median_intensity","sd_intensity","cv_percent"
"TR","1",10,0,0,0.000129361781768492,0.000133821570227594,1.24484530041965e-05,9.62297583877942
"TR","2",10,0,0,0.000126354475441868,0.000130329922677994,1.25441439444655e-05,9.92774011414952
