"Group","Timepoint","n_samples","n_zeros","zero_percent","mean_intensity","median_intensity","sd_intensity","cv_percent"
"TR","1",10,0,0,0.000505978202132869,0.00046553683004878,0.000384124296779847,75.9171630636721
"TR","2",10,0,0,0.000570667801504637,0.000399186665915884,0.000557785114757179,97.7425243349122
