"Group","Timepoint","n_samples","n_zeros","zero_percent","mean_intensity","median_intensity","sd_intensity","cv_percent"
"TR","1",10,0,0,0.0012138736634287,0.0012077636284734,0.000181946892467333,14.9889480222683
"TR","2",10,0,0,0.00126653236219296,0.00128258986314324,0.000123333354433359,9.73787627659285
