"Group","Timepoint","n_samples","n_zeros","zero_percent","mean_intensity","median_intensity","sd_intensity","cv_percent"
"TR","1",10,0,0,0.000125173663016845,0.000122879961159656,8.57069380859202e-06,6.84704242252514
"TR","2",10,0,0,0.000121159986953202,0.000119176810705027,1.02860789341786e-05,8.48966659112602
