"Group","Timepoint","n_samples","n_zeros","zero_percent","mean_intensity","median_intensity","sd_intensity","cv_percent"
"TR","1",10,0,0,0.000122042410330096,0.000117208614124539,2.84922085585875e-05,23.3461535883491
"TR","2",10,0,0,0.000124955712043186,0.000127881858557603,3.2321637435325e-05,25.8664745347171
