"Group","Timepoint","n_samples","n_zeros","zero_percent","mean_intensity","median_intensity","sd_intensity","cv_percent"
"TR","1",10,0,0,0.000132016452621859,0.000133347940945203,9.37823481142084e-06,7.10383791199371
"TR","2",10,0,0,0.000122350835868411,0.00012303741398512,1.43354726728827e-05,11.7166936957428
