"Group","Timepoint","n_samples","n_zeros","zero_percent","mean_intensity","median_intensity","sd_intensity","cv_percent"
"TR","1",10,0,0,0.000358251354434419,0.000324339239172542,0.000118110798292203,32.9686955346387
"TR","2",10,0,0,0.000397386396446975,0.000358026328706113,0.000103119970014556,25.9495470747236
