"Group","Timepoint","n_samples","n_zeros","zero_percent","mean_intensity","median_intensity","sd_intensity","cv_percent"
"TR","1",10,0,0,0.000205493500897027,0.00014865907564458,0.000196410155399487,95.5797407422186
"TR","2",10,0,0,0.000236606920786818,0.000231464923862678,0.000162773184828112,68.7947690992395
