"Group","Timepoint","n_samples","n_zeros","zero_percent","mean_intensity","median_intensity","sd_intensity","cv_percent"
"TR","1",10,0,0,0.000185595162668705,0.000184051420811349,6.68673936306794e-05,36.0286295554159
"TR","2",10,0,0,9.45973663676195e-05,7.6838374953041e-05,6.70630949431636e-05,70.8931945129914
