"Group","Timepoint","n_samples","n_zeros","zero_percent","mean_intensity","median_intensity","sd_intensity","cv_percent"
"TR","1",10,0,0,2.76550483529306e-05,3.09407650815124e-05,7.88618526313433e-06,28.5162591744254
"TR","2",10,0,0,2.30991717423704e-05,2.5752625093707e-05,8.29409860356954e-06,35.9064761978275
