"Group","Timepoint","n_samples","n_zeros","zero_percent","mean_intensity","median_intensity","sd_intensity","cv_percent"
"TR","1",10,0,0,0.000560078328371535,0.000562168996102064,7.06182421112776e-05,12.6086367806097
"TR","2",10,0,0,0.000606341659702104,0.000591292519761787,0.000106467677393308,17.5590239743078
