"Group","Timepoint","n_samples","n_zeros","zero_percent","mean_intensity","median_intensity","sd_intensity","cv_percent"
"TR","1",10,0,0,0.000481482687283937,0.000438466726070897,0.000123517080878945,25.653483321635
"TR","2",10,0,0,0.000445553642456033,0.000419455817188612,9.70984983904338e-05,21.792774009252
