"Group","Timepoint","n_samples","n_zeros","zero_percent","mean_intensity","median_intensity","sd_intensity","cv_percent"
"TR","1",10,0,0,0.000309623412636622,0.000305331201551262,8.39395154984427e-05,27.1101964750177
"TR","2",10,0,0,0.000355224969576048,0.000297453082874585,0.000145208586459056,40.8779221326583
