"Group","Timepoint","n_samples","n_zeros","zero_percent","mean_intensity","median_intensity","sd_intensity","cv_percent"
"TR","1",10,0,0,0.013800511201836,0.00822780991371183,0.0120088791547623,87.0176399926741
"TR","2",10,0,0,0.00840694749661676,0.00889024298792745,0.00365899710274732,43.5234917812896
