"Group","Timepoint","n_samples","n_zeros","zero_percent","mean_intensity","median_intensity","sd_intensity","cv_percent"
"TR","1",10,0,0,0.000239530828321472,0.000177102105707372,0.000108620348381588,45.3471267739324
"TR","2",10,0,0,0.000297337922312306,0.000300579860297313,0.000151435884367755,50.9305651933275
