"Group","Timepoint","n_samples","n_zeros","zero_percent","mean_intensity","median_intensity","sd_intensity","cv_percent"
"TR","1",10,0,0,0.000469975565425278,0.000461944590111974,4.58000571425708e-05,9.74519964694902
"TR","2",10,0,0,0.000501817657322588,0.000499691338136151,3.75211581490045e-05,7.47705019970719
