"Group","Timepoint","n_samples","n_zeros","zero_percent","mean_intensity","median_intensity","sd_intensity","cv_percent"
"TR","1",10,0,0,0.000667225082232034,0.000537919011340302,0.000444465449125352,66.6140199104183
"TR","2",10,0,0,0.000575461415170974,0.00050091464866562,0.000343195412829639,59.6383013321011
