"Group","Timepoint","n_samples","n_zeros","zero_percent","mean_intensity","median_intensity","sd_intensity","cv_percent"
"TR","1",10,0,0,0.000243060376002804,0.00024315498670915,8.62776881005816e-06,3.54964019719884
"TR","2",10,0,0,0.000241739536835952,0.000238831348130281,1.53062808216537e-05,6.33172422765117
