"Group","Timepoint","n_samples","n_zeros","zero_percent","mean_intensity","median_intensity","sd_intensity","cv_percent"
"TR","1",10,0,0,0.00392117370648172,0.0038533568712077,0.00122990729686569,31.3657947576423
"TR","2",10,0,0,0.00455314415932403,0.00437118189534302,0.0023395559310811,51.3833045740515
