"Group","Timepoint","n_samples","n_zeros","zero_percent","mean_intensity","median_intensity","sd_intensity","cv_percent"
"TR","1",10,0,0,0.000251289418034001,0.00026678069995865,9.8067366553925e-05,39.0256650364226
"TR","2",10,0,0,0.000286802127435705,0.000302552731083797,0.000102194732395037,35.6324875651235
