"Group","Timepoint","n_samples","n_zeros","zero_percent","mean_intensity","median_intensity","sd_intensity","cv_percent"
"TR","1",10,0,0,0.000877167454389797,0.000876093696595821,0.000143134810166242,16.3178432407543
"TR","2",10,0,0,0.000835549085257992,0.000809884063245378,0.000137139303750257,16.413075685184
