"Group","Timepoint","n_samples","n_zeros","zero_percent","mean_intensity","median_intensity","sd_intensity","cv_percent"
"TR","1",10,0,0,0.000622704052070095,0.000706821971225267,0.000325944885136936,52.3434662185635
"TR","2",10,0,0,0.000553038305692962,0.000641203462991447,0.000373191217763695,67.4801752287454
