"Group","Timepoint","n_samples","n_zeros","zero_percent","mean_intensity","median_intensity","sd_intensity","cv_percent"
"TR","1",10,0,0,0.000141536642811421,0.000142827575459423,1.99559945825173e-05,14.0995251732133
"TR","2",10,0,0,0.000127409685482866,0.00014616403893739,3.79339805629761e-05,29.7732314613378
