"Group","Timepoint","n_samples","n_zeros","zero_percent","mean_intensity","median_intensity","sd_intensity","cv_percent"
"TR","1",10,0,0,0.00172242157213276,0.00162461767480901,0.00038611685520336,22.4170935530759
"TR","2",10,0,0,0.001626078328012,0.00159782560113905,0.000609631509441365,37.4909067379727
