"Group","Timepoint","n_samples","n_zeros","zero_percent","mean_intensity","median_intensity","sd_intensity","cv_percent"
"TR","1",10,0,0,1.75078248328515e-05,1.72673501207846e-05,3.75210408208583e-06,21.4310122354287
"TR","2",10,0,0,1.83961191580193e-05,1.94537035493984e-05,3.27340820687125e-06,17.7940150243281
