"Group","Timepoint","n_samples","n_zeros","zero_percent","mean_intensity","median_intensity","sd_intensity","cv_percent"
"TR","1",10,0,0,0.000254651189737563,0.000196816182665128,0.000150540473813376,59.1163441916448
"TR","2",10,0,0,0.000914892381760421,0.000363483879610064,0.000850036063281321,92.9110439902991
