"Group","Timepoint","n_samples","n_zeros","zero_percent","mean_intensity","median_intensity","sd_intensity","cv_percent"
"TR","1",10,0,0,4.98847627837205e-05,4.77990945162812e-05,5.69452075069439e-06,11.415350966754
"TR","2",10,0,0,4.20542088332034e-05,4.50450490285494e-05,1.03865814786846e-05,24.6980784251111
