"Group","Timepoint","n_samples","n_zeros","zero_percent","mean_intensity","median_intensity","sd_intensity","cv_percent"
"TR","1",10,0,0,2.93017865010112e-05,2.21656941884214e-05,1.77434150642235e-05,60.5540384495369
"TR","2",10,0,0,2.87688777981408e-05,1.96187837324175e-05,3.00217998280385e-05,104.355130007812
