"Group","Timepoint","n_samples","n_zeros","zero_percent","mean_intensity","median_intensity","sd_intensity","cv_percent"
"TR","1",10,0,0,0.000184919760398539,0.000180827465599125,1.01394509973451e-05,5.48316252167568
"TR","2",10,0,0,0.000188772855226342,0.000189490073014667,9.02806732307657e-06,4.78250292514341
