"Group","Timepoint","n_samples","n_zeros","zero_percent","mean_intensity","median_intensity","sd_intensity","cv_percent"
"TR","1",10,0,0,0.000631500705455771,0.000639613528185068,4.46326158234351e-05,7.06770640758391
"TR","2",10,0,0,0.000660115313557553,0.000633896842077909,8.10646850053023e-05,12.2803824332481
