"Group","Timepoint","n_samples","n_zeros","zero_percent","mean_intensity","median_intensity","sd_intensity","cv_percent"
"TR","1",10,0,0,0.000200168002781661,0.000102009040735506,0.0001724291133779,86.1421960461791
"TR","2",10,0,0,0.000200445429453302,0.000149405323961167,0.000167585259739063,83.6064260462999
