"Group","Timepoint","n_samples","n_zeros","zero_percent","mean_intensity","median_intensity","sd_intensity","cv_percent"
"TR","1",10,0,0,0.000234738323737923,0.000213567929045907,0.000100704377988393,42.9006974169357
"TR","2",10,0,0,0.000187894433648085,0.000161644544433306,8.24466625330003e-05,43.8792469432161
