"Group","Timepoint","n_samples","n_zeros","zero_percent","mean_intensity","median_intensity","sd_intensity","cv_percent"
"TR","1",10,0,0,9.38621791460237e-05,8.59369712480961e-05,3.12655022580238e-05,33.3100110635438
"TR","2",10,0,0,0.000106004606140361,9.11555922211654e-05,4.45119773215238e-05,41.9906067690919
