"Group","Timepoint","n_samples","n_zeros","zero_percent","mean_intensity","median_intensity","sd_intensity","cv_percent"
"TR","1",10,0,0,0.00101965730175711,0.00103448305822652,7.68059053129333e-05,7.53252148350026
"TR","2",10,0,0,0.00104593650994572,0.00104739534306318,0.000111027195414583,10.6150989432758
