"Group","Timepoint","n_samples","n_zeros","zero_percent","mean_intensity","median_intensity","sd_intensity","cv_percent"
"TR","1",10,0,0,0.000119282531655364,7.68528797730059e-05,9.46943970626537e-05,79.3866425775142
"TR","2",10,0,0,0.000452699930407604,0.000124513705813722,0.000554014360077324,122.380040919931
