"Group","Timepoint","n_samples","n_zeros","zero_percent","mean_intensity","median_intensity","sd_intensity","cv_percent"
"TR","1",10,0,0,0.000208797713628015,0.000205297424015085,2.93818666183282e-05,14.0719292887822
"TR","2",10,0,0,0.000206354874275782,0.000202345686326117,2.24488956233204e-05,10.8787813721902
