"Group","Timepoint","n_samples","n_zeros","zero_percent","mean_intensity","median_intensity","sd_intensity","cv_percent"
"TR","1",10,0,0,4.49446684875414e-05,4.07798739261551e-05,2.57534658440838e-05,57.3003800244353
"TR","2",10,0,0,5.94661458631493e-05,6.17721113553323e-05,1.79112733947706e-05,30.1201181525876
