"Group","Timepoint","n_samples","n_zeros","zero_percent","mean_intensity","median_intensity","sd_intensity","cv_percent"
"TR","1",10,0,0,0.000138597143546777,0.000138655186263927,1.23423948066097e-05,8.90523028885086
"TR","2",10,0,0,0.000133247998515517,0.000129103836522758,2.0561684306519e-05,15.4311393308655
