"Group","Timepoint","n_samples","n_zeros","zero_percent","mean_intensity","median_intensity","sd_intensity","cv_percent"
"TR","1",10,0,0,8.32647483064164e-05,8.14242660734454e-05,1.05971662964307e-05,12.7270741964328
"TR","2",10,0,0,8.66053696912304e-05,8.6798979357068e-05,7.70845700594678e-06,8.90066866919377
