"Group","Timepoint","n_samples","n_zeros","zero_percent","mean_intensity","median_intensity","sd_intensity","cv_percent"
"TR","1",10,0,0,2.67643985796411e-05,2.60679968506646e-05,3.17297832547946e-06,11.855219970805
"TR","2",10,0,0,2.46941137981983e-05,2.42910302472827e-05,4.94011285286136e-06,20.0052242944705
