"Group","Timepoint","n_samples","n_zeros","zero_percent","mean_intensity","median_intensity","sd_intensity","cv_percent"
"TR","1",10,0,0,2.73987790687339e-05,2.69795453883199e-05,1.03289310363982e-05,37.6985084280092
"TR","2",10,0,0,2.60807779118584e-05,2.31104117531979e-05,1.26625915035995e-05,48.5514333444864
