"Group","Timepoint","n_samples","n_zeros","zero_percent","mean_intensity","median_intensity","sd_intensity","cv_percent"
"TR","1",10,0,0,0.000202037411298696,0.000249757942570193,0.000102326701994854,50.6474030413961
"TR","2",10,0,0,0.000273279216051236,0.000284479392665743,6.10452997919583e-05,22.3380689808892
