"Group","Timepoint","n_samples","n_zeros","zero_percent","mean_intensity","median_intensity","sd_intensity","cv_percent"
"TR","1",10,0,0,0.000305532020650254,0.000307088864751916,1.68576346015959e-05,5.51746902524926
"TR","2",10,0,0,0.000295482144107533,0.000299753766283793,2.25434260243228e-05,7.62936998863752
