"Group","Timepoint","n_samples","n_zeros","zero_percent","mean_intensity","median_intensity","sd_intensity","cv_percent"
"TR","1",10,0,0,0.000119295879115054,0.000122743399314425,3.04716295753695e-05,25.542902069552
"TR","2",10,0,0,0.000114861225239583,0.000124101272253557,4.38531127658709e-05,38.1792138072704
