"Group","Timepoint","n_samples","n_zeros","zero_percent","mean_intensity","median_intensity","sd_intensity","cv_percent"
"TR","1",10,0,0,0.000435236317217882,0.000401519779867913,0.000341143961764447,78.3813179803349
"TR","2",10,0,0,0.00051106684756392,0.000506532337238286,0.00023441334623108,45.8674530246774
