"Group","Timepoint","n_samples","n_zeros","zero_percent","mean_intensity","median_intensity","sd_intensity","cv_percent"
"TR","1",10,0,0,0.000823408180602359,0.000974422853948552,0.000347061408655833,42.1493758298518
"TR","2",10,0,0,0.000940231006193678,0.00110643415804078,0.00029847020945972,31.7443487285121
