"","Group","n_samples","n_zeros","zero_percent","mean_intensity","median_intensity","sd_intensity","cv_percent"
"1","Healthy",4,0,0,0.000704221018425557,0.000694854500584857,0.000256546757535707,36.4
"2","TR2",10,0,0,0.000466155549653901,0.000431350184474628,0.000145510097536212,31.2
"3","PR1",10,0,0,0.000457687485258425,0.000385645320161435,0.000285593235970239,62.4
"4","PR2",9,0,0,0.00033660006990247,0.000280683218737603,0.000145140132391352,43.1
"5","TR1",10,0,0,0.00024224740130462,0.000222039818854341,6.86346987888221e-05,28.3
