"","Group","n_samples","n_zeros","zero_percent","mean_intensity","median_intensity","sd_intensity","cv_percent"
"1","PR1",10,0,0,0.0031603553582535,0.00296459899392395,0.00157574360955494,49.9
"2","PR2",9,0,0,0.00385682889628119,0.00186874972841829,0.00368911574510055,95.7
"3","TR1",10,0,0,0.00157111285725705,0.00122112919905152,0.00147798886093313,94.1
"4","TR2",10,0,0,0.00118586256550611,0.000971621685094397,0.000640668734454849,54
"5","Healthy",4,0,0,0.00135461189683816,0.000939561018544665,0.00091795947475152,67.8
