"","Group","n_samples","n_zeros","zero_percent","mean_intensity","median_intensity","sd_intensity","cv_percent"
"1","PR2",9,0,0,0.000149242759144448,6.83793226985065e-05,0.000136825456334403,91.7
"2","Healthy",4,0,0,5.17959805465814e-05,5.26230059382973e-05,1.54708579398296e-05,29.9
"3","PR1",10,0,0,4.71339102436886e-05,5.02626633734651e-05,1.98109248743559e-05,42
"4","TR2",10,0,0,7.41207298989186e-05,4.63430792632441e-05,7.69960750648904e-05,103.9
"5","TR1",10,0,0,3.15495444972187e-05,3.00435041488811e-05,1.10941330167704e-05,35.2
