"","Group","n_samples","n_zeros","zero_percent","mean_intensity","median_intensity","sd_intensity","cv_percent"
"1","PR2",9,0,0,0.000935993746087197,0.000768067372987869,0.000381681746389281,40.8
"2","PR1",10,0,0,0.00066937126761851,0.000630259504682911,0.000309384356419547,46.2
"3","Healthy",4,0,0,0.000635428613535883,0.000612793617670306,0.000341881586446947,53.8
"4","TR1",10,0,0,0.000581526966388068,0.000594124914136905,0.00019076575786284,32.8
"5","TR2",10,0,0,0.00051198058288529,0.000511721632156492,0.000169609469508382,33.1
