"","Group","n_samples","n_zeros","zero_percent","mean_intensity","median_intensity","sd_intensity","cv_percent"
"1","Healthy",4,0,0,0.000117626200311802,0.000133733953360983,3.96546960372395e-05,33.7
"2","PR1",10,0,0,7.4245000138606e-05,7.21086638175536e-05,1.8065062015795e-05,24.3
"3","TR1",10,0,0,7.16281531277677e-05,7.04447388668911e-05,1.3059614633128e-05,18.2
"4","TR2",10,0,0,6.5955126192999e-05,6.97846861746991e-05,1.1442279729381e-05,17.3
"5","PR2",9,0,0,5.95954376184478e-05,5.73125100352771e-05,9.31617828250575e-06,15.6
