"","Group","n_samples","n_zeros","zero_percent","mean_intensity","median_intensity","sd_intensity","cv_percent"
"1","PR2",9,0,0,0.0012611077395692,0.000676860649917199,0.00110469680583292,87.6
"2","PR1",10,0,0,0.000472606467829568,0.000338764850803878,0.000455311309235087,96.3
"3","Healthy",4,0,0,0.000275514395636991,0.000294867658847882,0.000157335918872077,57.1
"4","TR2",10,0,0,0.00044533554192761,0.000290787093610536,0.000393173649602401,88.3
"5","TR1",10,0,0,0.000300430225579272,0.000170882347443382,0.000404098275971286,134.5
