"","Group","n_samples","n_zeros","zero_percent","mean_intensity","median_intensity","sd_intensity","cv_percent"
"1","Healthy",4,0,0,0.00969040305275502,0.0104124179866197,0.00246134756526022,25.4
"2","PR2",9,0,0,0.00636755498395723,0.00874869442743354,0.00430860589240206,67.7
"3","TR1",10,0,0,0.00415638778300837,0.00467671649217432,0.00273960503847702,65.9
"4","TR2",10,0,0,0.00390409145432041,0.00278245717482273,0.0026821521202384,68.7
"5","PR1",10,0,0,0.0035902365436776,0.00213395807743522,0.00341819543361998,95.2
