"","Group","n_samples","n_zeros","zero_percent","mean_intensity","median_intensity","sd_intensity","cv_percent"
"1","Healthy",4,0,0,0.0178006109337327,0.0209444007291677,0.0119679767660277,67.2
"2","TR2",10,0,0,0.000407920092516722,0.000314354931484443,0.000470941494919659,115.4
"3","PR2",9,0,0,0.000187593836584736,0.000220048010771345,0.000156805952908567,83.6
"4","PR1",10,0,0,0.000190886014895291,0.000152687053542347,0.000194187573143297,101.7
"5","TR1",10,0,0,0.000156035609152109,0.000104641938334603,0.000179110765372818,114.8
