"","Group","n_samples","n_zeros","zero_percent","mean_intensity","median_intensity","sd_intensity","cv_percent"
"1","TR2",10,0,0,0.00266558477410335,0.00314669380685001,0.00130819510380277,49.1
"2","TR1",10,0,0,0.00292977176596438,0.002933215157784,0.0012654240423782,43.2
"3","PR1",10,0,0,0.00216000939600006,0.0019419837031873,0.000615636966513543,28.5
"4","Healthy",4,0,0,0.00133035645156462,0.00151296675239829,0.00048801429524778,36.7
"5","PR2",9,0,0,0.00157011961393852,0.00134823579115651,0.00105402893357877,67.1
