"","Group","n_samples","n_zeros","zero_percent","mean_intensity","median_intensity","sd_intensity","cv_percent"
"1","PR1",10,0,0,0.00453724081912872,0.00423999758900144,0.00278263209711134,61.3
"2","TR1",10,0,0,0.00537753455954188,0.00365154325366431,0.0042625943413136,79.3
"3","Healthy",4,0,0,0.00212921567094856,0.00177733880186069,0.000885120775213861,41.6
"4","PR2",9,0,0,0.00390903975694008,0.00151333044540266,0.00544536606928883,139.3
"5","TR2",10,0,0,0.00178554063203991,0.00140650610643258,0.00147213400064031,82.4
