"","Group","n_samples","n_zeros","zero_percent","mean_intensity","median_intensity","sd_intensity","cv_percent"
"1","Healthy",4,0,0,0.00108053180817862,0.00130774347115906,0.000690204847490522,63.9
"2","TR1",10,0,0,6.5936504367427e-06,2.81349323275593e-06,7.05046882607058e-06,106.9
"3","TR2",10,0,0,2.5865993373371e-05,2.20406949498274e-06,5.13185798918708e-05,198.4
"4","PR2",9,0,0,2.08303528655885e-06,1.45446524860013e-06,2.48644089083267e-06,119.4
"5","PR1",10,0,0,1.32490568226777e-06,1.38556468472788e-06,6.45406526361904e-07,48.7
