"","Group","n_samples","n_zeros","zero_percent","mean_intensity","median_intensity","sd_intensity","cv_percent"
"1","TR1",10,0,0,0.000746485612431228,0.00077468707193185,0.000127658851679644,17.1
"2","PR1",10,0,0,0.000724299133759506,0.00074174119871243,0.000140066363119994,19.3
"3","Healthy",4,0,0,0.000704469415226324,0.000680242476380672,8.25525283060104e-05,11.7
"4","PR2",9,0,0,0.000557205771438638,0.000575840567385078,0.000146881807525278,26.4
"5","TR2",10,0,0,0.00058840755297251,0.000573730845088852,0.000157799855951487,26.8
