"","Group","n_samples","n_zeros","zero_percent","mean_intensity","median_intensity","sd_intensity","cv_percent"
"1","PR2",9,0,0,0.000220242561579112,0.000207907016975404,0.000154922971619339,70.3
"2","PR1",10,0,0,0.000113126698625458,6.83820905206903e-05,7.6760364373146e-05,67.9
"3","TR2",10,0,0,9.1214081972506e-05,6.56259967192775e-05,8.44759286932486e-05,92.6
"4","TR1",10,0,0,8.23469016369413e-05,6.03552153792177e-05,9.12862919968489e-05,110.9
"5","Healthy",4,0,0,2.96530758264534e-05,2.56150499011512e-05,1.88923969217412e-05,63.7
