"","Group","n_samples","n_zeros","zero_percent","mean_intensity","median_intensity","sd_intensity","cv_percent"
"1","Healthy",4,0,0,0.000674914752190007,0.0008084527378726,0.000438682251836232,65
"2","PR1",10,0,0,1.41583344130209e-06,1.60901799556356e-06,9.34675889175181e-07,66
"3","TR1",10,0,0,4.24724652829488e-06,1.55028156255693e-06,6.43754161608842e-06,151.6
"4","TR2",10,0,0,1.59094765030286e-05,1.09330259743859e-06,3.15081311479551e-05,198
"5","PR2",9,0,0,9.57814019358774e-07,5.68360728862671e-07,8.18743029273671e-07,85.5
