"","Group","n_samples","n_zeros","zero_percent","mean_intensity","median_intensity","sd_intensity","cv_percent"
"1","PR2",9,0,0,0.000496064238316654,0.000516018051308201,0.000262509663330114,52.9
"2","TR2",10,0,0,0.000644332110311715,0.000508073687820075,0.000435973721187445,67.7
"3","PR1",10,0,0,0.000660710884519396,0.0004432692941866,0.00060516877050486,91.6
"4","Healthy",4,0,0,0.000262465733785646,0.0003031021181904,0.000155573922292097,59.3
"5","TR1",10,0,0,0.00029414180276924,0.00028243775293468,0.000168642617614226,57.3
