"","Group","n_samples","n_zeros","zero_percent","mean_intensity","median_intensity","sd_intensity","cv_percent"
"1","TR2",10,0,0,0.00184568117846932,0.00155086352831944,0.00114715274262986,62.2
"2","PR1",10,0,0,0.00125288647392607,0.0013752553039454,0.000656326258456822,52.4
"3","Healthy",4,0,0,0.00137175094193438,0.000995601140277842,0.00113502551937783,82.7
"4","TR1",10,0,0,0.000886562356290302,0.000655209513984491,0.00073729044888011,83.2
"5","PR2",9,0,0,0.000681212793904718,0.000289634815973451,0.000800133855828917,117.5
