"","Group","n_samples","n_zeros","zero_percent","mean_intensity","median_intensity","sd_intensity","cv_percent"
"1","TR2",10,0,0,0.00269619566628098,0.00261479197390584,0.00126482167354269,46.9
"2","PR1",10,0,0,0.00175771114855277,0.0018753371972631,0.00062633637220564,35.6
"3","Healthy",4,0,0,0.00166193476869409,0.00146548808351665,0.000744446459152403,44.8
"4","TR1",10,0,0,0.00174163506332035,0.00139616873403178,0.00116818876835976,67.1
"5","PR2",9,0,0,0.00109503397906118,0.000969889611002766,0.000339030467998707,31
