"","Group","n_samples","n_zeros","zero_percent","mean_intensity","median_intensity","sd_intensity","cv_percent"
"1","Healthy",4,0,0,0.00188268661688634,0.00221878273372322,0.00128515888815859,68.3
"2","TR2",10,0,0,4.24203012306983e-05,2.94977158979643e-05,4.60669180006187e-05,108.6
"3","TR1",10,0,0,1.80458283915301e-05,2.51268554031172e-05,1.56322928397198e-05,86.6
"4","PR1",10,0,0,2.1456400003774e-05,2.36961993221638e-05,1.20285394774061e-05,56.1
"5","PR2",9,0,0,1.20509232417787e-05,1.78344142875596e-06,1.41795664639926e-05,117.7
