"","Group","n_samples","n_zeros","zero_percent","mean_intensity","median_intensity","sd_intensity","cv_percent"
"1","TR1",10,0,0,0.00042208017996867,0.000378341817872099,0.000241650010485595,57.3
"2","PR1",10,0,0,0.000370710150854198,0.000355375523508029,0.00013655936080447,36.8
"3","Healthy",4,0,0,0.000266376237577023,0.000311832576441142,0.000136296414994673,51.2
"4","TR2",10,0,0,0.000258613276546186,0.000270666210168311,8.50424025227026e-05,32.9
"5","PR2",9,0,0,0.000174337348252761,0.000196490736780504,9.27072465334268e-05,53.2
