"","Group","n_samples","n_zeros","zero_percent","mean_intensity","median_intensity","sd_intensity","cv_percent"
"1","Healthy",4,0,0,9.04487897179173e-05,0.000111789476523173,4.82188260136102e-05,53.3
"2","PR1",10,0,0,1.31702176143394e-05,1.22112110739407e-05,4.91292871669471e-06,37.3
"3","TR1",10,0,0,1.30763293240787e-05,1.18034380200607e-05,4.34819518213493e-06,33.3
"4","TR2",10,0,0,1.21012305246642e-05,1.17672490055945e-05,3.9356122919477e-06,32.5
"5","PR2",9,0,0,1.05693834641009e-05,1.10321991476621e-05,2.85928741709371e-06,27.1
