"","Group","n_samples","n_zeros","zero_percent","mean_intensity","median_intensity","sd_intensity","cv_percent"
"1","Healthy",4,0,0,9.48603494986366e-05,0.000118724729629048,5.01930942464225e-05,52.9
"2","PR1",10,0,0,2.0902512768301e-05,1.98465442080227e-05,6.22689750533066e-06,29.8
"3","TR1",10,0,0,1.87177115808145e-05,1.80937681308919e-05,5.77354224797514e-06,30.8
"4","TR2",10,0,0,1.81767271952335e-05,1.76702707056581e-05,2.96174766400151e-06,16.3
"5","PR2",9,0,0,1.61021713612747e-05,1.61173093681558e-05,3.07134907275928e-06,19.1
