"","Group","n_samples","n_zeros","zero_percent","mean_intensity","median_intensity","sd_intensity","cv_percent"
"1","PR2",9,0,0,0.000130292118466305,7.23831948297577e-05,0.00013809085376026,106
"2","Healthy",4,0,0,6.51572183115e-05,5.81882368554455e-05,2.63279523070317e-05,40.4
"3","TR1",10,0,0,4.61627447359197e-05,4.58643662869209e-05,2.11669356455492e-05,45.9
"4","TR2",10,0,0,4.32778833757951e-05,3.86097202054979e-05,2.97686873572399e-05,68.8
"5","PR1",10,0,0,7.58076681259948e-05,3.08684172301358e-05,0.000106056968708855,139.9
