"","Group","n_samples","n_zeros","zero_percent","mean_intensity","median_intensity","sd_intensity","cv_percent"
"1","PR1",10,0,0,1.90921288837769e-06,1.80667666601587e-06,3.2794238816974e-07,17.2
"2","Healthy",4,0,0,1.47692513515865e-06,1.57461345117323e-06,5.24657378616067e-07,35.5
"3","TR1",10,0,0,1.44601387144524e-06,1.40309616576055e-06,9.55933960212876e-07,66.1
"4","TR2",10,0,0,1.26518852608298e-06,9.40635328184102e-07,7.57130127939031e-07,59.8
"5","PR2",9,0,0,9.23837375733021e-07,8.4619090477977e-07,7.60757731888587e-07,82.3
