"","Group","n_samples","n_zeros","zero_percent","mean_intensity","median_intensity","sd_intensity","cv_percent"
"1","PR1",10,0,0,3.96809911012979e-05,4.56505478207327e-05,1.45123825864997e-05,36.6
"2","TR2",10,0,0,5.42555917345247e-05,4.48015344385243e-05,3.3030436266206e-05,60.9
"3","PR2",9,0,0,3.56747117256158e-05,2.8541796039485e-05,2.14508179103313e-05,60.1
"4","TR1",10,0,0,2.53162538794321e-05,2.65087789938523e-05,7.79750668917265e-06,30.8
"5","Healthy",4,0,0,2.29743686959884e-05,2.03488551896719e-05,1.29204892067453e-05,56.2
