"","Group","n_samples","n_zeros","zero_percent","mean_intensity","median_intensity","sd_intensity","cv_percent"
"1","TR1",10,0,0,0.00215992930565163,0.00232145485761381,0.000722693629614763,33.5
"2","TR2",10,0,0,0.0023280204754925,0.00228270184640184,0.000576417674920406,24.8
"3","Healthy",4,0,0,0.0015860055523187,0.00157893810369201,0.000741013464297877,46.7
"4","PR1",10,0,0,0.00154818329061709,0.00145725178590494,0.000533286218764488,34.4
"5","PR2",9,0,0,0.00110362412735013,0.000860895748028912,0.000664029678626282,60.2
