"","Group","n_samples","n_zeros","zero_percent","mean_intensity","median_intensity","sd_intensity","cv_percent"
"1","PR2",9,0,0,0.000581342285823833,0.000532496067724401,0.000293912217556326,50.6
"2","Healthy",4,0,0,0.000339304051139701,0.000357612389680638,0.000105315744452243,31
"3","TR1",10,0,0,0.000313714071797389,0.000347818484175618,0.000106968056506737,34.1
"4","TR2",10,0,0,0.000273897964036728,0.000255802861235736,8.47803420253729e-05,31
"5","PR1",10,0,0,0.000283657306168597,0.000189644300323074,0.000220084480896382,77.6
