"","Group","n_samples","n_zeros","zero_percent","mean_intensity","median_intensity","sd_intensity","cv_percent"
"1","PR1",10,0,0,0.000280771730016562,0.000243111276157246,0.00012055389189353,42.9
"2","TR1",10,0,0,0.000193751616783137,0.0001516983130485,0.000125438378699205,64.7
"3","Healthy",4,0,0,0.000138642587030893,0.000124621416910522,8.74431259261662e-05,63.1
"4","PR2",9,0,0,0.000122914418875573,0.000103073911388644,8.32793237714319e-05,67.8
"5","TR2",10,0,0,0.000107876795179454,8.02492531003264e-05,7.06681945603307e-05,65.5
