"","Group","n_samples","n_zeros","zero_percent","mean_intensity","median_intensity","sd_intensity","cv_percent"
"1","Healthy",4,0,0,0.00128965603143713,0.00130225509552917,0.000297422528150363,23.1
"2","TR1",10,0,0,0.000976269905710003,0.000849637362661726,0.000583364964331688,59.8
"3","TR2",10,0,0,0.000819052030840951,0.000648337100669412,0.000532179776326984,65
"4","PR2",9,0,0,0.000637950147899526,0.000476943378132475,0.00053142690888783,83.3
"5","PR1",10,0,0,0.000497688994772327,0.000440501764946687,0.000348252679212143,70
