"","Group","n_samples","n_zeros","zero_percent","mean_intensity","median_intensity","sd_intensity","cv_percent"
"1","TR1",10,0,0,0.00151701834030405,0.00158708462154535,0.000915186382082179,60.3
"2","PR1",10,0,0,0.00134871153517063,0.00114466899819394,0.00108990803494267,80.8
"3","PR2",9,0,0,0.0016309122066263,0.00106127630054703,0.00121310760134252,74.4
"4","Healthy",4,0,0,0.000784185124562995,0.000783328360457294,0.00039259006659651,50.1
"5","TR2",10,0,0,0.000549677491359036,0.00044021871854096,0.000385543862995674,70.1
