"Group","n_samples","n_zeros","zero_percent","mean_intensity","median_intensity","sd_intensity","cv_percent"
"Healthy",4,0,0,0.0178006109337327,0.0209444007291677,0.0119679767660277,67.2335169314218
"PR",9,0,0,0.0001669872691249,3.66186482780372e-05,0.000189728693673278,113.61865767825
"TR",10,0,0,0.000156035609152109,0.000104641938334603,0.000179110765372818,114.788391153852
