"Group","n_samples","n_zeros","zero_percent","mean_intensity","median_intensity","sd_intensity","cv_percent"
"Healthy",4,0,0,0.000154066220709967,0.000131566449090304,4.80941976778963e-05,31.2165752208816
"PR",9,0,0,0.000163747280067921,0.000162378780637135,3.66510693170833e-05,22.3827041901891
"TR",10,0,0,0.000201291445078468,0.000203682481169666,3.5006432459349e-05,17.3909191449754
