"Group","n_samples","n_zeros","zero_percent","mean_intensity","median_intensity","sd_intensity","cv_percent"
"Healthy",4,0,0,0.000198242805522201,0.000193349003454826,4.48006723571732e-05,22.5988893968493
"PR",9,0,0,0.000454111460430375,0.000422317350122099,0.000161154923222973,35.4879665600691
"TR",10,0,0,0.00019805041641773,0.000177335485030161,0.000133485961042627,67.3999900919559
