"Group","n_samples","n_zeros","zero_percent","mean_intensity","median_intensity","sd_intensity","cv_percent"
"Healthy",4,0,0,5.17959805465814e-05,5.26230059382973e-05,1.54708579398296e-05,29.8688388106028
"PR",9,0,0,4.975366460447e-05,5.45410758275539e-05,1.90872160667205e-05,38.3634375848682
"TR",10,0,0,3.15495444972187e-05,3.00435041488811e-05,1.10941330167704e-05,35.1641622520048
