"Group","n_samples","n_zeros","zero_percent","mean_intensity","median_intensity","sd_intensity","cv_percent"
"Healthy",4,0,0,0.00120546867871925,0.000985102118007125,0.000465266202822047,38.5962913044219
"PR",9,0,0,0.000675196780771346,0.000723747282905936,0.000251153648985261,37.1971040351144
"TR",10,0,0,0.000780184824263936,0.000786774112653087,0.00029973955582035,38.4190446287056
