"Group","n_samples","n_zeros","zero_percent","mean_intensity","median_intensity","sd_intensity","cv_percent"
"Healthy",4,0,0,0.00024074110425183,0.000227687872457317,3.68049953964292e-05,15.2882057722593
"PR",9,0,0,0.000177462865037013,0.00017856584450301,4.37959775555933e-05,24.6789532821183
"TR",10,0,0,0.000225292996485601,0.000221989858223857,1.74865215327849e-05,7.76168003691249
