"Group","n_samples","n_zeros","zero_percent","mean_intensity","median_intensity","sd_intensity","cv_percent"
"Healthy",4,0,0,0.000182622974525316,0.000176216411167012,3.9919673948227e-05,21.8590645848303
"PR",9,0,0,0.000684355613216951,0.000539084168963334,0.000504612941446561,73.7354865951237
"TR",10,0,0,0.000484464623389748,0.000283250332663192,0.00056512320245386,116.64901319311
