"Group","Timepoint","n_samples","n_zeros","zero_percent","mean_intensity","median_intensity","sd_intensity","cv_percent"
"TR","1",10,0,0,0.000172136680884706,0.000159989488032941,0.000101593225795983,59.0189291868757
"TR","2",10,0,0,0.000252825042492784,0.000274992603901761,0.000114247960391816,45.1885459072265
