"Group","Timepoint","n_samples","n_zeros","zero_percent","mean_intensity","median_intensity","sd_intensity","cv_percent"
"TR","1",10,0,0,0.000572852855051798,0.000371202166204854,0.000545639550218552,95.2495122275711
"TR","2",10,0,0,0.000340392343666071,0.000201224947508771,0.000470539902377427,138.234572878358
