"Group","Timepoint","n_samples","n_zeros","zero_percent","mean_intensity","median_intensity","sd_intensity","cv_percent"
"TR","1",10,0,0,0.00212633827211455,0.00219511080348455,0.000831418861256933,39.1009686539726
"TR","2",10,0,0,0.00284573532495846,0.00273159041969642,0.00143722804157325,50.5046280646015
