"Group","Timepoint","n_samples","n_zeros","zero_percent","mean_intensity","median_intensity","sd_intensity","cv_percent"
"TR","1",10,0,0,0.0646078900382453,0.061598718403754,0.0430079578822948,66.5676558340411
"TR","2",10,0,0,0.0613475690388051,0.0590352064792645,0.0323868859314067,52.7924519892882
