"Group","Timepoint","n_samples","n_zeros","zero_percent","mean_intensity","median_intensity","sd_intensity","cv_percent"
"TR","1",10,0,0,0.000886562356290302,0.000655209513984491,0.00073729044888011,83.1628416939786
"TR","2",10,0,0,0.00184568117846932,0.00155086352831944,0.00114715274262986,62.1533532449645
