"Group","Timepoint","n_samples","n_zeros","zero_percent","mean_intensity","median_intensity","sd_intensity","cv_percent"
"TR","1",10,0,0,0.00031340881473382,0.00031739624810629,4.04525737348813e-05,12.9072865322049
"TR","2",10,0,0,0.000309399495741188,0.000306212680639645,6.81146262789172e-05,22.0151057828145
