"Group","Timepoint","n_samples","n_zeros","zero_percent","mean_intensity","median_intensity","sd_intensity","cv_percent"
"TR","1",10,0,0,0.00025708693208989,0.000243060030234487,8.04334710522642e-05,31.286487569948
"TR","2",10,0,0,0.000221507239228392,0.00020245289305533,9.85246383978805e-05,44.4791956872767
