"Group","Timepoint","n_samples","n_zeros","zero_percent","mean_intensity","median_intensity","sd_intensity","cv_percent"
"TR","1",10,0,0,0.00524486627535915,0.00427689979481102,0.00466829645969434,89.0069682353278
"TR","2",10,0,0,0.00400841527330651,0.0027458439925127,0.0036408165290712,90.8293248286102
