"Group","Timepoint","n_samples","n_zeros","zero_percent","mean_intensity","median_intensity","sd_intensity","cv_percent"
"TR","1",10,0,0,0.000470660850152142,0.000362360583904921,0.000292182683115769,62.0792409271603
"TR","2",10,0,0,0.000600211196118816,0.000680521817525406,0.000336431810529997,56.0522383963323
