"Group","Timepoint","n_samples","n_zeros","zero_percent","mean_intensity","median_intensity","sd_intensity","cv_percent"
"TR","1",10,0,0,4.47280833397823e-05,1.32166207657057e-05,7.82689178419743e-05,174.988311588035
"TR","2",10,0,0,0.000106913889162382,2.42914654169048e-05,0.000194063394764233,181.513736226999
