"Group","Timepoint","n_samples","n_zeros","zero_percent","mean_intensity","median_intensity","sd_intensity","cv_percent"
"TR","1",10,0,0,0.00505510849568095,0.0046103758808879,0.00238629186594068,47.2055519279064
"TR","2",10,0,0,0.00534794487355006,0.00456934618960103,0.00238954856742249,44.681623014492
