"Group","Timepoint","n_samples","n_zeros","zero_percent","mean_intensity","median_intensity","sd_intensity","cv_percent"
"TR","1",10,0,0,0.00037066972890256,0.000353057166668679,0.00018434188191876,49.73211124214
"TR","2",10,0,0,0.000501836481331235,0.000448279624564472,0.000240369472669601,47.8979670891933
