"Group","Timepoint","n_samples","n_zeros","zero_percent","mean_intensity","median_intensity","sd_intensity","cv_percent"
"TR","1",10,0,0,0.0139499438656067,0.0128755942947952,0.00713461435523502,51.1443947299693
"TR","2",10,0,0,0.0149820567892086,0.0169275174514157,0.0061987597626271,41.3745579117816
