"Group","Timepoint","n_samples","n_zeros","zero_percent","mean_intensity","median_intensity","sd_intensity","cv_percent"
"TR","1",10,0,0,0.000268546166412062,0.000253353392799948,5.23051340966547e-05,19.4771479315764
"TR","2",10,0,0,0.000280529734011429,0.000289319520139225,6.81031246815598e-05,24.2766154260087
