"Group","Timepoint","n_samples","n_zeros","zero_percent","mean_intensity","median_intensity","sd_intensity","cv_percent"
"TR","1",10,0,0,0.000659380356319207,0.000614749574496828,0.000384110212655653,58.2532083302925
"TR","2",10,0,0,0.000807245485164453,0.000743381982038013,0.000590964126949225,73.2074861748942
