"Group","Timepoint","n_samples","n_zeros","zero_percent","mean_intensity","median_intensity","sd_intensity","cv_percent"
"TR","1",10,0,0,0.000246985870348315,0.000214200973275031,0.000150397447423362,60.8931382233576
"TR","2",10,0,0,0.000295652422387771,0.000255777090403734,0.000135952298741295,45.9838271045798
