"Group","Timepoint","n_samples","n_zeros","zero_percent","mean_intensity","median_intensity","sd_intensity","cv_percent"
"TR","1",10,0,0,0.000477340479011953,0.000487433729045526,5.58641071392828e-05,11.7031992038295
"TR","2",10,0,0,0.000481134969040657,0.000495928522560366,0.000111538900862491,23.1824556599764
