"Group","Timepoint","n_samples","n_zeros","zero_percent","mean_intensity","median_intensity","sd_intensity","cv_percent"
"TR","1",10,0,0,0.000157918780006737,0.000114581556700997,0.000122678262172639,77.6844034429628
"TR","2",10,0,0,0.000107325775673785,0.000107565723464632,6.38433880257294e-05,59.4856059738908
