"Group","Timepoint","n_samples","n_zeros","zero_percent","mean_intensity","median_intensity","sd_intensity","cv_percent"
"TR","1",10,0,0,0.000313550794978324,0.000307572585758387,0.00020225514874868,64.5047475521986
"TR","2",10,0,0,0.000270688552616485,0.00023466592353318,0.000191666319143168,70.8069540771171
