"Group","Timepoint","n_samples","n_zeros","zero_percent","mean_intensity","median_intensity","sd_intensity","cv_percent"
"TR","1",10,0,0,0.00144305309994873,0.000636851672051195,0.00195148329286376,135.23295109051
"TR","2",10,0,0,0.000462699900444531,0.000436915935163699,0.000180937424847451,39.1047036477895
