"Group","Timepoint","n_samples","n_zeros","zero_percent","mean_intensity","median_intensity","sd_intensity","cv_percent"
"TR","1",10,0,0,0.00143538763766024,0.00129913242283364,0.000679428881323872,47.3341739539695
"TR","2",10,0,0,0.00152295682306649,0.0012003717921931,0.000891839473092138,58.5597345626918
