"Group","Timepoint","n_samples","n_zeros","zero_percent","mean_intensity","median_intensity","sd_intensity","cv_percent"
"TR","1",10,0,0,0.00140368595154438,0.00150414045013284,0.000528745733088601,37.6683782085913
"TR","2",10,0,0,0.00156826040617966,0.00140927136027002,0.000865802063136361,55.2077996565306
