"Group","Timepoint","n_samples","n_zeros","zero_percent","mean_intensity","median_intensity","sd_intensity","cv_percent"
"TR","1",10,0,0,0.000594353936123884,0.000605595119686738,0.000205126053462076,34.5124413240733
"TR","2",10,0,0,0.000442195368038754,0.000435544079010226,0.000141301740702063,31.9545953927043
