"Group","Timepoint","n_samples","n_zeros","zero_percent","mean_intensity","median_intensity","sd_intensity","cv_percent"
"TR","1",10,0,0,0.000553437452676919,0.000268722662208175,0.000747551887768928,135.074322157472
"TR","2",10,0,0,0.000608957936605027,0.000470862661994195,0.00052919031895985,86.9009642784383
