"Group","Timepoint","n_samples","n_zeros","zero_percent","mean_intensity","median_intensity","sd_intensity","cv_percent"
"TR","1",10,0,0,0.00039268496187648,0.000363476588048857,0.00020495226861716,52.1925432636324
"TR","2",10,0,0,0.00053409639339919,0.000463181452111273,0.000311337963137101,58.2924668627005
