"Group","Timepoint","n_samples","n_zeros","zero_percent","mean_intensity","median_intensity","sd_intensity","cv_percent"
"TR","1",10,0,0,0.000609724774041708,0.000286760469824057,0.00103512945395557,169.769951628169
"TR","2",10,0,0,0.000423094835293732,0.000254247814258588,0.000520295006834361,122.973613344428
