"Group","Timepoint","n_samples","n_zeros","zero_percent","mean_intensity","median_intensity","sd_intensity","cv_percent"
"TR","1",10,0,0,0.00121671195474451,0.000737342385792396,0.00105000192580975,86.2983158598319
"TR","2",10,0,0,0.00123308097181571,0.00128445676461182,0.000597637700513427,48.4670280519701
