"Group","Timepoint","n_samples","n_zeros","zero_percent","mean_intensity","median_intensity","sd_intensity","cv_percent"
"TR","1",10,0,0,0.00157111285725705,0.00122112919905152,0.00147798886093313,94.0727366660024
"TR","2",10,0,0,0.00118586256550611,0.000971621685094397,0.000640668734454849,54.0255467277879
