"Group","Timepoint","n_samples","n_zeros","zero_percent","mean_intensity","median_intensity","sd_intensity","cv_percent"
"TR","1",10,0,0,0.00217930817849237,0.00159849401183977,0.00223413111587471,102.515611969128
"TR","2",10,0,0,0.00291586404457403,0.00222115813449831,0.00217808452938268,74.6977395409004
