"Group","Timepoint","n_samples","n_zeros","zero_percent","mean_intensity","median_intensity","sd_intensity","cv_percent"
"TR","1",10,0,0,0.00020172607690088,0.000178424696302528,0.000168974541676929,83.7643522706073
"TR","2",10,0,0,0.000118872151675543,9.87650011449166e-05,8.59631810420872e-05,72.3156600014447
