"Group","Timepoint","n_samples","n_zeros","zero_percent","mean_intensity","median_intensity","sd_intensity","cv_percent"
"TR","1",10,0,0,0.000492325365219126,0.000388285141723919,0.000366153499014617,74.3722596644291
"TR","2",10,0,0,0.000860871093390107,0.0007196610320878,0.000558677781045346,64.8967987582525
