"Group","Timepoint","n_samples","n_zeros","zero_percent","mean_intensity","median_intensity","sd_intensity","cv_percent"
"TR","1",10,0,0,0.00112140399661752,0.000882719969857235,0.000681288688738582,60.7531889304429
"TR","2",10,0,0,0.00164158704558036,0.00153711389397867,0.000773430283259615,47.114789638595
