"Group","Timepoint","n_samples","n_zeros","zero_percent","mean_intensity","median_intensity","sd_intensity","cv_percent"
"TR","1",10,0,0,0.000125609027503777,6.20349265105109e-05,0.000129723406012863,103.275543637946
"TR","2",10,0,0,0.000134012245283411,5.18881692162578e-05,0.000151185603196518,112.814767692898
