"Group","Timepoint","n_samples","n_zeros","zero_percent","mean_intensity","median_intensity","sd_intensity","cv_percent"
"TR","1",10,0,0,0.00101347455409831,0.00103314479568685,0.000195110934832581,19.251685604102
"TR","2",10,0,0,0.00172665650059214,0.00089005743487177,0.00256094332398563,148.318054176229
