"Group","Timepoint","n_samples","n_zeros","zero_percent","mean_intensity","median_intensity","sd_intensity","cv_percent"
"TR","1",10,0,0,0.000347956751792934,0.000319681587591964,0.000201642916728742,57.9505687674478
"TR","2",10,0,0,0.000233259456141041,0.000228941806697839,6.6178733187929e-05,28.3712970452584
