"Group","Timepoint","n_samples","n_zeros","zero_percent","mean_intensity","median_intensity","sd_intensity","cv_percent"
"TR","1",10,0,0,0.00287566465732124,0.0031330009428473,0.000977541775576594,33.9935942491709
"TR","2",10,0,0,0.00347589794117531,0.00345702310592051,0.00106419397841918,30.6163758668744
