"Group","Timepoint","n_samples","n_zeros","zero_percent","mean_intensity","median_intensity","sd_intensity","cv_percent"
"TR","1",10,0,0,0.0151847969810824,0.0137864239116547,0.00624989093025579,41.1588705337453
"TR","2",10,0,0,0.00935103344857314,0.0110296495510546,0.00421397783089332,45.0643006900625
