"Group","Timepoint","n_samples","n_zeros","zero_percent","mean_intensity","median_intensity","sd_intensity","cv_percent"
"TR","1",10,0,0,0.00112897705302923,0.00103836252760122,0.00100452057346491,88.9761727901925
"TR","2",10,0,0,0.000586874974231151,0.000381509182584532,0.000476184617441157,81.1390225090095
