"Group","Timepoint","n_samples","n_zeros","zero_percent","mean_intensity","median_intensity","sd_intensity","cv_percent"
"TR","1",10,0,0,0.000637173326511899,0.000418908269206654,0.000497231683207858,78.0371152587117
"TR","2",10,0,0,0.000851866781319419,0.000794242137198996,0.000427515524024617,50.1857254443538
