"Group","Timepoint","n_samples","n_zeros","zero_percent","mean_intensity","median_intensity","sd_intensity","cv_percent"
"TR","1",10,0,0,0.000167510008031898,0.000158558971762486,6.58411219961871e-05,39.3057840362884
"TR","2",10,0,0,0.000152507099072147,0.000154031303557417,8.25159582010786e-05,54.106306331381
