"Group","Timepoint","n_samples","n_zeros","zero_percent","mean_intensity","median_intensity","sd_intensity","cv_percent"
"TR","1",10,0,0,0.00186120527066489,0.00122749657781115,0.00140626492457528,75.5566807562774
"TR","2",10,0,0,0.00173154272122775,0.00161850489647085,0.000809405816547254,46.7447788971297
