"Group","Timepoint","n_samples","n_zeros","zero_percent","mean_intensity","median_intensity","sd_intensity","cv_percent"
"TR","1",10,0,0,0.000219276606809624,0.000224966262003665,2.60022227320675e-05,11.8581836477626
"TR","2",10,0,0,0.000208417376587787,0.000206639704281719,4.5977821761822e-05,22.0604550899603
