"Group","Timepoint","n_samples","n_zeros","zero_percent","mean_intensity","median_intensity","sd_intensity","cv_percent"
"TR","1",10,0,0,0.000378644284477441,0.00036365152799541,8.7504571523409e-05,23.1099676162211
"TR","2",10,0,0,0.000370212238647737,0.000353900287301098,0.000168191824542312,45.431189729616
