"Group","Timepoint","n_samples","n_zeros","zero_percent","mean_intensity","median_intensity","sd_intensity","cv_percent"
"TR","1",10,0,0,0.00440616644055564,0.00437532268152047,0.00147251533056106,33.4194214046841
"TR","2",10,0,0,0.00496547782789972,0.00493422738606985,0.00339709772668692,68.4143166967641
