"Group","Timepoint","n_samples","n_zeros","zero_percent","mean_intensity","median_intensity","sd_intensity","cv_percent"
"TR","1",10,0,0,0.00160245835534714,0.00115281138559949,0.00117186624394993,73.1292791503507
"TR","2",10,0,0,0.00238531614398912,0.00253427129465924,0.000969020364169564,40.6243996885465
