"Group","Timepoint","n_samples","n_zeros","zero_percent","mean_intensity","median_intensity","sd_intensity","cv_percent"
"TR","1",10,0,0,0.00988712806235843,0.0111280289110696,0.00402235934727137,40.6827879835501
"TR","2",10,0,0,0.011162534128688,0.0108810242462999,0.00257805386455099,23.0955967061756
