"Group","Timepoint","n_samples","n_zeros","zero_percent","mean_intensity","median_intensity","sd_intensity","cv_percent"
"TR","1",10,0,0,0.0014937007337858,0.00137091390431174,0.000666315200387026,44.6083465928441
"TR","2",10,0,0,0.00173598298363151,0.0012473755791873,0.00141520206894728,81.521655585979
