"Group","Timepoint","n_samples","n_zeros","zero_percent","mean_intensity","median_intensity","sd_intensity","cv_percent"
"TR","1",10,0,0,6.61110803940612e-05,6.67264782104908e-05,1.58289798892677e-05,23.9430059150715
"TR","2",10,0,0,6.15863943461925e-05,5.7339485677593e-05,2.42430425681707e-05,39.3642830133787
