"Group","Timepoint","n_samples","n_zeros","zero_percent","mean_intensity","median_intensity","sd_intensity","cv_percent"
"TR","1",10,0,0,0.11477355670859,0.103004598740849,0.0528289115428824,46.0288180116394
"TR","2",10,0,0,0.110631626265049,0.0975021234968277,0.0453863650677806,41.0247653406495
