"Group","Timepoint","n_samples","n_zeros","zero_percent","mean_intensity","median_intensity","sd_intensity","cv_percent"
"TR","1",10,0,0,0.0013268693440778,0.00120041783334293,0.00111706603777855,84.1880960445983
"TR","2",10,0,0,0.000995062137950728,0.000617810725574267,0.000821229887632423,82.5305130515465
