"Group","Timepoint","n_samples","n_zeros","zero_percent","mean_intensity","median_intensity","sd_intensity","cv_percent"
"TR","1",10,0,0,0.000591559877578003,0.000568012248336934,0.00019192215348219,32.4434027317687
"TR","2",10,0,0,0.000507715967861531,0.000551068695147155,0.000198693953288358,39.1348639526239
