"Group","Timepoint","n_samples","n_zeros","zero_percent","mean_intensity","median_intensity","sd_intensity","cv_percent"
"TR","1",10,0,0,0.000831964012333308,0.000871674105818374,0.000341793728703299,41.0827540177744
"TR","2",10,0,0,0.000732971771024208,0.000695476360762634,0.000257985611917882,35.1972097857725
