"Group","Timepoint","n_samples","n_zeros","zero_percent","mean_intensity","median_intensity","sd_intensity","cv_percent"
"TR","1",10,0,0,0.000329355173807258,0.00026630671141124,0.000183140999800384,55.6059276929894
"TR","2",10,0,0,0.000322990039988708,0.000311667432068446,0.000165874687970363,51.3559761707087
