"Group","Timepoint","n_samples","n_zeros","zero_percent","mean_intensity","median_intensity","sd_intensity","cv_percent"
"TR","1",10,0,0,0.00135859080036598,0.00112385302845096,0.000761811000548355,56.0736168935589
"TR","2",10,0,0,0.00148037288684482,0.00132676571277127,0.000821784225829105,55.5119749308979
