"Group","Timepoint","n_samples","n_zeros","zero_percent","mean_intensity","median_intensity","sd_intensity","cv_percent"
"TR","1",10,0,0,0.00142075190173446,0.00145574220530198,0.000280658230388643,19.7542040975638
"TR","2",10,0,0,0.00123377000416806,0.00114086452512062,0.000417304630333942,33.8235350935877
