"Group","Timepoint","n_samples","n_zeros","zero_percent","mean_intensity","median_intensity","sd_intensity","cv_percent"
"TR","1",10,0,0,0.000401546487486014,0.000296579286523178,0.000281013727185712,69.9828627427603
"TR","2",10,0,0,0.000400922670724422,0.000448774918536215,0.000181057677475008,45.1602492689818
