"Group","Timepoint","n_samples","n_zeros","zero_percent","mean_intensity","median_intensity","sd_intensity","cv_percent"
"TR","1",10,0,0,0.000372840250357905,0.000203440756062719,0.000420566800806073,112.800804205649
"TR","2",10,0,0,0.000511182614638248,0.000347508551012387,0.000566923429705243,110.90428615348
