"Group","Timepoint","n_samples","n_zeros","zero_percent","mean_intensity","median_intensity","sd_intensity","cv_percent"
"TR","1",10,0,0,0.000458955994343325,0.000509167188455067,0.000218170881807815,47.5363399752464
"TR","2",10,0,0,0.000541261026495322,0.000397138858213817,0.000338957318123973,62.6236328742769
