"Group","Timepoint","n_samples","n_zeros","zero_percent","mean_intensity","median_intensity","sd_intensity","cv_percent"
"TR","1",10,0,0,0.00621913039990625,0.00606704776928945,0.00191020214535316,30.714939589978
"TR","2",10,0,0,0.0057332123765745,0.00573224517570991,0.00268063083674955,46.7561754332076
