"Group","Timepoint","n_samples","n_zeros","zero_percent","mean_intensity","median_intensity","sd_intensity","cv_percent"
"TR","1",10,0,0,0.00122839300200149,0.00108425284327743,0.00069107241237112,56.2582505147065
"TR","2",10,0,0,0.00115361169757034,0.00111221146484683,0.000569811807105693,49.393726529108
