"Group","Timepoint","n_samples","n_zeros","zero_percent","mean_intensity","median_intensity","sd_intensity","cv_percent"
"TR","1",10,0,0,8.23469016369413e-05,6.03552153792177e-05,9.12862919968489e-05,110.855770140959
"TR","2",10,0,0,9.1214081972506e-05,6.56259967192775e-05,8.44759286932486e-05,92.6128146734093
