"Group","Timepoint","n_samples","n_zeros","zero_percent","mean_intensity","median_intensity","sd_intensity","cv_percent"
"TR","1",10,0,0,0.000265118388118764,0.000272954992401145,8.31803471135754e-05,31.3747936172249
"TR","2",10,0,0,0.000203578061481637,0.000189230999292501,0.000109815990335783,53.9429393995327
