"Group","Timepoint","n_samples","n_zeros","zero_percent","mean_intensity","median_intensity","sd_intensity","cv_percent"
"TR","1",10,0,0,0.00688795065089775,0.00633462589895733,0.00252569864652607,36.6683615277772
"TR","2",10,0,0,0.00609803079576349,0.00495576707408146,0.00213630050466908,35.0326289948099
