"Group","Timepoint","n_samples","n_zeros","zero_percent","mean_intensity","median_intensity","sd_intensity","cv_percent"
"TR","1",10,0,0,2.97166434745467e-05,2.9249055440579e-05,7.97455916851857e-06,26.8353294185093
"TR","2",10,0,0,2.74393338464983e-05,2.28136899465849e-05,1.1826663819725e-05,43.1011331611982
