"Group","Timepoint","n_samples","n_zeros","zero_percent","mean_intensity","median_intensity","sd_intensity","cv_percent"
"TR","1",10,0,0,0.000419179810774442,0.000420938249852836,0.00016997643824257,40.5497673966063
"TR","2",10,0,0,0.000430231208521417,0.000371644729855762,0.000290106008978357,67.4302568554637
