"Group","Timepoint","n_samples","n_zeros","zero_percent","mean_intensity","median_intensity","sd_intensity","cv_percent"
"TR","1",10,0,0,0.000160700658848526,0.000125517786559845,0.000124554136396937,77.5069233003827
"TR","2",10,0,0,6.66740706315248e-05,6.08113511062726e-05,3.83297098913869e-05,57.4881802300877
