"Group","Timepoint","n_samples","n_zeros","zero_percent","mean_intensity","median_intensity","sd_intensity","cv_percent"
"TR","1",10,0,0,0.000404228118573106,0.000413989782241801,0.000169347367381659,41.8940097436671
"TR","2",10,0,0,0.000481113924196442,0.000432603026370636,0.000256729920263471,53.3615651827709
