"Group","Timepoint","n_samples","n_zeros","zero_percent","mean_intensity","median_intensity","sd_intensity","cv_percent"
"TR","1",10,0,0,0.00165252961459828,0.000989826985588963,0.00176129555441652,106.581784608119
"TR","2",10,0,0,0.00237499816982536,0.00218933445167473,0.00167300810566319,70.4425008372204
