"Group","Timepoint","n_samples","n_zeros","zero_percent","mean_intensity","median_intensity","sd_intensity","cv_percent"
"TR","1",10,0,0,0.000522790640013276,0.000415849798095347,0.000448974922188573,85.8804438765721
"TR","2",10,0,0,0.00021475755948994,0.000139362093975481,0.000231876273882837,107.971181286263
