"Group","Timepoint","n_samples","n_zeros","zero_percent","mean_intensity","median_intensity","sd_intensity","cv_percent"
"TR","1",10,0,0,0.000556760134466616,0.000569422423435586,0.000294248228797918,52.8500893979796
"TR","2",10,0,0,0.0004301242669028,0.000467505993481934,0.000272872045855094,63.4402815307229
