"Group","Timepoint","n_samples","n_zeros","zero_percent","mean_intensity","median_intensity","sd_intensity","cv_percent"
"TR","1",10,0,0,0.00717904966304302,0.00529161750260687,0.00651172985848527,90.7046219781284
"TR","2",10,0,0,0.00384338697128571,0.00228229118293102,0.00313729854383305,81.6284846483606
