"Group","Timepoint","n_samples","n_zeros","zero_percent","mean_intensity","median_intensity","sd_intensity","cv_percent"
"TR","1",10,0,0,0.000775109514020363,0.000750911037927077,0.000418815142506525,54.0330282277405
"TR","2",10,0,0,0.000622935720419674,0.000508322755010962,0.000312195580424623,50.1168210765464
