"Group","Timepoint","n_samples","n_zeros","zero_percent","mean_intensity","median_intensity","sd_intensity","cv_percent"
"TR","1",10,0,0,0.014308337979917,0.0140035131130136,0.00165986860952531,11.6007087046383
"TR","2",10,0,0,0.0138833011905116,0.0136770363900175,0.00271663859762461,19.5676702561295
