"Group","Timepoint","n_samples","n_zeros","zero_percent","mean_intensity","median_intensity","sd_intensity","cv_percent"
"TR","1",10,0,0,0.000168927126047976,9.86528135292939e-05,0.000118461967488455,70.1260775932525
"TR","2",10,0,0,0.000165202026004292,0.000115206343168499,0.000140258808458715,84.901385201578
