"Group","Timepoint","n_samples","n_zeros","zero_percent","mean_intensity","median_intensity","sd_intensity","cv_percent"
"TR","1",10,0,0,0.00170818065602084,0.000927071893368423,0.00173816239351128,101.755185400605
"TR","2",10,0,0,0.00207534865936558,0.00174238458113415,0.00160196989343393,77.190398162959
