"Group","Timepoint","n_samples","n_zeros","zero_percent","mean_intensity","median_intensity","sd_intensity","cv_percent"
"TR","1",10,0,0,0.00204776863541854,0.00194892778885207,0.000833476689334223,40.7017020828562
"TR","2",10,0,0,0.00204172142211357,0.00183068655055185,0.00105315635345507,51.581784960891
