"Group","Timepoint","n_samples","n_zeros","zero_percent","mean_intensity","median_intensity","sd_intensity","cv_percent"
"TR","1",10,0,0,0.000249348717928344,0.000219487491770111,0.000206515221997194,82.8218503439594
"TR","2",10,0,0,0.000233182725607622,0.000237324691800096,0.000127707548433405,54.7671565724381
