"Group","Timepoint","n_samples","n_zeros","zero_percent","mean_intensity","median_intensity","sd_intensity","cv_percent"
"TR","1",10,0,0,0.000193751616783137,0.0001516983130485,0.000125438378699205,64.7418487555673
"TR","2",10,0,0,0.000107876795179454,8.02492531003264e-05,7.06681945603307e-05,65.5082443288877
