"Group","Timepoint","n_samples","n_zeros","zero_percent","mean_intensity","median_intensity","sd_intensity","cv_percent"
"TR","1",10,0,0,0.00144665601737858,0.00143878086421712,0.000204995024556408,14.1702672987784
"TR","2",10,0,0,0.00110410551359779,0.00134410685903851,0.000663371310518234,60.0822387306626
