"Group","Timepoint","n_samples","n_zeros","zero_percent","mean_intensity","median_intensity","sd_intensity","cv_percent"
"TR","1",10,0,0,0.000319371281760724,0.000276392280486377,0.000136773959998762,42.8260046566222
"TR","2",10,0,0,0.000286530178337164,0.000274545520275522,0.000150807217471099,52.6322282512392
