"Group","Timepoint","n_samples","n_zeros","zero_percent","mean_intensity","median_intensity","sd_intensity","cv_percent"
"TR","1",10,0,0,0.00271524378751373,0.00284160477976592,0.00116492931098406,42.9033045335039
"TR","2",10,0,0,0.0028625375942241,0.00331040646664079,0.00190092422526681,66.4069610510063
