"Group","Timepoint","n_samples","n_zeros","zero_percent","mean_intensity","median_intensity","sd_intensity","cv_percent"
"TR","1",10,0,0,0.000324900394681271,0.00023908070285901,0.000233062005841446,71.7333711059602
"TR","2",10,0,0,0.000502277633845523,0.000485279473058383,0.000337778237544451,67.2493089047911
