"Group","Timepoint","n_samples","n_zeros","zero_percent","mean_intensity","median_intensity","sd_intensity","cv_percent"
"TR","1",10,0,0,0.000420934578809326,0.000244830284287463,0.000466930655380075,110.927131883737
"TR","2",10,0,0,0.000299609067284638,0.000263510717939088,0.000201469926753407,67.2442688665374
