"Group","Timepoint","n_samples","n_zeros","zero_percent","mean_intensity","median_intensity","sd_intensity","cv_percent"
"TR","1",10,0,0,0.00124603628487963,0.00150301259068512,0.000641668800679053,51.4967989668969
"TR","2",10,0,0,0.0016555312464244,0.00128545808569392,0.000986734274736026,59.6022743072452
