"Group","Timepoint","n_samples","n_zeros","zero_percent","mean_intensity","median_intensity","sd_intensity","cv_percent"
"TR","1",10,0,0,0.0386691984643796,0.0308561068424721,0.0314502960362023,81.3316471122951
"TR","2",10,0,0,0.0319852331821929,0.027614549906747,0.0242170377248497,75.7131817264101
