"Group","Timepoint","n_samples","n_zeros","zero_percent","mean_intensity","median_intensity","sd_intensity","cv_percent"
"TR","1",10,0,0,0.000773815669793732,0.000484866432303396,0.000782115008900388,101.072521458356
"TR","2",10,0,0,0.000691118911705792,0.000256863822883729,0.000857803401483889,124.118062312416
