"Group","Timepoint","n_samples","n_zeros","zero_percent","mean_intensity","median_intensity","sd_intensity","cv_percent"
"TR","1",10,0,0,0.00174163506332035,0.00139616873403178,0.00116818876835976,67.0742564250318
"TR","2",10,0,0,0.00269619566628098,0.00261479197390584,0.00126482167354269,46.9113458403903
