"Group","Timepoint","n_samples","n_zeros","zero_percent","mean_intensity","median_intensity","sd_intensity","cv_percent"
"TR","1",10,0,0,0.00144313549284967,0.00128209670108687,0.000665323499335672,46.1026357283957
"TR","2",10,0,0,0.00191966827620271,0.00125951034404322,0.00141151429044638,73.5290731187416
