"Group","Timepoint","n_samples","n_zeros","zero_percent","mean_intensity","median_intensity","sd_intensity","cv_percent"
"TR","1",10,0,0,0.00034067385672283,0.000280838022447342,0.000201086381849956,59.0260678598414
"TR","2",10,0,0,0.000418883241894789,0.000368105425473347,0.000254740893540483,60.8142957422169
