"Group","Timepoint","n_samples","n_zeros","zero_percent","mean_intensity","median_intensity","sd_intensity","cv_percent"
"TR","1",10,0,0,0.000512291565959867,0.000418434113812887,0.000407263182885263,79.4983189157496
"TR","2",10,0,0,0.000357486503772741,0.000309366748458435,0.000174868462569953,48.9161019295764
