"Group","Timepoint","n_samples","n_zeros","zero_percent","mean_intensity","median_intensity","sd_intensity","cv_percent"
"TR","1",10,0,0,0.00145223344517431,0.00125986279069167,0.00102246646172396,70.406480798356
"TR","2",10,0,0,0.0022776562605518,0.00237539597795595,0.00124952022524464,54.8599122214305
