"Group","Timepoint","n_samples","n_zeros","zero_percent","mean_intensity","median_intensity","sd_intensity","cv_percent"
"TR","1",10,0,0,0.00196601339458219,0.00158687572501787,0.00160878395950322,81.829755785825
"TR","2",10,0,0,0.00166563202422658,0.0011597274537825,0.00196170400458107,117.775353502342
