"Group","Timepoint","n_samples","n_zeros","zero_percent","mean_intensity","median_intensity","sd_intensity","cv_percent"
"TR","1",10,0,0,5.47683216907709e-05,2.36044397845725e-05,8.08996561277479e-05,147.712498083322
"TR","2",10,0,0,0.000122427920429645,4.00855542580695e-05,0.000201361460298974,164.473479245847
