"Group","Timepoint","n_samples","n_zeros","zero_percent","mean_intensity","median_intensity","sd_intensity","cv_percent"
"TR","1",10,0,0,0.0014918477620503,0.00128592645888955,0.00105694466644932,70.8480243987315
"TR","2",10,0,0,0.00195046063276989,0.00126190398609936,0.00163634867907324,83.895498918603
