"Group","Timepoint","n_samples","n_zeros","zero_percent","mean_intensity","median_intensity","sd_intensity","cv_percent"
"TR","1",10,0,0,0.000695138355201999,0.000443753948853208,0.000689165935815337,99.1408301179229
"TR","2",10,0,0,0.000634549413446422,0.000547240399559413,0.00065110172854849,102.608514758869
