"Group","Timepoint","n_samples","n_zeros","zero_percent","mean_intensity","median_intensity","sd_intensity","cv_percent"
"TR","1",10,0,0,0.00666234590026556,0.00599537600724872,0.00297360976923738,44.6330739014745
"TR","2",10,0,0,0.0063895416330259,0.00596035686694295,0.0040232719580431,62.9665191826568
