"Group","Timepoint","n_samples","n_zeros","zero_percent","mean_intensity","median_intensity","sd_intensity","cv_percent"
"TR","1",10,0,0,0.00124125420402488,0.00105138033049425,0.000483238561129101,38.931474275145
"TR","2",10,0,0,0.000998607906616958,0.000796002416510247,0.000636504353115428,63.7391661830269
