"Group","Timepoint","n_samples","n_zeros","zero_percent","mean_intensity","median_intensity","sd_intensity","cv_percent"
"TR","1",10,0,0,0.00166876155630696,0.00164173867688387,0.000489170883329631,29.3134079869497
"TR","2",10,0,0,0.00217790900837355,0.00197241866085222,0.00139120237471002,63.8778924813285
