"Group","Timepoint","n_samples","n_zeros","zero_percent","mean_intensity","median_intensity","sd_intensity","cv_percent"
"TR","1",10,0,0,0.000203867230317885,0.000123032401627535,0.000211503465012615,103.745690115485
"TR","2",10,0,0,0.000224641447284892,0.000128381477511541,0.000246673897843981,109.807829688324
