"Group","Timepoint","n_samples","n_zeros","zero_percent","mean_intensity","median_intensity","sd_intensity","cv_percent"
"TR","1",10,0,0,0.00103938245779613,0.000858298045602791,0.000929657727357491,89.4432766672535
"TR","2",10,0,0,0.00152139864728595,0.0014727585425445,0.000831995976198453,54.6862571281148
