"Group","Timepoint","n_samples","n_zeros","zero_percent","mean_intensity","median_intensity","sd_intensity","cv_percent"
"TR","1",10,0,0,0.00179947461056393,0.00175915369186593,0.00126219929823529,70.142656685761
"TR","2",10,0,0,0.00128996514234308,0.000772552347217445,0.00117293430620501,90.9275970104511
