"Group","Timepoint","n_samples","n_zeros","zero_percent","mean_intensity","median_intensity","sd_intensity","cv_percent"
"TR","1",10,0,0,0.000443522338692433,0.000440218695167893,0.000202126567623188,45.5730298092958
"TR","2",10,0,0,0.000301968538713229,0.000304591253041794,0.00010160452039862,33.6473861918147
