"Group","Timepoint","n_samples","n_zeros","zero_percent","mean_intensity","median_intensity","sd_intensity","cv_percent"
"TR","1",10,0,0,0.000858765457735386,0.000607435223341411,0.000657596792177605,76.5746673034249
"TR","2",10,0,0,0.000905095190386366,0.000695395635466004,0.000782171519464109,86.4187024494315
