"Group","Timepoint","n_samples","n_zeros","zero_percent","mean_intensity","median_intensity","sd_intensity","cv_percent"
"TR","1",10,0,0,0.000727307149248849,0.000518630208484835,0.000565763632422903,77.7888176965145
"TR","2",10,0,0,0.000958735373689008,0.00107411519264776,0.000659187072026796,68.7558934526829
