"Group","Timepoint","n_samples","n_zeros","zero_percent","mean_intensity","median_intensity","sd_intensity","cv_percent"
"TR","1",10,0,0,0.000915498389878026,0.000918128984465303,9.67704839501384e-05,10.5702516814946
"TR","2",10,0,0,0.000892048338720802,0.000871885056690439,0.000177647025799731,19.9145066571703
