"Group","Timepoint","n_samples","n_zeros","zero_percent","mean_intensity","median_intensity","sd_intensity","cv_percent"
"TR","1",10,0,0,0.00195150846507493,0.00147431962634651,0.00131179751646226,67.2196682688685
"TR","2",10,0,0,0.00165382907336502,0.00159418068097238,0.00123677640599315,74.7826015343111
