"Group","Timepoint","n_samples","n_zeros","zero_percent","mean_intensity","median_intensity","sd_intensity","cv_percent"
"TR","1",10,0,0,0.000240126935224362,0.000111585662336092,0.000243167941938754,101.266416327494
"TR","2",10,0,0,0.000336799092238555,0.000320066853407608,0.000313678999073037,93.1353457600349
