"Group","Timepoint","n_samples","n_zeros","zero_percent","mean_intensity","median_intensity","sd_intensity","cv_percent"
"TR","1",10,0,0,0.000114139434072926,7.2037335986933e-05,9.63347952830265e-05,84.4009750578196
"TR","2",10,0,0,0.000119886732277492,8.4086394948281e-05,7.50465140216674e-05,62.5978476483651
