"Group","Timepoint","n_samples","n_zeros","zero_percent","mean_intensity","median_intensity","sd_intensity","cv_percent"
"TR","1",10,0,0,0.000277660710445582,0.000247374767015206,0.000170057709557973,61.2465873493839
"TR","2",10,0,0,0.000250825399006143,0.000219012377280485,0.000164339780211707,65.5195928573732
