"Group","Timepoint","n_samples","n_zeros","zero_percent","mean_intensity","median_intensity","sd_intensity","cv_percent"
"TR","1",10,0,0,0.000655451784562245,0.000632502140134169,0.000333625671437772,50.9001087945148
"TR","2",10,0,0,0.000633542064358037,0.000590650854341547,0.000273593919248223,43.1848072354049
