"Group","Timepoint","n_samples","n_zeros","zero_percent","mean_intensity","median_intensity","sd_intensity","cv_percent"
"TR","1",10,0,0,0.000418911145812155,0.000429425578326891,0.000297875680045346,71.1071268986758
"TR","2",10,0,0,0.000605734186283849,0.000527861927046432,0.000374068735032945,61.754601853965
