"Group","Timepoint","n_samples","n_zeros","zero_percent","mean_intensity","median_intensity","sd_intensity","cv_percent"
"TR","1",10,0,0,0.00249938275457482,0.00231461662706322,0.00173678122645443,69.4884056183655
"TR","2",10,0,0,0.00356689373297415,0.00347586499914622,0.00180421109741547,50.582137638036
