"Group","Timepoint","n_samples","n_zeros","zero_percent","mean_intensity","median_intensity","sd_intensity","cv_percent"
"TR","1",10,0,0,0.000399296986575984,0.000369343717277546,0.000133340654126973,33.393854351465
"TR","2",10,0,0,0.000324317476584084,0.000320892898510661,8.34002461082032e-05,25.7156188394863
