"Group","Timepoint","n_samples","n_zeros","zero_percent","mean_intensity","median_intensity","sd_intensity","cv_percent"
"TR","1",10,0,0,0.000181644372671437,0.000180342811051751,2.55138022888082e-05,14.0460185545953
"TR","2",10,0,0,0.000175685888878785,0.000180368296317212,4.28845534283869e-05,24.4097882317545
