"Group","Timepoint","n_samples","n_zeros","zero_percent","mean_intensity","median_intensity","sd_intensity","cv_percent"
"TR","1",10,0,0,0.00170484876290785,0.00159203729945123,0.000874087790044878,51.2706938622521
"TR","2",10,0,0,0.00204263875451231,0.00170420886783335,0.001538792373623,75.3335542187142
