"Group","Timepoint","n_samples","n_zeros","zero_percent","mean_intensity","median_intensity","sd_intensity","cv_percent"
"TR","1",10,0,0,0.00140939451637102,0.00110314897928575,0.000934453409805113,66.3017628457356
"TR","2",10,0,0,0.00225640350703059,0.00240844939884118,0.00117940911598602,52.2694239887134
