"Group","Timepoint","n_samples","n_zeros","zero_percent","mean_intensity","median_intensity","sd_intensity","cv_percent"
"TR","1",10,0,0,0.00081088532393315,0.000707886114835732,0.000569308575727255,70.2082722333484
"TR","2",10,0,0,0.00129586870241662,0.00120158398039012,0.000638738256806075,49.2903529203934
