"Group","Timepoint","n_samples","n_zeros","zero_percent","mean_intensity","median_intensity","sd_intensity","cv_percent"
"TR","1",10,0,0,0.000227246341204925,0.000194029710387526,9.29091738775965e-05,40.8847831762508
"TR","2",10,0,0,0.000202039022299006,0.000217479630064438,8.79561100325583e-05,43.5342188017463
