"Group","Timepoint","n_samples","n_zeros","zero_percent","mean_intensity","median_intensity","sd_intensity","cv_percent"
"TR","1",10,0,0,0.00103101962027843,0.000859434151210688,0.000752730872217836,73.0083945458337
"TR","2",10,0,0,0.000682043994132564,0.000596683075926589,0.000534124365084017,78.3123038512093
