"Group","Timepoint","n_samples","n_zeros","zero_percent","mean_intensity","median_intensity","sd_intensity","cv_percent"
"TR","1",10,0,0,0.000287823243840229,0.000207242559337999,0.00019366585963279,67.2863862726438
"TR","2",10,0,0,0.00024153693110101,0.000204596845931666,0.000140026779967436,57.9732380175341
