"Group","Timepoint","n_samples","n_zeros","zero_percent","mean_intensity","median_intensity","sd_intensity","cv_percent"
"TR","1",10,0,0,0.000270696006650472,0.000280869539560957,5.58737406879289e-05,20.6407702054039
"TR","2",10,0,0,0.000291294932899529,0.000306142374994263,0.000120627537690874,41.4107916296915
