"Group","Timepoint","n_samples","n_zeros","zero_percent","mean_intensity","median_intensity","sd_intensity","cv_percent"
"TR","1",10,0,0,0.000492212251761686,0.000367444221477936,0.000300784453214148,61.1086888100824
"TR","2",10,0,0,0.000535687622865468,0.000478468931342168,0.000309897815737801,57.8504715266919
