"Group","Timepoint","n_samples","n_zeros","zero_percent","mean_intensity","median_intensity","sd_intensity","cv_percent"
"TR","1",10,0,0,0.000191306816628211,0.000194894088646942,2.75800275225815e-05,14.4166465203281
"TR","2",10,0,0,0.000184614596643632,0.000182234754472108,4.71688975545854e-05,25.5499285604361
