"Group","Timepoint","n_samples","n_zeros","zero_percent","mean_intensity","median_intensity","sd_intensity","cv_percent"
"TR","1",10,0,0,0.000123629542508983,5.71431017155012e-05,0.000109102516159102,88.2495509931814
"TR","2",10,0,0,0.000183747242322799,7.1103071596735e-05,0.000180402466715572,98.1796866364118
