"Group","Timepoint","n_samples","n_zeros","zero_percent","mean_intensity","median_intensity","sd_intensity","cv_percent"
"TR","1",10,0,0,0.00192200726147484,0.00190888724856777,0.000236667813971251,12.3135754330941
"TR","2",10,0,0,0.00185265509557331,0.00178378448307554,0.000406183997943854,21.9244261338433
