"Group","Timepoint","n_samples","n_zeros","zero_percent","mean_intensity","median_intensity","sd_intensity","cv_percent"
"TR","1",10,0,0,0.000253641025235606,0.000115453640425392,0.000309819030180622,122.148627136652
"TR","2",10,0,0,0.000144288072690778,8.84613813326547e-05,0.000115549238089357,80.0823213828555
