"Group","Timepoint","n_samples","n_zeros","zero_percent","mean_intensity","median_intensity","sd_intensity","cv_percent"
"TR","1",10,0,0,0.000113466273119697,0.000112936342213207,1.55015666410894e-05,13.6618276205623
"TR","2",10,0,0,0.000106762187094994,0.000105946248308458,2.29447072031057e-05,21.4914173523723
