"Group","Timepoint","n_samples","n_zeros","zero_percent","mean_intensity","median_intensity","sd_intensity","cv_percent"
"TR","1",10,0,0,0.000244696709557722,6.88500901265564e-05,0.000365019108041464,149.172054132325
"TR","2",10,0,0,0.000273178574398994,0.000124393542657476,0.000295878819616225,108.30967262611
