"Group","Timepoint","n_samples","n_zeros","zero_percent","mean_intensity","median_intensity","sd_intensity","cv_percent"
"TR","1",10,0,0,0.00129286689191157,0.0013024484338961,0.000163620612868747,12.6556425794789
"TR","2",10,0,0,0.00120790384147991,0.00120464865477554,0.000264547105466744,21.9013382011123
