"Group","Timepoint","n_samples","n_zeros","zero_percent","mean_intensity","median_intensity","sd_intensity","cv_percent"
"TR","1",10,0,0,0.000312552190760839,0.000340237163687942,0.000157311790383957,50.3313670593752
"TR","2",10,0,0,0.000271733820464089,0.000227282160606282,0.0001588560102847,58.4601541366447
