"Group","Timepoint","n_samples","n_zeros","zero_percent","mean_intensity","median_intensity","sd_intensity","cv_percent"
"TR","1",10,0,0,0.000505054773593317,0.000331018811314392,0.000327854676703547,64.9146773469652
"TR","2",10,0,0,0.00066158123319872,0.000624070212658513,0.000280780664356257,42.4408447922099
