"Group","Timepoint","n_samples","n_zeros","zero_percent","mean_intensity","median_intensity","sd_intensity","cv_percent"
"TR","1",10,0,0,0.000669665597159587,0.000484995582780365,0.000567279682308494,84.710889243024
"TR","2",10,0,0,0.0003521118715074,0.000283465318844846,0.000227288208178132,64.5499986141067
