"Group","Timepoint","n_samples","n_zeros","zero_percent","mean_intensity","median_intensity","sd_intensity","cv_percent"
"TR","1",10,0,0,0.000211468011227466,0.00022774207478911,7.70563293812431e-05,36.4387639217722
"TR","2",10,0,0,0.000187132148480707,0.000154921027521773,8.96429235315855e-05,47.9035399632723
