"Group","Timepoint","n_samples","n_zeros","zero_percent","mean_intensity","median_intensity","sd_intensity","cv_percent"
"TR","1",10,0,0,0.00106623942409967,0.000769177370631686,0.000739234052335719,69.3309622236045
"TR","2",10,0,0,0.000988682488419613,0.000787825892502063,0.0009287059195804,93.933687554729
