"Group","Timepoint","n_samples","n_zeros","zero_percent","mean_intensity","median_intensity","sd_intensity","cv_percent"
"TR","1",10,0,0,0.00149682461074933,0.00141578289925251,0.000759521457194732,50.742181264277
"TR","2",10,0,0,0.00110802686516938,0.00114642605739699,0.000476733915668492,43.0254834656571
