"Group","Timepoint","n_samples","n_zeros","zero_percent","mean_intensity","median_intensity","sd_intensity","cv_percent"
"TR","1",10,0,0,0.00116330178601252,0.00111500449842896,0.000675000052224725,58.024500636111
"TR","2",10,0,0,0.00172907653178152,0.00147439421994065,0.00108709568075171,62.8714611973617
