"Group","Timepoint","n_samples","n_zeros","zero_percent","mean_intensity","median_intensity","sd_intensity","cv_percent"
"TR","1",10,0,0,0.0011660975979929,0.00102423284311635,0.000580431751598411,49.775572181733
"TR","2",10,0,0,0.00119600268350101,0.00126560888157951,0.000562701573055259,47.0485209454617
