"Group","Timepoint","n_samples","n_zeros","zero_percent","mean_intensity","median_intensity","sd_intensity","cv_percent"
"TR","1",10,0,0,0.000544808708329201,0.000480075119902812,0.000449135571440062,82.4391322263285
"TR","2",10,0,0,0.000391181055131535,0.00022765398693155,0.000389631838255188,99.603964237014
