"Group","Timepoint","n_samples","n_zeros","zero_percent","mean_intensity","median_intensity","sd_intensity","cv_percent"
"TR","1",10,0,0,0.00138592997978014,0.00105530875146278,0.000862549856934661,62.2361785601531
"TR","2",10,0,0,0.0014551123006754,0.00138126659728151,0.000778094604910898,53.4731652360947
