"Group","Timepoint","n_samples","n_zeros","zero_percent","mean_intensity","median_intensity","sd_intensity","cv_percent"
"TR","1",10,0,0,0.00019805041641773,0.000177335485030161,0.000133485961042627,67.3999900919559
"TR","2",10,0,0,0.000270002255493462,0.000138581558184445,0.000286032314412896,105.937009263177
