"Group","Timepoint","n_samples","n_zeros","zero_percent","mean_intensity","median_intensity","sd_intensity","cv_percent"
"TR","1",10,0,0,7.12147294937738e-05,5.54366285772299e-05,5.83179832447176e-05,81.8903387814121
"TR","2",10,0,0,3.80882474837031e-05,3.60433374546244e-05,1.9703918593972e-05,51.7322793662343
