"Group","Timepoint","n_samples","n_zeros","zero_percent","mean_intensity","median_intensity","sd_intensity","cv_percent"
"TR","1",10,0,0,0.000301636854006562,0.000307068151033837,0.0001575655251609,52.2368281819675
"TR","2",10,0,0,0.000210196884588035,0.00017384874605821,0.000126393022714391,60.1307783234321
