"Group","Timepoint","n_samples","n_zeros","zero_percent","mean_intensity","median_intensity","sd_intensity","cv_percent"
"TR","1",10,0,0,0.000271945366017869,0.000240622128811969,0.000114600862893997,42.1411346595502
"TR","2",10,0,0,0.000390685207818573,0.000332634182276375,0.000155597078946492,39.8267136386561
