"Group","Timepoint","n_samples","n_zeros","zero_percent","mean_intensity","median_intensity","sd_intensity","cv_percent"
"TR","1",10,0,0,0.000295250117395524,0.00022170846253593,0.000229597489051822,77.763724897778
"TR","2",10,0,0,0.000467674623004522,0.000366128973999874,0.000508990260952218,108.83426979259
