"Group","Timepoint","n_samples","n_zeros","zero_percent","mean_intensity","median_intensity","sd_intensity","cv_percent"
"TR","1",10,0,0,0.000282722824948595,0.000196990756807902,0.000247779394598598,87.6403928984686
"TR","2",10,0,0,0.000507335068801292,0.000585848519197607,0.00031305908228859,61.7065725474629
