"Group","Timepoint","n_samples","n_zeros","zero_percent","mean_intensity","median_intensity","sd_intensity","cv_percent"
"TR","1",10,0,0,0.000625575863716247,0.000453758383083075,0.000531387683011073,84.9437636315367
"TR","2",10,0,0,0.000523620584257925,0.000413046811500966,0.000433509583647517,82.7907833802766
