"Group","Timepoint","n_samples","n_zeros","zero_percent","mean_intensity","median_intensity","sd_intensity","cv_percent"
"TR","1",10,0,0,0.000541196094048252,0.000558630571121497,6.67090787791767e-05,12.3262306422391
"TR","2",10,0,0,0.000535537385356214,0.000530166091078956,0.000111949361220218,20.9041169265437
