"Group","Timepoint","n_samples","n_zeros","zero_percent","mean_intensity","median_intensity","sd_intensity","cv_percent"
"TR","1",10,0,0,0.00157590851534999,0.00152072485275549,0.00108497182773504,68.8473865815797
"TR","2",10,0,0,0.00138754089337898,0.00135446448634242,0.000956331398442756,68.9227541333122
