"Group","Timepoint","n_samples","n_zeros","zero_percent","mean_intensity","median_intensity","sd_intensity","cv_percent"
"TR","1",10,0,0,0.00178024835652601,0.00175261546342083,0.00103764888858998,58.2867488564828
"TR","2",10,0,0,0.00175975120596701,0.00167457372098702,0.000732816969356895,41.6432144994156
