"Group","Timepoint","n_samples","n_zeros","zero_percent","mean_intensity","median_intensity","sd_intensity","cv_percent"
"TR","1",10,0,0,0.000139917006345629,7.49616148873481e-05,0.000167611239508703,119.793328835711
"TR","2",10,0,0,0.000110424455517422,8.39801970905482e-05,8.9617955970033e-05,81.1577069138402
