"Group","Timepoint","n_samples","n_zeros","zero_percent","mean_intensity","median_intensity","sd_intensity","cv_percent"
"TR","1",10,0,0,0.00087500652666719,0.000783823426879702,0.000503828861538264,57.5800118265741
"TR","2",10,0,0,0.00137927804319855,0.00137902630825478,0.000691722587653041,50.1510620765728
