"Group","Timepoint","n_samples","n_zeros","zero_percent","mean_intensity","median_intensity","sd_intensity","cv_percent"
"TR","1",10,0,0,0.00323616367629293,0.00284852671346645,0.00161954747968518,50.045289474987
"TR","2",10,0,0,0.00331773019346243,0.00282234776818849,0.00128829227233249,38.8305316348829
