"Group","Timepoint","n_samples","n_zeros","zero_percent","mean_intensity","median_intensity","sd_intensity","cv_percent"
"TR","1",10,0,0,0.00042208017996867,0.000378341817872099,0.000241650010485595,57.2521577543707
"TR","2",10,0,0,0.000258613276546186,0.000270666210168311,8.50424025227026e-05,32.8840048965989
