"Group","Timepoint","n_samples","n_zeros","zero_percent","mean_intensity","median_intensity","sd_intensity","cv_percent"
"TR","1",10,0,0,0.00171622899602378,0.00151555614311602,0.00060749118373257,35.3968605087099
"TR","2",10,0,0,0.00125986967164142,0.00103299260183997,0.00076536271840885,60.7493565117491
