"Group","Timepoint","n_samples","n_zeros","zero_percent","mean_intensity","median_intensity","sd_intensity","cv_percent"
"TR","1",10,0,0,0.000184689369171855,0.00016280323751522,5.82720649211789e-05,31.5513909557816
"TR","2",10,0,0,0.000163363104933748,0.000152836573860678,4.18496553699451e-05,25.6175685366149
