"Group","Timepoint","n_samples","n_zeros","zero_percent","mean_intensity","median_intensity","sd_intensity","cv_percent"
"TR","1",10,0,0,0.000240333556888414,0.000151928330642968,0.000229039693117975,95.3007545360454
"TR","2",10,0,0,0.000185127928838953,0.000175697337620919,0.000101658404763553,54.9125166586768
