"Group","Timepoint","n_samples","n_zeros","zero_percent","mean_intensity","median_intensity","sd_intensity","cv_percent"
"TR","1",10,0,0,0.00131718179944053,0.00127090329589845,0.000182870077041562,13.8834348545687
"TR","2",10,0,0,0.00120505563617456,0.00123572687385352,0.000386967299193716,32.111986167057
