"Group","Timepoint","n_samples","n_zeros","zero_percent","mean_intensity","median_intensity","sd_intensity","cv_percent"
"TR","1",10,0,0,0.081536713256336,0.0737950955201525,0.0521766035743914,63.9915462502861
"TR","2",10,0,0,0.0887417689040814,0.0960161952228465,0.0392978041242253,44.2833229600159
