"Group","Timepoint","n_samples","n_zeros","zero_percent","mean_intensity","median_intensity","sd_intensity","cv_percent"
"TR","1",10,0,0,0.000257072000899279,0.000168154089618838,0.000316350871658062,123.059248207279
"TR","2",10,0,0,0.000280328269479643,0.000149725508821393,0.000301962822755701,107.717578150865
