"Group","Timepoint","n_samples","n_zeros","zero_percent","mean_intensity","median_intensity","sd_intensity","cv_percent"
"TR","1",10,0,0,0.000828098311946449,0.000897154953094294,0.000390922083516633,47.2072069073259
"TR","2",10,0,0,0.000960871169019385,0.000758648321172142,0.00062655464808028,65.2069359849468
