"Group","Timepoint","n_samples","n_zeros","zero_percent","mean_intensity","median_intensity","sd_intensity","cv_percent"
"TR","1",10,0,0,0.000965800647985468,0.000958556394172933,9.81822600587014e-05,10.1658929576716
"TR","2",10,0,0,0.000916901576117766,0.000821215825041928,0.000260888257362227,28.4532455999092
