"Group","Timepoint","n_samples","n_zeros","zero_percent","mean_intensity","median_intensity","sd_intensity","cv_percent"
"TR","1",10,0,0,0.000157726155622011,0.000156649493084842,2.24545233570642e-05,14.2363980587191
"TR","2",10,0,0,0.000143796768111169,0.00014849674366061,5.56894380459324e-05,38.7278787815864
