"Group","Timepoint","n_samples","n_zeros","zero_percent","mean_intensity","median_intensity","sd_intensity","cv_percent"
"TR","1",10,0,0,0.000305995948931261,0.000235115396900876,0.000313018403117602,102.294950051093
"TR","2",10,0,0,0.000374145083646615,0.000383515546266743,0.000212862413209427,56.8930135696983
