"Group","Timepoint","n_samples","n_zeros","zero_percent","mean_intensity","median_intensity","sd_intensity","cv_percent"
"TR","1",10,0,0,0.000318193612736114,0.000422161826962059,0.000217845056033525,68.4630512097016
"TR","2",10,0,0,0.0003584579494853,0.000176190774492755,0.000352422341315477,98.3162297897175
