"Group","Timepoint","n_samples","n_zeros","zero_percent","mean_intensity","median_intensity","sd_intensity","cv_percent"
"TR","1",10,0,0,0.00084979053945139,0.000638928538875614,0.000671329874000054,78.9994525513844
"TR","2",10,0,0,0.00107861511862708,0.00106156231196431,0.000434696739759481,40.3013764829096
