"Group","Timepoint","n_samples","n_zeros","zero_percent","mean_intensity","median_intensity","sd_intensity","cv_percent"
"TR","1",10,0,0,0.000246537192568429,0.000251196341572089,3.30886214251744e-05,13.4213507830022
"TR","2",10,0,0,0.000256658366816762,0.000235470903796636,0.000102033059785013,39.7544257179264
