"Group","Timepoint","n_samples","n_zeros","zero_percent","mean_intensity","median_intensity","sd_intensity","cv_percent"
"TR","1",10,0,0,0.000372791982888206,0.000365370049922301,8.28393170350842e-05,22.2213247166118
"TR","2",10,0,0,0.000346666312891189,0.000340257988441658,9.04363769028544e-05,26.0874430366819
