"Group","Timepoint","n_samples","n_zeros","zero_percent","mean_intensity","median_intensity","sd_intensity","cv_percent"
"TR","1",10,0,0,0.0109865776199017,0.0111280694110832,0.00627848027871803,57.1468249343163
"TR","2",10,0,0,0.0114564815072523,0.00869527217580865,0.00529069602429495,46.1808105826015
