"Group","Timepoint","n_samples","n_zeros","zero_percent","mean_intensity","median_intensity","sd_intensity","cv_percent"
"TR","1",10,0,0,0.000560084516696613,0.000583506899019481,0.000323275664518225,57.7190861166649
"TR","2",10,0,0,0.000795023169836936,0.00044488417556063,0.000836085117342879,105.164874316099
