"Group","Timepoint","n_samples","n_zeros","zero_percent","mean_intensity","median_intensity","sd_intensity","cv_percent"
"TR","1",10,0,0,0.000985614758513833,0.000843464642399299,0.000432223090015189,43.853147112663
"TR","2",10,0,0,0.000768634646499005,0.000832193523098163,0.000250616897186781,32.6054645504593
