"Group","Timepoint","n_samples","n_zeros","zero_percent","mean_intensity","median_intensity","sd_intensity","cv_percent"
"TR","1",10,0,0,0.00134287047705354,0.00127984665496754,0.000723897509181566,53.9067260432968
"TR","2",10,0,0,0.00106997525064524,0.000789684818183703,0.000484921864869161,45.3208487370837
