"Group","Timepoint","n_samples","n_zeros","zero_percent","mean_intensity","median_intensity","sd_intensity","cv_percent"
"TR","1",10,0,0,0.000228647365485206,0.000204473250995413,0.000184512362796013,80.6973491273188
"TR","2",10,0,0,0.000158590038326308,0.000121025413029187,0.000114405687166715,72.1392644671153
