"Group","Timepoint","n_samples","n_zeros","zero_percent","mean_intensity","median_intensity","sd_intensity","cv_percent"
"TR","1",10,0,0,0.0116171155382162,0.0118297686211233,0.00497404796009231,42.8165489422005
"TR","2",10,0,0,0.0146869722649137,0.0139465502848663,0.00773786152790555,52.6852055572464
