"Group","Timepoint","n_samples","n_zeros","zero_percent","mean_intensity","median_intensity","sd_intensity","cv_percent"
"TR","1",10,0,0,0.00026644197403288,0.000225630691047155,0.000219338856956418,82.3214351839889
"TR","2",10,0,0,0.000348949811485716,0.000212279594480452,0.000482252383065181,138.20107281672
