"Group","Timepoint","n_samples","n_zeros","zero_percent","mean_intensity","median_intensity","sd_intensity","cv_percent"
"TR","1",10,0,0,0.00183461103045618,0.00176150026028921,0.00118898772916812,64.8087092811429
"TR","2",10,0,0,0.00253218861578942,0.00278847193786169,0.00112146437119329,44.2883426692791
