"Group","Timepoint","n_samples","n_zeros","zero_percent","mean_intensity","median_intensity","sd_intensity","cv_percent"
"TR","1",10,0,0,0.00129738236171981,0.00128726161508023,0.000661431592197086,50.9820089830951
"TR","2",10,0,0,0.00144858481178224,0.00130874058631145,0.000809374322934915,55.8734508571243
