"Group","Timepoint","n_samples","n_zeros","zero_percent","mean_intensity","median_intensity","sd_intensity","cv_percent"
"TR","1",10,0,0,0.00399529644602597,0.00148418049825254,0.00418520515499919,104.753307083436
"TR","2",10,0,0,0.00267013393893403,0.00166363987032285,0.00247684074209863,92.760917569829
