"Group","Timepoint","n_samples","n_zeros","zero_percent","mean_intensity","median_intensity","sd_intensity","cv_percent"
"TR","1",10,0,0,0.0014035551991555,0.00136618336689933,0.000508269244985918,36.2129858014659
"TR","2",10,0,0,0.00167873357488429,0.00174575607677301,0.000662815110448187,39.4830436684316
