"Group","Timepoint","n_samples","n_zeros","zero_percent","mean_intensity","median_intensity","sd_intensity","cv_percent"
"TR","1",10,0,0,0.000817625039068809,0.000823126909544212,0.000110613712531868,13.52866011269
"TR","2",10,0,0,0.000785157772832349,0.000762143321129472,0.000181218573533396,23.0805297742484
