"Group","Timepoint","n_samples","n_zeros","zero_percent","mean_intensity","median_intensity","sd_intensity","cv_percent"
"TR","1",10,0,0,0.000514330397119699,0.000514085363070226,6.97449128306735e-05,13.5603326618944
"TR","2",10,0,0,0.000498303784113479,0.000484225153783816,0.000111384529382391,22.3527360083272
