"Group","Timepoint","n_samples","n_zeros","zero_percent","mean_intensity","median_intensity","sd_intensity","cv_percent"
"Healthy","1",4,0,0,0.000702616472985927,0.000394993129650311,0.000848770408794982,120.801381895864
"TR","1",10,0,0,0.000238138401904083,0.000235928660054983,5.00799992900007e-05,21.0297872537886
