"Group","Timepoint","n_samples","n_zeros","zero_percent","mean_intensity","median_intensity","sd_intensity","cv_percent"
"Healthy","1",4,0,0,0.00199292438433327,0.00204473056603693,0.000349702990865786,17.5472282648987
"TR","1",10,0,0,0.00138801157817716,0.00131110084251369,0.000190835167844782,13.7488167134313
