"Group","Timepoint","n_samples","n_zeros","zero_percent","mean_intensity","median_intensity","sd_intensity","cv_percent"
"Healthy","1",4,0,0,0.000963085800643085,0.000976202946404434,6.15696532267983e-05,6.39295618164925
"TR","1",10,0,0,0.00102298760776438,0.00101128429003394,0.000194038561134699,18.9678310530806
