"Group","Timepoint","n_samples","n_zeros","zero_percent","mean_intensity","median_intensity","sd_intensity","cv_percent"
"Healthy","1",4,0,0,0.000313973383304891,0.000322742465642574,0.000146051986013853,46.5173144540173
"TR","1",10,0,0,0.000258630911261902,0.000249980346049493,0.000130132009693952,50.3157217592501
