"Group","Timepoint","n_samples","n_zeros","zero_percent","mean_intensity","median_intensity","sd_intensity","cv_percent"
"Healthy","1",4,0,0,0.000354920400921401,0.000349177455996417,1.94819446162471e-05,5.48910250458143
"TR","1",10,0,0,0.000334210713961366,0.000340666448453924,3.56076484221323e-05,10.6542510262698
