"Group","Timepoint","n_samples","n_zeros","zero_percent","mean_intensity","median_intensity","sd_intensity","cv_percent"
"Healthy","1",4,0,0,0.000357941013678934,0.000366186022565973,5.46514124023724e-05,15.26827335059
"TR","1",10,0,0,0.000363169414132077,0.000366686135187711,7.92704978390544e-05,21.8274157333705
