"Group","Timepoint","n_samples","n_zeros","zero_percent","mean_intensity","median_intensity","sd_intensity","cv_percent"
"Healthy","1",4,0,0,0.000436792285203856,0.000437252997144642,2.27315004559526e-05,5.20419000654819
"TR","1",10,0,0,0.000468301532189872,0.000458827699327664,2.80640504403812e-05,5.99273086063761
