"Group","Timepoint","n_samples","n_zeros","zero_percent","mean_intensity","median_intensity","sd_intensity","cv_percent"
"Healthy","1",4,0,0,0.000189435169397574,0.000188217656076869,4.77774624648355e-06,2.52210097083733
"TR","1",10,0,0,0.000186904612075609,0.000184743335187852,1.09907579545063e-05,5.88041024373449
