"Group","Timepoint","n_samples","n_zeros","zero_percent","mean_intensity","median_intensity","sd_intensity","cv_percent"
"Healthy","1",4,0,0,0.0278740532547279,0.0287078087491821,0.0022583796529923,8.10208559320033
"TR","1",10,0,0,0.0232776390390897,0.0232454001085503,0.00146552103816349,6.29583196003024
