"Group","Timepoint","n_samples","n_zeros","zero_percent","mean_intensity","median_intensity","sd_intensity","cv_percent"
"Healthy","1",4,0,0,0.000124776657872545,0.000136591583327752,3.59502569653814e-05,28.8116844755559
"TR","1",10,0,0,0.000150729131356094,0.000163534497117735,4.75807694859036e-05,31.5670693898549
