"Group","Timepoint","n_samples","n_zeros","zero_percent","mean_intensity","median_intensity","sd_intensity","cv_percent"
"Healthy","1",4,0,0,0.000114565061569397,0.000111022146735694,2.27533678913785e-05,19.8606517376991
"TR","1",10,0,0,0.000118568132211426,0.000123465576933482,2.2524646174892e-05,18.9972176796434
