"Group","Timepoint","n_samples","n_zeros","zero_percent","mean_intensity","median_intensity","sd_intensity","cv_percent"
"Healthy","1",4,0,0,0.00101220463562792,0.00105660125566348,0.000304434049973443,30.0763342962352
"TR","1",10,0,0,0.00100722320342203,0.00103270579648865,0.000215085333745007,21.3542870154556
