"Group","Timepoint","n_samples","n_zeros","zero_percent","mean_intensity","median_intensity","sd_intensity","cv_percent"
"Healthy","1",4,0,0,0.00138952482085828,0.00125282629337348,0.00118919954341519,85.5831810676582
"TR","1",10,0,0,0.00178088544195665,0.00154567924703848,0.00117354363843008,65.896638311598
