"Group","Timepoint","n_samples","n_zeros","zero_percent","mean_intensity","median_intensity","sd_intensity","cv_percent"
"Healthy","1",4,0,0,0.00169853966828871,0.0012857222699882,0.00145282408637475,85.5337154320619
"TR","1",10,0,0,0.000651643056650499,0.000626231157032135,0.00025385084705535,38.955505543198
