"Group","Timepoint","n_samples","n_zeros","zero_percent","mean_intensity","median_intensity","sd_intensity","cv_percent"
"Healthy","1",4,0,0,0.000260602215361082,0.000250566069207237,8.11821099040337e-05,31.1517343747636
"TR","1",10,0,0,0.00020290033275434,0.000167395416755788,8.92293940559693e-05,43.9769579698043
