"Group","Timepoint","n_samples","n_zeros","zero_percent","mean_intensity","median_intensity","sd_intensity","cv_percent"
"Healthy","1",4,0,0,0.000356831320208727,0.000354774005610621,0.000182664388086599,51.1906824714126
"TR","1",10,0,0,0.000386253720368203,0.000335472296119101,0.000269896512577633,69.8754467194128
