"Group","Timepoint","n_samples","n_zeros","zero_percent","mean_intensity","median_intensity","sd_intensity","cv_percent"
"Healthy","1",4,0,0,0.000364608305888613,0.000293990184249815,0.000160041375162037,43.8940563276496
"TR","1",10,0,0,0.000358251354434419,0.000324339239172542,0.000118110798292203,32.9686955346387
