"Group","Timepoint","n_samples","n_zeros","zero_percent","mean_intensity","median_intensity","sd_intensity","cv_percent"
"Healthy","1",4,0,0,0.000108117709010415,9.17891382697956e-05,6.36083672549683e-05,58.832514892487
"TR","1",10,0,0,0.000230766142279532,0.000169041035965045,0.000290264096981325,125.782792100291
