"Group","Timepoint","n_samples","n_zeros","zero_percent","mean_intensity","median_intensity","sd_intensity","cv_percent"
"Healthy","1",4,0,0,0.000100680224514332,0.000104173869547344,1.33391338243278e-05,13.2490108049262
"TR","1",10,0,0,7.53401694957893e-05,8.53290827742531e-05,3.78710080891365e-05,50.2666881991194
