"Group","Timepoint","n_samples","n_zeros","zero_percent","mean_intensity","median_intensity","sd_intensity","cv_percent"
"Healthy","1",4,0,0,0.000107648631216286,9.01294961880862e-05,4.63362500438608e-05,43.0439751256685
"TR","1",10,0,0,0.00012634625092941,0.000121472667681075,2.68449983675065e-05,21.2471665522587
