"Group","Timepoint","n_samples","n_zeros","zero_percent","mean_intensity","median_intensity","sd_intensity","cv_percent"
"Healthy","1",4,0,0,0.000521230418973083,0.000523087952260107,0.000271579733675303,52.1035848618282
"TR","1",10,0,0,0.000942720441388262,0.000795536700705974,0.000306777020399766,32.5416748095546
