"Group","Timepoint","n_samples","n_zeros","zero_percent","mean_intensity","median_intensity","sd_intensity","cv_percent"
"Healthy","1",4,0,0,0.000429147998410868,0.000402613488348052,0.000249348601101959,58.1031723380501
"TR","1",10,0,0,0.000936420276518798,0.000663351036146954,0.00103349817680813,110.366915659946
