"Group","Timepoint","n_samples","n_zeros","zero_percent","mean_intensity","median_intensity","sd_intensity","cv_percent"
"Healthy","1",4,0,0,0.00040691814485883,0.000407067541394913,2.09571490428076e-05,5.15021247088358
"TR","1",10,0,0,0.000439790783466976,0.000437792992925451,1.44455386359243e-05,3.28463878256989
