"Group","Timepoint","n_samples","n_zeros","zero_percent","mean_intensity","median_intensity","sd_intensity","cv_percent"
"Healthy","1",4,0,0,0.000844879411199742,0.000810082336387529,0.000380294142791339,45.0116475499522
"TR","1",10,0,0,0.00099052706081987,0.00106305332400428,0.0002653021739538,26.7839400302912
