"Group","Timepoint","n_samples","n_zeros","zero_percent","mean_intensity","median_intensity","sd_intensity","cv_percent"
"Healthy","1",4,0,0,0.000153079240972386,0.000150739408360246,1.27616593940153e-05,8.33663618460022
"TR","1",10,0,0,0.000150258132392561,0.000150242905681531,1.01058502475157e-05,6.7256594279459
