"Group","Timepoint","n_samples","n_zeros","zero_percent","mean_intensity","median_intensity","sd_intensity","cv_percent"
"Healthy","1",4,0,0,0.000456971634198895,0.000462613982141998,3.59072508028179e-05,7.85765419898894
"TR","1",10,0,0,0.00045007671356112,0.000447621156500985,2.82912361942558e-05,6.28586979548628
