"Group","Timepoint","n_samples","n_zeros","zero_percent","mean_intensity","median_intensity","sd_intensity","cv_percent"
"Healthy","1",4,0,0,0.000759068617615923,0.000757897049425614,9.26307141711507e-05,12.2032069330023
"TR","1",10,0,0,0.000750365506009774,0.000730280401435063,0.000112600990542037,15.0061522871456
