"Group","Timepoint","n_samples","n_zeros","zero_percent","mean_intensity","median_intensity","sd_intensity","cv_percent"
"Healthy","1",4,0,0,0.000466204603367605,0.000472668705891084,4.72212571447706e-05,10.128869771699
"TR","1",10,0,0,0.000487569000936855,0.000482782519241105,6.21249582120838e-05,12.7417776956107
