"Group","Timepoint","n_samples","n_zeros","zero_percent","mean_intensity","median_intensity","sd_intensity","cv_percent"
"Healthy","1",4,0,0,0.00020305842161131,0.000206249653902443,0.000147818787549655,72.7961866228852
"TR","1",10,0,0,0.000205493500897027,0.00014865907564458,0.000196410155399487,95.5797407422186
