"Group","Timepoint","n_samples","n_zeros","zero_percent","mean_intensity","median_intensity","sd_intensity","cv_percent"
"Healthy","1",4,0,0,0.0760927111113467,0.0755588059208314,0.00278927654463042,3.66562907786116
"TR","1",10,0,0,0.0767934619540631,0.0767061668610373,0.00212023061880842,2.76095199364331
