"Group","Timepoint","n_samples","n_zeros","zero_percent","mean_intensity","median_intensity","sd_intensity","cv_percent"
"Healthy","1",4,0,0,0.000272685959687392,0.000263086939876555,2.18428629123131e-05,8.01026313835662
"TR","1",10,0,0,0.000272198370608683,0.000272212488524215,2.64943703798387e-05,9.73347868342956
