"Group","Timepoint","n_samples","n_zeros","zero_percent","mean_intensity","median_intensity","sd_intensity","cv_percent"
"Healthy","1",4,0,0,0.000150261285179547,0.00014175576907525,4.89160780828062e-05,32.5540128479244
"TR","1",10,0,0,0.000201307379387807,0.00020261211101566,5.82138888604633e-05,28.9179110261614
