"Group","Timepoint","n_samples","n_zeros","zero_percent","mean_intensity","median_intensity","sd_intensity","cv_percent"
"Healthy","1",4,0,0,0.000271943919265173,0.000269509514824645,8.26653794914721e-06,3.03979510609557
"TR","1",10,0,0,0.000219232656622182,0.000204618120038526,3.64450692405899e-05,16.6239235532314
