"Group","Timepoint","n_samples","n_zeros","zero_percent","mean_intensity","median_intensity","sd_intensity","cv_percent"
"Healthy","1",4,0,0,0.000548666855494764,0.000609603739379521,0.000288554373071043,52.5919089482518
"TR","1",10,0,0,0.000826055603317555,0.000772491223582415,0.000368083644033405,44.5591849453148
