"Group","Timepoint","n_samples","n_zeros","zero_percent","mean_intensity","median_intensity","sd_intensity","cv_percent"
"Healthy","1",4,0,0,0.000704991457291995,0.000677130093051326,0.000637649126190815,90.4477805504403
"TR","1",10,0,0,0.00115450733487161,0.00119904604233048,0.000219428830847607,19.0062742972533
