"Group","Timepoint","n_samples","n_zeros","zero_percent","mean_intensity","median_intensity","sd_intensity","cv_percent"
"Healthy","1",4,0,0,0.000122068551301706,0.000125753924710977,9.99086534553051e-06,8.18463497681477
"TR","1",10,0,0,0.000134348727505745,0.000130804257909755,1.48917010110951e-05,11.0843632742695
