"Group","Timepoint","n_samples","n_zeros","zero_percent","mean_intensity","median_intensity","sd_intensity","cv_percent"
"Healthy","1",4,0,0,0.000138940322548109,0.000140978158644518,3.35395993174103e-05,24.13957208556
"TR","1",10,0,0,0.000132004919473744,0.000136567490831373,2.02829020668899e-05,15.3652622551875
