"Group","Timepoint","n_samples","n_zeros","zero_percent","mean_intensity","median_intensity","sd_intensity","cv_percent"
"Healthy","1",4,0,0,0.000312764062143727,0.000313499994717454,1.7742642494001e-05,5.67285204457013
"TR","1",10,0,0,0.000327477134986576,0.00031883154700138,2.88265122009385e-05,8.802603028184
