"Group","Timepoint","n_samples","n_zeros","zero_percent","mean_intensity","median_intensity","sd_intensity","cv_percent"
"Healthy","1",4,0,0,0.000262701143505015,0.000260688772763575,3.24409628783238e-05,12.3489994925372
"TR","1",10,0,0,0.000224104577948737,0.000246539684292742,4.77048102525395e-05,21.2868521871301
