"Group","Timepoint","n_samples","n_zeros","zero_percent","mean_intensity","median_intensity","sd_intensity","cv_percent"
"Healthy","1",4,0,0,0.00128037706547534,0.00129511840202591,4.75607147774868e-05,3.71458659014874
"TR","1",10,0,0,0.0012138736634287,0.0012077636284734,0.000181946892467333,14.9889480222683
