"Group","Timepoint","n_samples","n_zeros","zero_percent","mean_intensity","median_intensity","sd_intensity","cv_percent"
"Healthy","1",4,0,0,0.000271913268417194,0.000263386200115837,2.90844818451837e-05,10.6962348746291
"TR","1",10,0,0,0.000273104051577318,0.000277331144914971,2.23123870051498e-05,8.1699216383954
