"Group","Timepoint","n_samples","n_zeros","zero_percent","mean_intensity","median_intensity","sd_intensity","cv_percent"
"Healthy","1",4,0,0,0.00239318817427095,0.00231978417021442,0.000420285563402561,17.5617432812443
"TR","1",10,0,0,0.00153853773748803,0.00155966260545013,0.000278903577515943,18.1278346783556
