"Group","Timepoint","n_samples","n_zeros","zero_percent","mean_intensity","median_intensity","sd_intensity","cv_percent"
"Healthy","1",4,0,0,0.000615978801259176,0.000611894965330613,6.60292477122379e-05,10.7194026121129
"TR","1",10,0,0,0.000589854880325048,0.000585136536975522,0.000130013350877133,22.0415826356285
