"Group","Timepoint","n_samples","n_zeros","zero_percent","mean_intensity","median_intensity","sd_intensity","cv_percent"
"Healthy","1",4,0,0,0.000297941973540617,0.000300137854708948,9.73776987146782e-06,3.2683444214819
"TR","1",10,0,0,0.000300613778628876,0.000301573071955241,1.6896722763068e-05,5.62074128475924
