"Group","Timepoint","n_samples","n_zeros","zero_percent","mean_intensity","median_intensity","sd_intensity","cv_percent"
"Healthy","1",4,0,0,0.000419850825779922,0.000412656530115349,5.03996644025993e-05,12.0041837023843
"TR","1",10,0,0,0.000429387798293282,0.000436986412099916,3.16471971235958e-05,7.37030657354171
