"Group","Timepoint","n_samples","n_zeros","zero_percent","mean_intensity","median_intensity","sd_intensity","cv_percent"
"Healthy","1",4,0,0,0.00306910010242252,0.00306242448938511,0.000111908812494713,3.64630702030148
"TR","1",10,0,0,0.00300355252029236,0.00301370259932738,0.000197438954857325,6.57351431424635
