"Group","Timepoint","n_samples","n_zeros","zero_percent","mean_intensity","median_intensity","sd_intensity","cv_percent"
"Healthy","1",4,0,0,0.000591043700315703,0.000595858310038001,3.8201256410018e-05,6.46335565197852
"TR","1",10,0,0,0.000584241283215173,0.000583281429015603,4.00732503926488e-05,6.85902409568172
