"Group","Timepoint","n_samples","n_zeros","zero_percent","mean_intensity","median_intensity","sd_intensity","cv_percent"
"Healthy","1",4,0,0,0.000792840406184254,0.000761052874140411,0.000205855571939668,25.9643139191657
"TR","1",10,0,0,0.000622704052070095,0.000706821971225267,0.000325944885136936,52.3434662185635
