"Group","Timepoint","n_samples","n_zeros","zero_percent","mean_intensity","median_intensity","sd_intensity","cv_percent"
"Healthy","1",4,0,0,0.000437826168951796,0.000375119966366979,0.000460863867029088,105.261836708492
"TR","1",10,0,0,0.000245175901091534,0.000131888313696238,0.000295567292047179,120.553158255481
