"Group","Timepoint","n_samples","n_zeros","zero_percent","mean_intensity","median_intensity","sd_intensity","cv_percent"
"Healthy","1",4,0,0,0.00153379479262962,0.00175116101959663,0.000930552589265342,60.6699536168036
"TR","1",10,0,0,0.00299603210945251,0.00317834010994103,0.00104865480782318,35.0014542405825
