"Group","Timepoint","n_samples","n_zeros","zero_percent","mean_intensity","median_intensity","sd_intensity","cv_percent"
"Healthy","1",4,0,0,0.000157377160527715,0.00015555652225781,1.62381579937326e-05,10.3179889250023
"TR","1",10,0,0,0.000135511554256433,0.000144446646427724,2.88153320258967e-05,21.2641144764442
