"Group","Timepoint","n_samples","n_zeros","zero_percent","mean_intensity","median_intensity","sd_intensity","cv_percent"
"Healthy","1",4,0,0,0.00282426177510367,0.00285852033780274,0.000238926080320158,8.45977106039995
"TR","1",10,0,0,0.00309652082003292,0.0031363864846679,0.000188466608447329,6.08639887799383
