"Group","Timepoint","n_samples","n_zeros","zero_percent","mean_intensity","median_intensity","sd_intensity","cv_percent"
"Healthy","1",4,0,0,0.000515095932181733,0.000497346051416151,0.000217723027468047,42.2684424134088
"TR","1",10,0,0,0.000727823596628255,0.000661794752102108,0.000345016437841786,47.4038543735217
