"Group","Timepoint","n_samples","n_zeros","zero_percent","mean_intensity","median_intensity","sd_intensity","cv_percent"
"Healthy","1",4,0,0,0.000235368791481536,0.000236652113017304,2.16683314062651e-05,9.20611915873516
"TR","1",10,0,0,0.000187681050861515,0.000197833937239149,5.16491502878787e-05,27.5196403956568
