"Group","Timepoint","n_samples","n_zeros","zero_percent","mean_intensity","median_intensity","sd_intensity","cv_percent"
"Healthy","1",4,0,0,0.0034463273272331,0.00363466113922781,0.00116713349169877,33.8660080972579
"TR","1",10,0,0,0.00310199492190558,0.00291824228488703,0.00143693464548302,46.3229206255535
