"Group","Timepoint","n_samples","n_zeros","zero_percent","mean_intensity","median_intensity","sd_intensity","cv_percent"
"Healthy","1",4,0,0,0.000549681675337615,0.000540118993418111,0.000107894080758571,19.6284660012183
"TR","1",10,0,0,0.000551960200022198,0.000542340462682363,2.96164831626911e-05,5.36569179471637
