"Group","Timepoint","n_samples","n_zeros","zero_percent","mean_intensity","median_intensity","sd_intensity","cv_percent"
"Healthy","1",4,0,0,0.00019041972408596,0.000189843117460829,8.1800166232264e-06,4.29578220559428
"TR","1",10,0,0,0.000194898636812875,0.000199173020985725,1.59465238766475e-05,8.18195762546969
