"Group","Timepoint","n_samples","n_zeros","zero_percent","mean_intensity","median_intensity","sd_intensity","cv_percent"
"Healthy","1",4,0,0,0.000136501650348038,9.88146666196227e-05,0.000127934994598756,93.7241376002124
"TR","1",10,0,0,0.000232788077876937,0.000145494490962023,0.000219057042042239,94.1014866569082
