"Group","Timepoint","n_samples","n_zeros","zero_percent","mean_intensity","median_intensity","sd_intensity","cv_percent"
"Healthy","1",4,0,0,0.000980136135156417,0.000974629199706375,5.20603007143905e-05,5.31153773920215
"TR","1",10,0,0,0.000983925508284473,0.000930409012595002,9.82159436061191e-05,9.98205075274081
