"Group","Timepoint","n_samples","n_zeros","zero_percent","mean_intensity","median_intensity","sd_intensity","cv_percent"
"Healthy","1",4,0,0,0.000147796389042905,0.000146989786217086,9.13032691533864e-06,6.17763869230129
"TR","1",10,0,0,0.000143277317198565,0.000140914175117773,1.62439442573763e-05,11.3374151435737
