"Group","Timepoint","n_samples","n_zeros","zero_percent","mean_intensity","median_intensity","sd_intensity","cv_percent"
"Healthy","1",4,0,0,0.000169307914255383,0.000152020076471455,9.42482026418153e-05,55.6667436701465
"TR","1",10,0,0,0.000284642246666477,0.000273076245999653,0.000108446311931662,38.0991624404692
