"Group","Timepoint","n_samples","n_zeros","zero_percent","mean_intensity","median_intensity","sd_intensity","cv_percent"
"Healthy","1",4,0,0,0.000214548434424605,0.000216357106593382,9.57864098535508e-06,4.46455878880865
"TR","1",10,0,0,0.000236428334690288,0.000221897415586407,4.72778830291196e-05,19.9967077089351
