"Group","Timepoint","n_samples","n_zeros","zero_percent","mean_intensity","median_intensity","sd_intensity","cv_percent"
"Healthy","1",4,0,0,0.000315843801653349,0.000330541312471066,0.00018820502344433,59.5880059887618
"TR","1",10,0,0,0.000726748474876015,0.00073213026165411,0.000269812341835887,37.1259591403914
