"Group","Timepoint","n_samples","n_zeros","zero_percent","mean_intensity","median_intensity","sd_intensity","cv_percent"
"Healthy","1",4,0,0,0.000108078123663039,0.000106075042392499,1.20692135747471e-05,11.1671198256328
"TR","1",10,0,0,0.000108281098645541,0.000101893978048447,2.2073529082032e-05,20.3853944577066
