"Group","Timepoint","n_samples","n_zeros","zero_percent","mean_intensity","median_intensity","sd_intensity","cv_percent"
"Healthy","1",4,0,0,0.000854037119199272,0.00084973224506506,4.00430072339193e-05,4.68867293162419
"TR","1",10,0,0,0.000877167454389797,0.000876093696595821,0.000143134810166242,16.3178432407543
