"Group","Timepoint","n_samples","n_zeros","zero_percent","mean_intensity","median_intensity","sd_intensity","cv_percent"
"Healthy","1",4,0,0,0.000636177511760782,0.000609429824121853,0.000682234991393991,107.23972142708
"TR","1",10,0,0,0.000809749984555915,0.00108487007082659,0.000487785361785106,60.2390084703267
