"Group","Timepoint","n_samples","n_zeros","zero_percent","mean_intensity","median_intensity","sd_intensity","cv_percent"
"Healthy","1",4,0,0,0.000333878529145074,0.00032022113806622,5.33845203779156e-05,15.9892043716053
"TR","1",10,0,0,0.000330262125627383,0.000292169167867568,7.67514031626005e-05,23.2395413239709
