"Group","Timepoint","n_samples","n_zeros","zero_percent","mean_intensity","median_intensity","sd_intensity","cv_percent"
"Healthy","1",4,0,0,0.000301720813029563,0.000304050473087891,0.000123908396533901,41.0672353987593
"TR","1",10,0,0,0.000685448785434872,0.000599652573621612,0.000270917288586898,39.5240744959551
