"Group","Timepoint","n_samples","n_zeros","zero_percent","mean_intensity","median_intensity","sd_intensity","cv_percent"
"Healthy","1",4,0,0,0.000306538785534095,0.000301866813217041,1.16214174198294e-05,3.79117357028115
"TR","1",10,0,0,0.000317190656007481,0.000308816600548676,2.49182739266246e-05,7.85592937707373
