"Group","Timepoint","n_samples","n_zeros","zero_percent","mean_intensity","median_intensity","sd_intensity","cv_percent"
"Healthy","1",4,0,0,0.00233371969997825,0.0022886033562349,0.00013893694389063,5.95345464547113
"TR","1",10,0,0,0.00240574567797759,0.0024055514227842,0.000101637895445022,4.22479800651519
