"Group","Timepoint","n_samples","n_zeros","zero_percent","mean_intensity","median_intensity","sd_intensity","cv_percent"
"Healthy","1",4,0,0,0.00243126932472823,0.00235975376686937,0.000622231275038498,25.5928567316603
"TR","1",10,0,0,0.0117132048895009,0.00994977951677991,0.0102071777583585,87.1424845262267
