"Group","Timepoint","n_samples","n_zeros","zero_percent","mean_intensity","median_intensity","sd_intensity","cv_percent"
"Healthy","1",4,0,0,0.00204820057009529,0.00205226961298741,8.09558572712888e-05,3.95253562826234
"TR","1",10,0,0,0.00121138172109474,0.00121383025638561,0.000142592880918302,11.7710939859188
