"Group","Timepoint","n_samples","n_zeros","zero_percent","mean_intensity","median_intensity","sd_intensity","cv_percent"
"Healthy","1",4,0,0,0.0136144582919638,0.0135034302091036,0.000921205298065983,6.7663749692468
"TR","1",10,0,0,0.0136336643259325,0.0136882004390237,0.000860738859043253,6.31333468733016
