"Group","Timepoint","n_samples","n_zeros","zero_percent","mean_intensity","median_intensity","sd_intensity","cv_percent"
"Healthy","1",4,0,0,0.00038410484654923,0.000378642664697225,2.99549193044313e-05,7.79863091381016
"TR","1",10,0,0,0.000389761834497168,0.000393739869120449,2.24359566765169e-05,5.75632468106106
