"Group","Timepoint","n_samples","n_zeros","zero_percent","mean_intensity","median_intensity","sd_intensity","cv_percent"
"Healthy","1",4,0,0,0.000339762724160502,0.000340501117702641,6.35009223545911e-06,1.86897849113647
"TR","1",10,0,0,0.000325602836176322,0.000323269339665385,2.3917825708679e-05,7.34570558093262
