"Group","Timepoint","n_samples","n_zeros","zero_percent","mean_intensity","median_intensity","sd_intensity","cv_percent"
"Healthy","1",4,0,0,0.000360213515781469,0.000357213376371905,6.17167880781335e-05,17.1333904404562
"TR","1",10,0,0,0.000432943909579619,0.000430914208993795,6.52753178376617e-05,15.0770842119116
