"Group","Timepoint","n_samples","n_zeros","zero_percent","mean_intensity","median_intensity","sd_intensity","cv_percent"
"Healthy","1",4,0,0,0.000403894757067969,0.000401429122834678,5.90528519073376e-05,14.6208513168196
"TR","1",10,0,0,0.000374103104141916,0.000349938729905252,7.52807758287231e-05,20.1230021871632
