"Group","Timepoint","n_samples","n_zeros","zero_percent","mean_intensity","median_intensity","sd_intensity","cv_percent"
"Healthy","1",4,0,0,8.82407780275772e-05,8.88791045162028e-05,1.42199400286093e-05,16.1149304737151
"TR","1",10,0,0,9.44973680288863e-05,9.36279409891153e-05,8.13695187595383e-06,8.61077090894902
