"Group","Timepoint","n_samples","n_zeros","zero_percent","mean_intensity","median_intensity","sd_intensity","cv_percent"
"Healthy","1",4,0,0,0.000123086530980126,0.000121777696392456,1.25579517212175e-05,10.2025393202812
"TR","1",10,0,0,0.000118676689957617,0.000117763077554107,1.31944011056485e-05,11.1179382491715
