"Group","Timepoint","n_samples","n_zeros","zero_percent","mean_intensity","median_intensity","sd_intensity","cv_percent"
"Healthy","1",4,0,0,8.11234803874615e-05,7.9135643808942e-05,2.2383174893273e-05,27.5914874292456
"TR","1",10,0,0,0.000123973193351538,0.000139405692762884,4.05148303597454e-05,32.6803152072251
