"Group","Timepoint","n_samples","n_zeros","zero_percent","mean_intensity","median_intensity","sd_intensity","cv_percent"
"Healthy","1",4,0,0,0.000119122411195248,0.000122312186927708,1.27853834884142e-05,10.7329790927908
"TR","1",10,0,0,0.000129361781768492,0.000133821570227594,1.24484530041965e-05,9.62297583877942
