"Group","Timepoint","n_samples","n_zeros","zero_percent","mean_intensity","median_intensity","sd_intensity","cv_percent"
"Healthy","1",4,0,0,0.000216412146859596,0.000207457942993587,3.78605126805723e-05,17.4946338410179
"TR","1",10,0,0,0.000200231111970275,0.00018891667821058,3.41679666531091e-05,17.0642645475502
