"Group","Timepoint","n_samples","n_zeros","zero_percent","mean_intensity","median_intensity","sd_intensity","cv_percent"
"Healthy","1",4,0,0,0.000472349615215386,0.000455411032213415,4.58489752477119e-05,9.70657618230626
"TR","1",10,0,0,0.000495398539515854,0.000487490047265194,7.36239343533746e-05,14.8615566015447
