"Group","Timepoint","n_samples","n_zeros","zero_percent","mean_intensity","median_intensity","sd_intensity","cv_percent"
"Healthy","1",4,0,0,0.000561589915519311,0.000514090498879991,0.000164854808340801,29.3550157837782
"TR","1",10,0,0,0.000435236317217882,0.000401519779867913,0.000341143961764447,78.3813179803349
