"Group","Timepoint","n_samples","n_zeros","zero_percent","mean_intensity","median_intensity","sd_intensity","cv_percent"
"Healthy","1",4,0,0,0.00499575625968886,0.00490536074072966,0.000471241490294844,9.43283590709435
"TR","1",10,0,0,0.0049763596455774,0.00489855435822521,0.000199156039180948,4.00204272530708
