"Group","Timepoint","n_samples","n_zeros","zero_percent","mean_intensity","median_intensity","sd_intensity","cv_percent"
"Healthy","1",4,0,0,0.000303639262439973,0.000298969130211346,1.90993622098369e-05,6.29014905923527
"TR","1",10,0,0,0.000310008261472142,0.00031013164886744,1.98191281767551e-05,6.39309677833734
