"Group","Timepoint","n_samples","n_zeros","zero_percent","mean_intensity","median_intensity","sd_intensity","cv_percent"
"Healthy","1",4,0,0,0.000157588785940669,0.00014190642728945,5.3682460051719e-05,34.0648985467342
"TR","1",10,0,0,0.000199261777694584,0.000217930907563492,7.46455109136201e-05,37.4610282901481
