"Group","Timepoint","n_samples","n_zeros","zero_percent","mean_intensity","median_intensity","sd_intensity","cv_percent"
"Healthy","1",4,0,0,0.0011849449370624,0.00118458845044184,0.000109033788500177,9.20159115329719
"TR","1",10,0,0,0.0012642110338742,0.00126909876057389,0.000107754950417724,8.52349390493036
