"Group","Timepoint","n_samples","n_zeros","zero_percent","mean_intensity","median_intensity","sd_intensity","cv_percent"
"Healthy","1",4,0,0,0.000343811728844248,0.000347159569223275,2.11581799587679e-05,6.15400179333405
"TR","1",10,0,0,0.000342009531430214,0.000343874043867565,1.45636535017314e-05,4.25825954055407
