"Group","Timepoint","n_samples","n_zeros","zero_percent","mean_intensity","median_intensity","sd_intensity","cv_percent"
"Healthy","1",4,0,0,4.55469351023415e-05,4.79647485127864e-05,1.19861113090848e-05,26.3159557984585
"TR","1",10,0,0,5.21046049955814e-05,5.39313717633447e-05,7.11909375551154e-06,13.6630797913453
