"Group","Timepoint","n_samples","n_zeros","zero_percent","mean_intensity","median_intensity","sd_intensity","cv_percent"
"Healthy","1",4,0,0,0.000200732325441124,0.000204310097486697,9.14133429900356e-05,45.539921280316
"TR","1",10,0,0,0.000470130250714027,0.000404164897943614,0.000198708763069727,42.2667468787492
