"Group","Timepoint","n_samples","n_zeros","zero_percent","mean_intensity","median_intensity","sd_intensity","cv_percent"
"Healthy","1",4,0,0,0.00073183963989051,0.000337934349231546,0.000902461628675446,123.314122313799
"TR","1",10,0,0,0.000206234458530435,0.000188988789191421,8.07026509240711e-05,39.1315066837686
