"Group","Timepoint","n_samples","n_zeros","zero_percent","mean_intensity","median_intensity","sd_intensity","cv_percent"
"Healthy","1",4,0,0,0.000561905089471145,0.000544427243437932,0.000132126724898424,23.5140644521976
"TR","1",10,0,0,0.000383046039856498,0.000440840451421308,0.00013273247165411,34.6518323760339
