"Group","Timepoint","n_samples","n_zeros","zero_percent","mean_intensity","median_intensity","sd_intensity","cv_percent"
"Healthy","1",4,0,0,0.000602210545990026,0.000678860295995345,0.000184858687845075,30.6966872426935
"TR","1",10,0,0,0.000520112247040903,0.000561321534261051,0.000171367552391187,32.9481863513416
