"Group","Timepoint","n_samples","n_zeros","zero_percent","mean_intensity","median_intensity","sd_intensity","cv_percent"
"Healthy","1",4,0,0,0.000263777888759139,0.00025659729359601,2.31965103090181e-05,8.79395555788956
"TR","1",10,0,0,0.000255186793833949,0.00024021815673242,3.62224285363505e-05,14.1944761294821
