"Group","Timepoint","n_samples","n_zeros","zero_percent","mean_intensity","median_intensity","sd_intensity","cv_percent"
"Healthy","1",4,0,0,0.00062767326404917,0.000611988790869546,8.6492370951314e-05,13.7798399111896
"TR","1",10,0,0,0.000612250737429336,0.000611605090929456,8.1953693268082e-05,13.3856422308582
