"Group","Timepoint","n_samples","n_zeros","zero_percent","mean_intensity","median_intensity","sd_intensity","cv_percent"
"Healthy","1",4,0,0,3.81453584863243e-05,3.7698643021283e-05,1.05718522598473e-06,2.77146491194663
"TR","1",10,0,0,4.14484624838611e-05,3.98062967394637e-05,4.93139752007544e-06,11.8976609132259
