"Group","Timepoint","n_samples","n_zeros","zero_percent","mean_intensity","median_intensity","sd_intensity","cv_percent"
"Healthy","1",4,0,0,0.000177210163584585,0.00020286618417686,7.00326122901103e-05,39.5195235270367
"TR","1",10,0,0,0.000177888821971665,0.000186739137444982,5.31764912662549e-05,29.893104399064
