"Group","Timepoint","n_samples","n_zeros","zero_percent","mean_intensity","median_intensity","sd_intensity","cv_percent"
"Healthy","1",4,0,0,0.00968971392002195,0.00989280260103483,0.00164582225915697,16.9852512957704
"TR","1",10,0,0,0.0105747216597202,0.0108616071576097,0.00168776171665612,15.9603417561798
