"Group","Timepoint","n_samples","n_zeros","zero_percent","mean_intensity","median_intensity","sd_intensity","cv_percent"
"Healthy","1",4,0,0,0.000150121994720235,0.000137462057027664,5.49975805654821e-05,36.6352583230558
"TR","1",10,0,0,0.000112777179886095,0.00011383420747867,1.3541748046702e-05,12.0075249801238
