"Group","Timepoint","n_samples","n_zeros","zero_percent","mean_intensity","median_intensity","sd_intensity","cv_percent"
"Healthy","1",4,0,0,0.000214793591021995,0.00021532450654639,2.01374955757289e-05,9.37527767002452
"TR","1",10,0,0,0.000228889117959732,0.000229489180549051,1.24267175109123e-05,5.42914299363873
