"Group","Timepoint","n_samples","n_zeros","zero_percent","mean_intensity","median_intensity","sd_intensity","cv_percent"
"Healthy","1",4,0,0,0.000111456077835112,0.000111386834981537,5.56862564326296e-06,4.99625121521067
"TR","1",10,0,0,0.000114965073054035,0.000115227282038961,7.97862215600732e-06,6.94004008700737
