"Group","Timepoint","n_samples","n_zeros","zero_percent","mean_intensity","median_intensity","sd_intensity","cv_percent"
"Healthy","1",4,0,0,0.000330302434021488,0.00032290322702559,5.14739493211413e-05,15.5838843493938
"TR","1",10,0,0,0.000339586428562185,0.000320783602286002,5.52648493129755e-05,16.2741631186405
