"Group","Timepoint","n_samples","n_zeros","zero_percent","mean_intensity","median_intensity","sd_intensity","cv_percent"
"Healthy","1",4,0,0,0.00176109976546991,0.00175473659214989,0.00010917348662164,6.19916536031733
"TR","1",10,0,0,0.00189941245281244,0.00189263451914208,0.000131819128333815,6.93999495152471
