"Group","Timepoint","n_samples","n_zeros","zero_percent","mean_intensity","median_intensity","sd_intensity","cv_percent"
"Healthy","1",4,0,0,0.000669715177733277,0.000660956932889829,0.000120516157413174,17.9951360548635
"TR","1",10,0,0,0.000579641248477968,0.000572237607114921,0.000165747311264658,28.5948095826307
