"Group","Timepoint","n_samples","n_zeros","zero_percent","mean_intensity","median_intensity","sd_intensity","cv_percent"
"Healthy","1",4,0,0,0.000179578417119754,0.000186989297523489,4.19807917496579e-05,23.3774149605421
"TR","1",10,0,0,0.000256698908313419,0.000273150764807566,6.0749554885112e-05,23.6656849397034
