"Group","Timepoint","n_samples","n_zeros","zero_percent","mean_intensity","median_intensity","sd_intensity","cv_percent"
"Healthy","1",4,0,0,0.000187122559964313,0.000182628122649009,2.09672650554622e-05,11.2050973754639
"TR","1",10,0,0,0.000230926811346588,0.00024320955474298,5.81326070292684e-05,25.1736066030114
