"Group","Timepoint","n_samples","n_zeros","zero_percent","mean_intensity","median_intensity","sd_intensity","cv_percent"
"Healthy","1",4,0,0,0.00496466193160174,0.0052108579487247,0.00167681631234012,33.7750351472398
"TR","1",10,0,0,0.00401200690978215,0.00307040507666616,0.00238105709099713,59.3482799142643
