"Group","Timepoint","n_samples","n_zeros","zero_percent","mean_intensity","median_intensity","sd_intensity","cv_percent"
"Healthy","1",4,0,0,0.000129479469191207,0.000130272585101464,1.26408811277833e-05,9.76284596063343
"TR","1",10,0,0,0.000109719111241456,0.000117925283229589,3.25522029778395e-05,29.6686717651245
