"Group","Timepoint","n_samples","n_zeros","zero_percent","mean_intensity","median_intensity","sd_intensity","cv_percent"
"Healthy","1",4,0,0,0.000137500647175581,0.000132666923924686,1.88673365255565e-05,13.7216347072636
"TR","1",10,0,0,0.000135573135512117,0.000140259525588556,1.26243152426034e-05,9.31181180911397
