"Group","Timepoint","n_samples","n_zeros","zero_percent","mean_intensity","median_intensity","sd_intensity","cv_percent"
"Healthy","1",4,0,0,0.00101700594638324,0.0010099850108232,0.000111715876008252,10.9847810040389
"TR","1",10,0,0,0.00106944403743276,0.00109195946812376,6.65324955390055e-05,6.22122272977643
