"Group","Timepoint","n_samples","n_zeros","zero_percent","mean_intensity","median_intensity","sd_intensity","cv_percent"
"Healthy","1",4,0,0,0.000443076111876668,0.000430298255585936,3.00745779980867e-05,6.78767760028961
"TR","1",10,0,0,0.000453706507947262,0.000448016220309511,4.1459425031494e-05,9.13793924161942
