"Group","Timepoint","n_samples","n_zeros","zero_percent","mean_intensity","median_intensity","sd_intensity","cv_percent"
"Healthy","1",4,0,0,0.000539292853930829,0.000548393884225922,3.78098266654808e-05,7.01100086713375
"TR","1",10,0,0,0.000557433698734355,0.00054980986093993,5.19967200679084e-05,9.32787525870182
