"Group","Timepoint","n_samples","n_zeros","zero_percent","mean_intensity","median_intensity","sd_intensity","cv_percent"
"Healthy","1",4,0,0,0.0015471852565553,0.00152799470720606,0.000155838666005715,10.0723985925693
"TR","1",10,0,0,0.00153230522352194,0.00146388804769577,0.000169011538990002,11.0298872832618
