"Group","Timepoint","n_samples","n_zeros","zero_percent","mean_intensity","median_intensity","sd_intensity","cv_percent"
"Healthy","1",4,0,0,0.0129055675330981,0.0128968854281241,0.000626924801550816,4.85778560255472
"TR","1",10,0,0,0.0129331727576086,0.0128515913366037,0.000641286281823654,4.95846064877147
