"Group","Timepoint","n_samples","n_zeros","zero_percent","mean_intensity","median_intensity","sd_intensity","cv_percent"
"Healthy","1",4,0,0,0.000101741902016346,9.90533741540633e-05,8.67249249207196e-06,8.52401254566542
"TR","1",10,0,0,0.000108980064124902,0.000108087561496956,6.72208858145654e-06,6.16818189219666
