"Group","Timepoint","n_samples","n_zeros","zero_percent","mean_intensity","median_intensity","sd_intensity","cv_percent"
"Healthy","1",4,0,0,0.00126440482544004,0.00126664841099421,0.000103128734065221,8.15630658711934
"TR","1",10,0,0,0.00138208284821852,0.00138447799188149,7.01076992876424e-05,5.0726119188882
