"Group","Timepoint","n_samples","n_zeros","zero_percent","mean_intensity","median_intensity","sd_intensity","cv_percent"
"Healthy","1",4,0,0,0.000105082123445745,0.000105519074114127,7.42493075327672e-05,70.6583623342013
"TR","1",10,0,0,0.000174369067696779,0.000176673905519266,9.08045543054176e-05,52.076068023328
