"Group","Timepoint","n_samples","n_zeros","zero_percent","mean_intensity","median_intensity","sd_intensity","cv_percent"
"Healthy","1",4,0,0,0.000136096163471283,0.000137193027038386,1.2401963867929e-05,9.11264766882709
"TR","1",10,0,0,0.000141620649999763,0.000142755430256777,9.97027564131955e-06,7.04012842854219
