"Group","Timepoint","n_samples","n_zeros","zero_percent","mean_intensity","median_intensity","sd_intensity","cv_percent"
"Healthy","1",4,0,0,0.000370700780604922,0.0003605435811349,0.000208341401417983,56.2020401138634
"TR","1",10,0,0,0.000877949612949135,0.000971654252435155,0.000672193464510494,76.5640139930717
