"Group","Timepoint","n_samples","n_zeros","zero_percent","mean_intensity","median_intensity","sd_intensity","cv_percent"
"Healthy","1",4,0,0,0.000161132138137682,0.000161288115718327,1.10042972057065e-05,6.82936212036343
"TR","1",10,0,0,0.000171944702330316,0.000170830048004451,1.1231600119366e-05,6.53210012704518
