"Group","Timepoint","n_samples","n_zeros","zero_percent","mean_intensity","median_intensity","sd_intensity","cv_percent"
"Healthy","1",4,0,0,0.000112533177586003,0.000107662626426543,1.85441143892853e-05,16.4787974418594
"TR","1",10,0,0,0.0001143933765564,0.000118310439014439,2.11594386419033e-05,18.4970837288565
