"Group","Timepoint","n_samples","n_zeros","zero_percent","mean_intensity","median_intensity","sd_intensity","cv_percent"
"Healthy","1",4,0,0,0.000158729401349748,0.000166738689431952,6.47954162352223e-05,40.8213070069172
"TR","1",10,0,0,0.000196428478163144,0.000169699508258207,6.67828242074024e-05,33.9985448301115
