"Group","Timepoint","n_samples","n_zeros","zero_percent","mean_intensity","median_intensity","sd_intensity","cv_percent"
"Healthy","1",4,0,0,0.000196981214115949,0.000193738086641982,2.5412723461133e-05,12.9010898705164
"TR","1",10,0,0,0.000188660003210256,0.000190609951014692,1.83746081621241e-05,9.73953559284428
