"Group","Timepoint","n_samples","n_zeros","zero_percent","mean_intensity","median_intensity","sd_intensity","cv_percent"
"Healthy","1",4,0,0,0.000299208425124536,0.000303955143230796,6.13798949046123e-05,20.5140931038505
"TR","1",10,0,0,0.00024369098547177,0.000246852673445476,5.54075017536305e-05,22.7367875944878
