"Group","Timepoint","n_samples","n_zeros","zero_percent","mean_intensity","median_intensity","sd_intensity","cv_percent"
"Healthy","1",4,0,0,0.00461725134148684,0.00202993405825678,0.00555821457897366,120.379294257432
"TR","1",10,0,0,0.00636006851188201,0.00239103780058322,0.00657306833417528,103.34901773299
