"Group","Timepoint","n_samples","n_zeros","zero_percent","mean_intensity","median_intensity","sd_intensity","cv_percent"
"Healthy","1",4,0,0,0.00014026532174606,0.000141836523960333,2.80106680564669e-05,19.9697742163085
"TR","1",10,0,0,0.000145190274276161,0.00014399676690268,2.45453335187233e-05,16.9056320343032
