"Group","Timepoint","n_samples","n_zeros","zero_percent","mean_intensity","median_intensity","sd_intensity","cv_percent"
"Healthy","1",4,0,0,0.000153480654533795,0.000130296789803456,0.000114609798854929,74.673775143233
"TR","1",10,0,0,0.000147188394374628,0.000129073312616569,8.03034273906801e-05,54.5582603383046
