"Group","Timepoint","n_samples","n_zeros","zero_percent","mean_intensity","median_intensity","sd_intensity","cv_percent"
"Healthy","1",4,0,0,0.000218240722266065,0.000216921955824119,2.18361783452275e-05,10.0055471401008
"TR","1",10,0,0,0.000196811975486681,0.000186673232044569,3.95737855114748e-05,20.1074072924759
