"Group","Timepoint","n_samples","n_zeros","zero_percent","mean_intensity","median_intensity","sd_intensity","cv_percent"
"Healthy","1",4,0,0,0.000143406095674864,0.000144508035362633,4.04480008161602e-05,28.2052172369755
"TR","1",10,0,0,0.000124841729460016,0.000101392715842088,8.94642151222251e-05,71.6621081021461
