"Group","Timepoint","n_samples","n_zeros","zero_percent","mean_intensity","median_intensity","sd_intensity","cv_percent"
"Healthy","1",4,0,0,0.000764368113518344,0.000757198096428731,3.9719265510478e-05,5.19635301473429
"TR","1",10,0,0,0.000791268350409547,0.000791887312506203,3.80655419893546e-05,4.81069942575771
