"Group","Timepoint","n_samples","n_zeros","zero_percent","mean_intensity","median_intensity","sd_intensity","cv_percent"
"Healthy","1",4,0,0,0.000655318737785388,0.000651873772726639,1.35336541242524e-05,2.06520176273131
"TR","1",10,0,0,0.000791307853002653,0.000759117774193957,0.000160692090457432,20.3071522477224
