"Group","Timepoint","n_samples","n_zeros","zero_percent","mean_intensity","median_intensity","sd_intensity","cv_percent"
"Healthy","1",4,0,0,0.000645232233858382,0.000707992433849866,0.000288269615140173,44.676877566449
"TR","1",10,0,0,0.0002871660077774,0.000280250258066083,2.06903696005453e-05,7.20502045513119
