"Group","Timepoint","n_samples","n_zeros","zero_percent","mean_intensity","median_intensity","sd_intensity","cv_percent"
"Healthy","1",4,0,0,0.000463355021970765,0.000458953252374654,8.5413974265341e-05,18.4338078180428
"TR","1",10,0,0,0.0004327914856596,0.000416003872235909,6.84791412726254e-05,15.8226636941018
