"Group","Timepoint","n_samples","n_zeros","zero_percent","mean_intensity","median_intensity","sd_intensity","cv_percent"
"Healthy","1",4,0,0,0.000140854489444591,0.000132718476449393,2.2386193812153e-05,15.8931347523425
"TR","1",10,0,0,0.000111620546556776,0.000123176941583956,3.27050616590417e-05,29.3002163740581
