"Group","Timepoint","n_samples","n_zeros","zero_percent","mean_intensity","median_intensity","sd_intensity","cv_percent"
"Healthy","1",4,0,0,0.000339419646839445,0.000332782068983634,1.96534427919468e-05,5.79030794915751
"TR","1",10,0,0,0.000343993431488355,0.00034417125239668,1.17830505523321e-05,3.42537079889882
