"Group","Timepoint","n_samples","n_zeros","zero_percent","mean_intensity","median_intensity","sd_intensity","cv_percent"
"Healthy","1",4,0,0,0.00106663486015816,0.00105438438627388,4.78529153579091e-05,4.48634459132656
"TR","1",10,0,0,0.00101965730175711,0.00103448305822652,7.68059053129333e-05,7.53252148350026
