"Group","Timepoint","n_samples","n_zeros","zero_percent","mean_intensity","median_intensity","sd_intensity","cv_percent"
"Healthy","1",4,0,0,0.00014477958290569,0.000155144190879599,8.80857819937299e-05,60.8413011184797
"TR","1",10,0,0,0.000255067735804275,0.000200247504144766,0.000201284781712814,78.9142464757945
