"Group","Timepoint","n_samples","n_zeros","zero_percent","mean_intensity","median_intensity","sd_intensity","cv_percent"
"Healthy","1",4,0,0,0.000293971635462349,0.000288139394633441,3.15881698641343e-05,10.7453121504234
"TR","1",10,0,0,0.000301984641871742,0.000301674475532925,1.1219335991095e-05,3.71520085311493
