"Group","Timepoint","n_samples","n_zeros","zero_percent","mean_intensity","median_intensity","sd_intensity","cv_percent"
"Healthy","1",4,0,0,0.00432829948175981,0.00435685969287338,0.000124504272358195,2.87651704515543
"TR","1",10,0,0,0.00411639347721726,0.00414473893434917,0.000174516133674155,4.23953965139724
