"Group","Timepoint","n_samples","n_zeros","zero_percent","mean_intensity","median_intensity","sd_intensity","cv_percent"
"Healthy","1",4,0,0,0.000118029046263288,0.000121458665659665,1.60681158931276e-05,13.6136962907285
"TR","1",10,0,0,0.000126756635473978,0.000129912648297943,1.49921908830834e-05,11.8275393055547
