"Group","Timepoint","n_samples","n_zeros","zero_percent","mean_intensity","median_intensity","sd_intensity","cv_percent"
"Healthy","1",4,0,0,0.0111383133075072,0.0114108687237548,0.00407406067088435,36.5769983157003
"TR","1",10,0,0,0.00477092611427962,0.005261035679765,0.00197278816603993,41.3502141677542
