"Group","Timepoint","n_samples","n_zeros","zero_percent","mean_intensity","median_intensity","sd_intensity","cv_percent"
"Healthy","1",4,0,0,0.00010352125390841,0.000103453891656142,7.27174229867985e-06,7.02439549767579
"TR","1",10,0,0,0.000103837799477198,0.000104606795466721,4.68685046715603e-06,4.51362653171904
