"Group","Timepoint","n_samples","n_zeros","zero_percent","mean_intensity","median_intensity","sd_intensity","cv_percent"
"Healthy","1",4,0,0,0.00144477927696235,0.00137251304514042,0.000185120434164796,12.8130598989495
"TR","1",10,0,0,0.00135514948353266,0.00137756269102331,0.000124359745322937,9.17682859596799
