"Group","Timepoint","n_samples","n_zeros","zero_percent","mean_intensity","median_intensity","sd_intensity","cv_percent"
"Healthy","1",4,0,0,4.19285459878475e-05,4.0719641690003e-05,2.65761900371473e-06,6.33844780709784
"TR","1",10,0,0,3.97751621628451e-05,4.23159656272353e-05,6.88824292659812e-06,17.3179505803061
