"Group","Timepoint","n_samples","n_zeros","zero_percent","mean_intensity","median_intensity","sd_intensity","cv_percent"
"Healthy","1",4,0,0,0.000160621028764526,0.000161886563335202,5.13600489493912e-05,31.9759183118458
"TR","1",10,0,0,0.000154103485194962,0.000139198836650118,3.73637705663963e-05,24.245895879075
