"Group","Timepoint","n_samples","n_zeros","zero_percent","mean_intensity","median_intensity","sd_intensity","cv_percent"
"Healthy","1",4,0,0,0.000512288415893122,0.000496743386386379,6.18361107616139e-05,12.0705658850023
"TR","1",10,0,0,0.000497274594828277,0.000500293019661076,4.0664412761774e-05,8.17745631582418
