"Group_Timepoint","n_samples","n_zeros","zero_percent","mean_intensity","median_intensity","sd_intensity","cv_percent"
"Healthy",4,0,0,2.33665398574081e-06,1.29815646573275e-06,2.56992841664865e-06,109.983268054722
"PR1",8,0,0,4.82774374675312e-05,2.22299500578112e-05,5.04313393202137e-05,104.461508244159
"PR2",8,0,0,2.6411120676884e-05,2.22538016277974e-05,2.09850927620318e-05,79.4555180704571
"TR1",10,0,0,2.35547561936166e-05,1.97128161901202e-05,1.36775773952068e-05,58.0671575743735
"TR2",10,0,0,2.13057312921956e-05,1.76309815387e-05,1.11268549032144e-05,52.2247030651808
