"Group_Timepoint","n_samples","n_zeros","zero_percent","mean_intensity","median_intensity","sd_intensity","cv_percent"
"Healthy",4,0,0,6.97023610014654e-06,3.86609458954742e-06,8.11451785432316e-06,116.416685715317
"PR1",8,0,0,6.49322702834919e-05,3.71754623479232e-05,6.15907502093056e-05,94.8538376070983
"PR2",8,0,0,3.85556466506213e-05,3.06027267718671e-05,2.57577258465464e-05,66.8066238908002
"TR1",10,0,0,3.64273234902781e-05,2.90449855837302e-05,2.37530292255017e-05,65.2066277442564
"TR2",10,0,0,2.7460114656672e-05,2.12169206177073e-05,1.68236711206004e-05,61.26584441086
