"Group_Timepoint","n_samples","n_zeros","zero_percent","mean_intensity","median_intensity","sd_intensity","cv_percent"
"Healthy",4,0,0,0.0002848402890169,0.000275832636870203,2.25133096659635e-05,7.90383612643638
"PR1",8,0,0,0.000328440688918526,0.000320217314675753,2.91768149895552e-05,8.88343496222326
"PR2",8,0,0,0.0003040017968849,0.000303490956921012,1.20440114883837e-05,3.96182246677435
"TR1",10,0,0,0.000290406230873766,0.000288425204281515,2.54487979385985e-05,8.76317214752208
"TR2",10,0,0,0.000311035397696564,0.000306355409275391,1.92425766212827e-05,6.18661951783866
