"Group_Timepoint","n_samples","n_zeros","zero_percent","mean_intensity","median_intensity","sd_intensity","cv_percent"
"Healthy",4,0,0,0.000140854489444591,0.000132718476449393,2.2386193812153e-05,15.8931347523425
"PR1",8,0,0,9.97146336204872e-05,0.000113119476952698,2.53271205024874e-05,25.3996024283478
"PR2",8,0,0,0.000129561552624563,0.000129874589587312,1.31659066061724e-05,10.1618932001563
"TR1",10,0,0,0.000111620546556776,0.000123176941583956,3.27050616590417e-05,29.3002163740581
"TR2",10,0,0,0.000124927575206974,0.000124546249301281,6.81024196950453e-06,5.45135207997246
