"Group_Timepoint","n_samples","n_zeros","zero_percent","mean_intensity","median_intensity","sd_intensity","cv_percent"
"Healthy",4,0,0,0.000162340213559084,0.00016251571388383,2.02759626484462e-05,12.4897967077435
"PR1",8,0,0,0.000119871140001196,0.00010881032770107,3.03186815210832e-05,25.2927281085178
"PR2",8,0,0,0.000132851615824933,0.000119444146270235,3.53917807078974e-05,26.6400829889305
"TR1",10,0,0,0.000111390946724213,0.000114027540002887,3.22778617922772e-05,28.9770962017157
"TR2",10,0,0,8.45926337040178e-05,9.2665669237077e-05,2.20909413038213e-05,26.1144976063939
