"Group_Timepoint","n_samples","n_zeros","zero_percent","mean_intensity","median_intensity","sd_intensity","cv_percent"
"Healthy",4,0,0,0.000131096225863124,0.000131013688665081,5.03170372293054e-06,3.83817588172529
"PR1",8,0,0,0.000130655021393818,0.000131870363373851,1.31949525590823e-05,10.0990780287811
"PR2",8,0,0,0.000145454689746696,0.00014446516341697,9.42006836044594e-06,6.47629057327107
"TR1",10,0,0,0.000132016452621859,0.000133347940945203,9.37823481142084e-06,7.10383791199371
"TR2",10,0,0,0.000122350835868411,0.00012303741398512,1.43354726728827e-05,11.7166936957428
