"Group_Timepoint","n_samples","n_zeros","zero_percent","mean_intensity","median_intensity","sd_intensity","cv_percent"
"Healthy",4,0,0,0.000180839274906111,0.000188011467618067,3.37879777892107e-05,18.6839821198978
"PR1",8,0,0,0.000128795190558643,0.000114921178102769,5.46596645500587e-05,42.4392124527126
"PR2",8,0,0,7.09903230428469e-05,6.30717164398068e-05,6.13130473788368e-05,86.3681763243009
"TR1",10,0,0,0.000134756645709956,0.000127402843357265,2.8717698376187e-05,21.310784507057
"TR2",10,0,0,0.000145223771339773,0.000128219792593241,6.84063257869649e-05,47.1040829995511
