"Group_Timepoint","n_samples","n_zeros","zero_percent","mean_intensity","median_intensity","sd_intensity","cv_percent"
"Healthy",4,0,0,0.000436792285203856,0.000437252997144642,2.27315004559526e-05,5.20419000654819
"PR1",8,0,0,0.000475278757284337,0.000466234444448493,2.39452321715907e-05,5.03814483702358
"PR2",8,0,0,0.000455791248619724,0.000460704621454064,3.15449892682313e-05,6.92092912353171
"TR1",10,0,0,0.000468301532189872,0.000458827699327664,2.80640504403812e-05,5.99273086063761
"TR2",10,0,0,0.000487453342401141,0.000478120259715156,2.20688102503394e-05,4.52736874089957
