"Group_Timepoint","n_samples","n_zeros","zero_percent","mean_intensity","median_intensity","sd_intensity","cv_percent"
"Healthy",4,0,0,0.00239318817427095,0.00231978417021442,0.000420285563402561,17.5617432812443
"PR1",8,0,0,0.00142628152594246,0.00140345058584893,0.00034684029185731,24.3178002062479
"PR2",8,0,0,0.00142791698895917,0.0015779887486252,0.000500341077242461,35.0399274685545
"TR1",10,0,0,0.00153853773748803,0.00155966260545013,0.000278903577515943,18.1278346783556
"TR2",10,0,0,0.0016435363771237,0.00162102327457111,0.000205741791447612,12.5182377653043
