"Group_Timepoint","n_samples","n_zeros","zero_percent","mean_intensity","median_intensity","sd_intensity","cv_percent"
"Healthy",4,0,0,0.000676669690162325,0.00067446831885406,1.74238693356646e-05,2.57494455403859
"PR1",8,0,0,0.000666312223682619,0.000667510499357952,4.50213670883529e-05,6.75679741240912
"PR2",8,0,0,0.000707900942701568,0.000719977541187812,7.56794206757229e-05,10.6906794596016
"TR1",10,0,0,0.000636013380896081,0.000632486315073903,2.78887937010087e-05,4.38493820078377
"TR2",10,0,0,0.000684711373263943,0.000691395011895037,3.98045836214974e-05,5.81333758657365
