"Group_Timepoint","n_samples","n_zeros","zero_percent","mean_intensity","median_intensity","sd_intensity","cv_percent"
"Healthy",4,0,0,0.000809252232374764,0.000798069877053323,7.15292218016986e-05,8.83892795597176
"PR1",8,0,0,0.000667074180438745,0.000629329931083229,8.99133602157555e-05,13.4787648588974
"PR2",8,0,0,0.000902848387388056,0.000868051824303563,0.000170330348913851,18.8658861546641
"TR1",10,0,0,0.000794619355350838,0.000777121479661788,0.000106155605862072,13.3593028092302
"TR2",10,0,0,0.00077039774808848,0.000790430402790905,0.000113010512414768,14.6691125065165
