"Group_Timepoint","n_samples","n_zeros","zero_percent","mean_intensity","median_intensity","sd_intensity","cv_percent"
"Healthy",4,0,0,0.000257149473467497,0.000257732047210052,1.359087845575e-05,5.28520563253958
"PR1",8,0,0,0.0002689111989173,0.000266910477142631,1.78743204566636e-05,6.64692304695002
"PR2",8,0,0,0.000280564716846127,0.000284249217328279,1.73057489535568e-05,6.16818434908477
"TR1",10,0,0,0.000279707736023437,0.000271207520403494,2.63410759769956e-05,9.41735697105942
"TR2",10,0,0,0.000295252873345641,0.000286253166365541,2.47759357971763e-05,8.39142918963978
