"Group_Timepoint","n_samples","n_zeros","zero_percent","mean_intensity","median_intensity","sd_intensity","cv_percent"
"Healthy",4,0,0,0.00819345713879284,0.00822769750729244,0.000391918884816002,4.78331524992567
"PR1",8,0,0,0.00828866323028889,0.00828125316932833,0.000265435475026606,3.20239184114317
"PR2",8,0,0,0.00863445678813204,0.00858520246563172,0.000363444242726886,4.20923112646109
"TR1",10,0,0,0.00814379237327817,0.00815633128056885,0.000254288307742414,3.12248024123009
"TR2",10,0,0,0.00808822940121338,0.00816385400251748,0.000348909971359425,4.31379915247066
