"Group_Timepoint","n_samples","n_zeros","zero_percent","mean_intensity","median_intensity","sd_intensity","cv_percent"
"Healthy",4,0,0,0.000345913833034863,0.000274015715259351,0.000156695945544411,45.2991267130443
"PR1",8,0,0,8.35628022341496e-05,7.3538671698037e-05,3.53513157617233e-05,42.3050864937082
"PR2",8,0,0,0.000181167094350809,0.0001304287588711,0.000127963402478997,70.6328061050708
"TR1",10,0,0,0.000196298324228761,0.000136663461362018,0.000204906804339141,104.385406826167
"TR2",10,0,0,0.0001364931130468,0.000106454680764105,0.000103237839004601,75.6359326123679
