"Group_Timepoint","n_samples","n_zeros","zero_percent","mean_intensity","median_intensity","sd_intensity","cv_percent"
"Healthy",4,0,0,5.41765227053546e-07,5.22388202362638e-07,2.34963820137597e-07,43.3700445145724
"PR1",8,0,0,2.71577303901799e-05,1.29344075879052e-06,3.66671255233379e-05,135.015426534305
"PR2",8,0,0,5.03634209714334e-06,2.15833316691279e-06,6.23929999717364e-06,123.885547820761
"TR1",10,0,0,1.75001490463232e-06,1.16067305134427e-06,1.97435257574552e-06,112.819186312035
"TR2",10,0,0,2.72700433296404e-06,1.15142758393442e-06,5.41779635955885e-06,198.672084751333
