"Group_Timepoint","n_samples","n_zeros","zero_percent","mean_intensity","median_intensity","sd_intensity","cv_percent"
"Healthy",4,0,0,4.17226380177302e-05,4.16193992333763e-05,1.46711314171437e-06,3.51634798617219
"PR1",8,0,0,4.23913195023351e-05,4.46644098742855e-05,5.14206449371063e-06,12.1299939564924
"PR2",8,0,0,4.59056526479321e-05,4.63863312826667e-05,4.42599009061556e-06,9.64149257295208
"TR1",10,0,0,4.8654262972482e-05,4.87111226277736e-05,4.98186496809547e-06,10.2393185380552
"TR2",10,0,0,4.61816927159434e-05,4.68738492256252e-05,5.63580539443925e-06,12.2035487722467
