"Group_Timepoint","n_samples","n_zeros","zero_percent","mean_intensity","median_intensity","sd_intensity","cv_percent"
"Healthy",4,0,0,4.60870832612393e-05,4.62636005903142e-05,1.9098012885499e-05,41.4389706053736
"PR1",8,0,0,4.05873275942541e-05,4.5373969392312e-05,7.97076097935218e-06,19.6385459496983
"PR2",8,0,0,3.76329978416607e-05,3.89249361298981e-05,1.69259585530447e-05,44.9763758504172
"TR1",10,0,0,5.00026663704995e-05,5.07204555030253e-05,1.20283513694106e-05,24.0554199255803
"TR2",10,0,0,2.93409410869082e-05,2.89258521071998e-05,1.23107000717542e-05,41.9574138242183
