"Group_Timepoint","n_samples","n_zeros","zero_percent","mean_intensity","median_intensity","sd_intensity","cv_percent"
"Healthy",4,0,0,0.0014813893996135,0.00150881158440509,0.000184518008752751,12.4557397805663
"PR1",8,0,0,0.00128476922164571,0.00148965989809541,0.000461722903310797,35.9381977347931
"PR2",8,0,0,0.00155262393120391,0.00161001915818292,0.000257880004967748,16.6093024708042
"TR1",10,0,0,0.00153068169269864,0.00160912964048874,0.00028353247167614,18.5232810341034
"TR2",10,0,0,0.00235330177136589,0.00174479491252046,0.00196611220171825,83.5469647641956
