"Group_Timepoint","n_samples","n_zeros","zero_percent","mean_intensity","median_intensity","sd_intensity","cv_percent"
"Healthy",4,0,0,0.00012636920430755,0.000124690804079552,7.27786265599662e-06,5.7592058887102
"PR1",8,0,0,0.000145188830324278,0.000147439905153354,1.17082989562013e-05,8.06418712104156
"PR2",8,0,0,0.000142244047991887,0.000145197840770899,6.92371535678253e-06,4.86749038327242
"TR1",10,0,0,0.000142769094070133,0.000145273200862895,9.49364441372108e-06,6.64964954463989
"TR2",10,0,0,0.000135128062114325,0.000134584889532046,8.35300794328908e-06,6.18154942251894
