"Group_Timepoint","n_samples","n_zeros","zero_percent","mean_intensity","median_intensity","sd_intensity","cv_percent"
"Healthy",4,0,0,1.48991782582068e-05,1.46325821150937e-05,3.45316785797671e-06,23.1769014245778
"PR1",8,0,0,2.04094588998613e-05,1.28122138207264e-05,1.78395037794759e-05,87.4080193257703
"PR2",8,0,0,9.51712700882369e-06,8.29407315081994e-06,4.59927944669085e-06,48.3263430489756
"TR1",10,0,0,4.00689811853505e-05,2.5061238093867e-05,4.21366658151746e-05,105.160312462799
"TR2",10,0,0,2.05178648005242e-05,1.92041075827923e-05,1.05632616362987e-05,51.4832402835058
