"Group_Timepoint","n_samples","n_zeros","zero_percent","mean_intensity","median_intensity","sd_intensity","cv_percent"
"Healthy",4,0,0,2.50315176384607e-05,2.23793273500545e-05,5.70925015298392e-06,22.8082461297181
"PR1",8,0,0,5.31516503566826e-05,6.49073509297916e-05,2.16892635464915e-05,40.8063783550318
"PR2",8,0,0,4.04297066155246e-05,4.23833430640262e-05,2.01620686017971e-05,49.8694407890039
"TR1",10,0,0,4.26217430805935e-05,4.67101227869663e-05,1.87059161949756e-05,43.8882008171383
"TR2",10,0,0,5.70548221183812e-05,5.91256764515646e-05,8.44734101382581e-06,14.805656560104
