"Group_Timepoint","n_samples","n_zeros","zero_percent","mean_intensity","median_intensity","sd_intensity","cv_percent"
"Healthy",4,0,0,0.000122068551301706,0.000125753924710977,9.99086534553051e-06,8.18463497681477
"PR1",8,0,0,0.000123183716341739,0.000126171216508365,7.9937945966809e-06,6.48932735111216
"PR2",8,0,0,0.000139638204130457,0.000136810281833237,1.35373805832456e-05,9.69461091793923
"TR1",10,0,0,0.000134348727505745,0.000130804257909755,1.48917010110951e-05,11.0843632742695
"TR2",10,0,0,0.000138461624793838,0.000139033643054637,8.21584049697454e-06,5.93365888144641
