"Group_Timepoint","n_samples","n_zeros","zero_percent","mean_intensity","median_intensity","sd_intensity","cv_percent"
"Healthy",4,0,0,0.000170024941968345,0.000166486404537612,1.14504105160962e-05,6.7345475219912
"PR1",8,0,0,0.000186436123857508,0.000186002682637281,1.32761730588314e-05,7.12103040126405
"PR2",8,0,0,0.000176679363514429,0.000174224704080496,1.01895229332649e-05,5.76724000504604
"TR1",10,0,0,0.000184919760398539,0.000180827465599125,1.01394509973451e-05,5.48316252167568
"TR2",10,0,0,0.000188772855226342,0.000189490073014667,9.02806732307657e-06,4.78250292514341
