"Group_Timepoint","n_samples","n_zeros","zero_percent","mean_intensity","median_intensity","sd_intensity","cv_percent"
"Healthy",4,0,0,8.34583684016278e-05,8.11830684776759e-05,3.62054867405837e-05,43.3814935925317
"PR1",8,0,0,0.000309614275236773,0.000216455651136812,0.000206616844174725,66.7336297774764
"PR2",8,0,0,0.000240602428851543,0.000219461166187543,0.000103402561225913,42.9765242684706
"TR1",10,0,0,0.000208553064774108,0.00018069421735821,9.25804804877498e-05,44.3918101074311
"TR2",10,0,0,0.000196405536174105,0.000180782020121719,5.71912974533955e-05,29.11898440719
