"Group_Timepoint","n_samples","n_zeros","zero_percent","mean_intensity","median_intensity","sd_intensity","cv_percent"
"Healthy",4,0,0,2.17612718128072e-05,1.70131114957159e-05,1.11182001117596e-05,51.0916834613325
"PR1",8,0,0,0.000117639252979391,5.79976319505952e-05,0.000104074908147527,88.4695418507627
"PR2",8,0,0,6.18357544538933e-05,5.30411629122106e-05,3.32435742150672e-05,53.7610877536146
"TR1",10,0,0,5.04507547605449e-05,4.25601228358802e-05,3.34231971213004e-05,66.2491518312013
"TR2",10,0,0,4.61342573237909e-05,3.4360535374547e-05,2.86556049192686e-05,62.1135064950773
