"Group_Timepoint","n_samples","n_zeros","zero_percent","mean_intensity","median_intensity","sd_intensity","cv_percent"
"Healthy",4,0,0,0.000669715177733277,0.000660956932889829,0.000120516157413174,17.9951360548635
"PR1",8,0,0,0.000507179118987341,0.000531173731712756,0.000125606241576296,24.765657116777
"PR2",8,0,0,0.000426354108042518,0.000426025022843075,0.000113822032435205,26.6965956907948
"TR1",10,0,0,0.000579641248477968,0.000572237607114921,0.000165747311264658,28.5948095826307
"TR2",10,0,0,0.000563196198727049,0.000587827802044642,0.000145279107833041,25.7954702395727
