"Group_Timepoint","n_samples","n_zeros","zero_percent","mean_intensity","median_intensity","sd_intensity","cv_percent"
"Healthy",4,0,0,6.28072989346703e-05,6.27318038932085e-05,3.41243562434352e-06,5.43318321632172
"PR1",8,0,0,5.24666535642411e-05,5.49652796777154e-05,8.58756391289775e-06,16.3676608464898
"PR2",8,0,0,6.90028223915748e-05,7.10133703549016e-05,2.21095000593126e-05,32.0414430787286
"TR1",10,0,0,6.74194989828706e-05,6.49764547552345e-05,8.21343938789132e-06,12.1825873994972
"TR2",10,0,0,6.15351697879782e-05,6.39022742129356e-05,8.77275671667889e-06,14.2564922578515
