"Group_Timepoint","n_samples","n_zeros","zero_percent","mean_intensity","median_intensity","sd_intensity","cv_percent"
"Healthy",4,0,0,0.000120253957988389,0.000121133005864832,9.41685040117897e-06,7.83080287643272
"PR1",8,0,0,0.000131618438780751,0.000133592557020227,1.03453868288569e-05,7.86013489043898
"PR2",8,0,0,0.00012462616622792,0.00012620322671251,1.13051645453462e-05,9.07126078537227
"TR1",10,0,0,0.000125750571530678,0.000124427213447905,8.67163446408968e-06,6.89590063769543
"TR2",10,0,0,0.000142672802577638,0.000144450795359215,1.3087822028762e-05,9.17331249706125
