"Group_Timepoint","n_samples","n_zeros","zero_percent","mean_intensity","median_intensity","sd_intensity","cv_percent"
"Healthy",4,0,0,0.00013210862565258,0.00013152293566353,7.92996637875919e-06,6.00261060894952
"PR1",8,0,0,0.000153725933956327,0.000147392461365533,2.00346118687501e-05,13.0326818339201
"PR2",8,0,0,0.000133709626328082,0.00013410232844567,6.03629808554909e-06,4.51448280226129
"TR1",10,0,0,0.000143576698262287,0.000142907447131618,6.08199212415852e-06,4.23605793820938
"TR2",10,0,0,0.000153790585218164,0.000149287685585393,2.1499969581419e-05,13.980029759897
