"Group_Timepoint","n_samples","n_zeros","zero_percent","mean_intensity","median_intensity","sd_intensity","cv_percent"
"Healthy",4,0,0,9.63099532668338e-05,9.66051939502105e-05,6.5129734561272e-06,6.76251335942666
"PR1",8,0,0,6.25103109158001e-05,7.02408294304171e-05,2.14136163161473e-05,34.2561347119053
"PR2",8,0,0,8.596276035823e-05,8.27277928525184e-05,1.58435880960955e-05,18.4307577258699
"TR1",10,0,0,9.07698170281604e-05,9.05948920768731e-05,1.09440567160205e-05,12.0569337631531
"TR2",10,0,0,7.87696985942669e-05,7.98889870259716e-05,1.77768866332177e-05,22.5681790719858
