"Group_Timepoint","n_samples","n_zeros","zero_percent","mean_intensity","median_intensity","sd_intensity","cv_percent"
"Healthy",4,0,0,6.02284590349227e-06,6.18954762938022e-06,3.19773611849088e-06,53.093440704447
"PR1",8,0,0,6.68898511311917e-05,2.22601550863329e-05,7.17642144593194e-05,107.287149314427
"PR2",8,0,0,2.46615578556595e-05,1.90095813479077e-05,1.51900753023368e-05,61.5941433677549
"TR1",10,0,0,2.12284960108421e-05,1.69948361963691e-05,1.43839612438815e-05,67.7577970504136
"TR2",10,0,0,2.10994973937949e-05,1.8606206541525e-05,9.00670953624768e-06,42.6868439951391
