"Group_Timepoint","n_samples","n_zeros","zero_percent","mean_intensity","median_intensity","sd_intensity","cv_percent"
"Healthy",4,0,0,5.00870037675566e-05,4.93807995475061e-05,3.98628089093365e-06,7.95871302151182
"PR1",8,0,0,4.24681349023251e-05,4.4229190580956e-05,6.0664917575458e-06,14.2848085311457
"PR2",8,0,0,4.94212145995168e-05,4.95175068958106e-05,2.81354999498332e-06,5.69300050147055
"TR1",10,0,0,4.65847230896562e-05,4.63598700451686e-05,3.78880836648378e-06,8.13315635512505
"TR2",10,0,0,5.03178436562561e-05,4.99241417898134e-05,3.06600715221949e-06,6.09328009595317
