"Group_Timepoint","n_samples","n_zeros","zero_percent","mean_intensity","median_intensity","sd_intensity","cv_percent"
"Healthy",4,0,0,2.27666974407947e-05,2.11547102769341e-05,6.77172563878697e-06,29.743996275248
"PR1",8,0,0,4.25123956229995e-05,3.72663536974619e-05,1.43265904183923e-05,33.6997955736034
"PR2",8,0,0,2.37600783711555e-05,2.49419982058545e-05,8.12929277539879e-06,34.2140823292387
"TR1",10,0,0,3.4525097919164e-05,3.67578189354348e-05,1.7264373219169e-05,50.0052838650633
"TR2",10,0,0,4.532222190281e-05,4.44209739730056e-05,1.79292083813076e-05,39.5594205856795
