"Group_Timepoint","n_samples","n_zeros","zero_percent","mean_intensity","median_intensity","sd_intensity","cv_percent"
"Healthy",4,0,0,0.00393948143533993,0.00390883586247127,0.000157509430236089,3.99822750332362
"PR1",8,0,0,0.00409389600346043,0.00407596815768312,0.000179896418038153,4.39425959736382
"PR2",8,0,0,0.0042353895890665,0.00423515098636135,0.000186604747369577,4.40584610802486
"TR1",10,0,0,0.00415522424039061,0.00415877129532733,0.000130206162613595,3.13355321111033
"TR2",10,0,0,0.00404322623776405,0.0040273320474264,0.000125658448148868,3.10787575959041
