"Group_Timepoint","n_samples","n_zeros","zero_percent","mean_intensity","median_intensity","sd_intensity","cv_percent"
"Healthy",4,0,0,0.00627261342991961,0.00596968744862745,0.00137170011062978,21.8680798036579
"PR1",8,0,0,0.00415329235173221,0.00395109840803407,0.0010533529614615,25.3618785352824
"PR2",8,0,0,0.00370823904451812,0.00412560862819701,0.00117423011378294,31.6654374134483
"TR1",10,0,0,0.00446778286583644,0.00452052522699325,0.000645244593518215,14.4421654519554
"TR2",10,0,0,0.00479950147347327,0.00483995384694938,0.0012806364903731,26.6826981396119
