"Group_Timepoint","n_samples","n_zeros","zero_percent","mean_intensity","median_intensity","sd_intensity","cv_percent"
"Healthy",4,0,0,0.0278740532547279,0.0287078087491821,0.0022583796529923,8.10208559320033
"PR1",8,0,0,0.0218034158444967,0.0221479287716295,0.00195666162125334,8.97410587042124
"PR2",8,0,0,0.0236365557894072,0.0235352809617813,0.00133945591020902,5.66688278166697
"TR1",10,0,0,0.0232776390390897,0.0232454001085503,0.00146552103816349,6.29583196003024
"TR2",10,0,0,0.0222702538954867,0.0233012392186044,0.00336791330731598,15.1229228149865
