"Group_Timepoint","n_samples","n_zeros","zero_percent","mean_intensity","median_intensity","sd_intensity","cv_percent"
"Healthy",4,0,0,1.02215357080303e-05,9.97299543775005e-06,3.4367599467843e-06,33.6227358094958
"PR1",8,0,0,2.34843933485384e-05,2.31327415003846e-05,7.52251426274118e-06,32.0319718337938
"PR2",8,0,0,2.80946167750609e-05,2.83939032322168e-05,1.17844778882225e-05,41.9456794252604
"TR1",10,0,0,2.73987790687339e-05,2.69795453883199e-05,1.03289310363982e-05,37.6985084280092
"TR2",10,0,0,2.60807779118584e-05,2.31104117531979e-05,1.26625915035995e-05,48.5514333444864
