"Group_Timepoint","n_samples","n_zeros","zero_percent","mean_intensity","median_intensity","sd_intensity","cv_percent"
"Healthy",4,0,0,7.3213420728053e-06,4.47837238947703e-06,6.79279730185108e-06,92.7807666176742
"PR1",8,0,0,7.17648302098195e-05,4.78187893934971e-05,6.59477622463872e-05,91.8942636017881
"PR2",8,0,0,5.58502634271091e-05,4.43190481749526e-05,3.32265814269016e-05,59.4922555204525
"TR1",10,0,0,4.41613394661277e-05,3.15198180377361e-05,3.16123928685324e-05,71.5838632856223
"TR2",10,0,0,3.65076059857852e-05,3.07014594861253e-05,2.15355286239459e-05,58.9891559373439
