"Group_Timepoint","n_samples","n_zeros","zero_percent","mean_intensity","median_intensity","sd_intensity","cv_percent"
"Healthy",4,0,0,5.83241388696315e-05,5.91037635168002e-05,4.44561785922379e-06,7.62226060321407
"PR1",8,0,0,6.22744274467935e-05,6.13943685071066e-05,4.23805526896636e-06,6.80545039548907
"PR2",8,0,0,5.67637907351786e-05,5.9377332670285e-05,5.3991488094577e-06,9.51160720510452
"TR1",10,0,0,6.35742482619954e-05,6.37804520444025e-05,4.31091390011461e-06,6.78091211137713
"TR2",10,0,0,6.45169851062353e-05,6.64982136035114e-05,5.43872476325507e-06,8.4299115253131
