"Group_Timepoint","n_samples","n_zeros","zero_percent","mean_intensity","median_intensity","sd_intensity","cv_percent"
"Healthy",4,0,0,0.00211035208339077,0.00208523375439562,7.38465466667477e-05,3.4992524350769
"PR1",8,0,0,0.00223125128379294,0.00222677700243411,0.000125131091149155,5.60811290319765
"PR2",8,0,0,0.00209773725904019,0.00212145389451111,0.000131026632526763,6.24609359261293
"TR1",10,0,0,0.00225591151740529,0.00225600404351247,9.55830920551089e-05,4.23700536646256
"TR2",10,0,0,0.0022922358613542,0.00230338861406012,0.000110053513769013,4.80114265832994
