"Group_Timepoint","n_samples","n_zeros","zero_percent","mean_intensity","median_intensity","sd_intensity","cv_percent"
"Healthy",4,0,0,6.6891947865532e-05,6.73850679317936e-05,4.84727080175388e-06,7.24641897332395
"PR1",8,0,0,7.11362031539145e-05,7.13411391296381e-05,4.30104451913405e-06,6.04621040826154
"PR2",8,0,0,6.32196562167184e-05,6.39705299998486e-05,7.59323538119164e-06,12.010877368839
"TR1",10,0,0,7.3645754806761e-05,7.3868274536687e-05,5.17255423781171e-06,7.02356062665658
"TR2",10,0,0,7.20081225823008e-05,7.45215913095603e-05,6.99450337789931e-06,9.713492210417
