"Group_Timepoint","n_samples","n_zeros","zero_percent","mean_intensity","median_intensity","sd_intensity","cv_percent"
"Healthy",4,0,0,8.35943657826497e-05,8.40471540436646e-05,6.85820075027794e-06,8.20414233192422
"PR1",8,0,0,7.34679605268122e-05,7.2782424530241e-05,2.70699283257133e-06,3.68458959954851
"PR2",8,0,0,8.51349003993564e-05,8.49015029099692e-05,8.38043118999558e-06,9.84370822152149
"TR1",10,0,0,7.62351242267367e-05,7.56432010549416e-05,7.41674261460678e-06,9.72877356708711
"TR2",10,0,0,7.86705943379798e-05,7.91532755282265e-05,5.33918716213488e-06,6.78676347505015
