"Group_Timepoint","n_samples","n_zeros","zero_percent","mean_intensity","median_intensity","sd_intensity","cv_percent"
"Healthy",4,0,0,0.00651204585620408,0.00386327487902284,0.00622663222241342,95.6171433664161
"PR1",8,0,0,0.015507757746264,0.0155102236286461,0.00489626042184329,31.5729746489163
"PR2",8,0,0,0.00414284324119336,0.00428142072012644,0.00235126957822708,56.7549733682367
"TR1",10,0,0,0.0110202535611791,0.0107925503058462,0.00655954787903643,59.5226583727952
"TR2",10,0,0,0.00650442864690568,0.00508432380229323,0.0060751198012627,93.3997454819153
