"Group_Timepoint","n_samples","n_zeros","zero_percent","mean_intensity","median_intensity","sd_intensity","cv_percent"
"Healthy",4,0,0,0.00158305719841903,0.0013289688987953,0.000719228291368494,45.432868255599
"PR1",8,0,0,0.00172696126846047,0.00179932456570711,0.000358478440042485,20.757757952618
"PR2",8,0,0,0.00245011700742182,0.00223524273528623,0.000603525781086947,24.6325289469346
"TR1",10,0,0,0.0026103874559371,0.00265381099347538,0.000536976700119491,20.5707661863829
"TR2",10,0,0,0.00267235483148824,0.00272199015797454,0.000715467505359244,26.7729231511071
