"Group_Timepoint","n_samples","n_zeros","zero_percent","mean_intensity","median_intensity","sd_intensity","cv_percent"
"Healthy",4,0,0,0.000312764062143727,0.000313499994717454,1.7742642494001e-05,5.67285204457013
"PR1",8,0,0,0.000306174339968173,0.000298268415254461,2.36007174872159e-05,7.70826108081728
"PR2",8,0,0,0.000340830274508189,0.000349797888667519,2.90047324680347e-05,8.51002232999634
"TR1",10,0,0,0.000327477134986576,0.00031883154700138,2.88265122009385e-05,8.802603028184
"TR2",10,0,0,0.000339579518508172,0.000330032148742661,2.89214912736386e-05,8.51685384345186
