"Group_Timepoint","n_samples","n_zeros","zero_percent","mean_intensity","median_intensity","sd_intensity","cv_percent"
"Healthy",4,0,0,0.000172288841219942,0.000171050206749906,1.31246663923967e-05,7.61782730643702
"PR1",8,0,0,0.000180756036537369,0.000178794099691212,8.97356124259561e-06,4.96446006147099
"PR2",8,0,0,0.000171199052768132,0.000171486661706558,7.66729894478569e-06,4.47858724730803
"TR1",10,0,0,0.000182183843177852,0.000180578048650397,6.24957572139631e-06,3.43036770571106
"TR2",10,0,0,0.000176164567513401,0.000176066111311855,1.14941808896781e-05,6.52468373857515
