"Group_Timepoint","n_samples","n_zeros","zero_percent","mean_intensity","median_intensity","sd_intensity","cv_percent"
"Healthy",4,0,0,0.00376082702212364,0.00390518902636987,0.00116883377288932,31.0791686512959
"PR1",8,0,0,0.00141076258120109,0.00098267051419688,0.000893943581835264,63.3659833162136
"PR2",8,0,0,0.00341821446290632,0.00351991194149052,0.00106576415553063,31.1789727384301
"TR1",10,0,0,0.00548355727888546,0.00326608990902136,0.00785250139384677,143.200863864101
"TR2",10,0,0,0.00349250260774638,0.00370529098821775,0.00136654824199025,39.1280521583361
