"Group_Timepoint","n_samples","n_zeros","zero_percent","mean_intensity","median_intensity","sd_intensity","cv_percent"
"Healthy",4,0,0,0.000169345768168799,0.00016907970286041,6.5794616513126e-06,3.88522354143175
"PR1",8,0,0,0.000186250386180936,0.000187567281113497,1.18677262914615e-05,6.37192036742001
"PR2",8,0,0,0.000170656816493301,0.000168405965894135,1.31560513635541e-05,7.70906878136362
"TR1",10,0,0,0.00018262214093011,0.000184166521332355,8.16225791648798e-06,4.46947882382549
"TR2",10,0,0,0.000193104538473111,0.000192804472228356,1.07106395931318e-05,5.5465499039129
