"Group_Timepoint","n_samples","n_zeros","zero_percent","mean_intensity","median_intensity","sd_intensity","cv_percent"
"Healthy",4,0,0,0.00395333742654604,0.00392157506074853,0.00274963108674113,69.5521477189827
"PR1",8,0,0,0.00514446818467508,0.00455527625272777,0.00284944103633272,55.388447047276
"PR2",8,0,0,0.00143421180763082,0.000954917185000065,0.00104378544267774,72.777635571274
"TR1",10,0,0,0.00165985117918358,0.00148189083199954,0.00119095236907327,71.7505511342921
"TR2",10,0,0,0.00229276101479892,0.00102898536136493,0.00250835569495404,109.403277479142
