"Group_Timepoint","n_samples","n_zeros","zero_percent","mean_intensity","median_intensity","sd_intensity","cv_percent"
"Healthy",4,0,0,0.000145683046996419,0.00014731033584762,5.27676052317845e-06,3.62208275566076
"PR1",8,0,0,0.000160780942182985,0.000158497682332927,7.00743960298242e-06,4.3583769990645
"PR2",8,0,0,0.000165912884923705,0.000169553178383595,9.91213269513766e-06,5.97429952453407
"TR1",10,0,0,0.000149102878386402,0.000152132450781566,8.94591007823247e-06,5.99982386325837
"TR2",10,0,0,0.000154488511734344,0.000155496566802835,1.01393333623884e-05,6.56316333723501
