"Group_Timepoint","n_samples","n_zeros","zero_percent","mean_intensity","median_intensity","sd_intensity","cv_percent"
"Healthy",4,0,0,0.000301720813029563,0.000304050473087891,0.000123908396533901,41.0672353987593
"PR1",8,0,0,0.000886499136723005,0.000723425169359039,0.000485643568524469,54.7821817762483
"PR2",8,0,0,0.000816618707334127,0.000694063873472114,0.000400863262502464,49.0881801876781
"TR1",10,0,0,0.000685448785434872,0.000599652573621612,0.000270917288586898,39.5240744959551
"TR2",10,0,0,0.0006399855856833,0.000589869684912528,0.000239562047457354,37.4324129818609
