"Group_Timepoint","n_samples","n_zeros","zero_percent","mean_intensity","median_intensity","sd_intensity","cv_percent"
"Healthy",4,0,0,2.7229344141466e-05,2.29482105011675e-05,9.91078462083663e-06,36.3974415591746
"PR1",8,0,0,2.56170012023893e-05,2.23703560503325e-05,1.437082860598e-05,56.0987935021824
"PR2",8,0,0,1.64897920381625e-05,1.73137743359391e-05,4.21479260123538e-06,25.5600106507168
"TR1",10,0,0,2.15335384389904e-05,2.30765910859836e-05,5.77798849611429e-06,26.8325083333829
"TR2",10,0,0,2.24969668958649e-05,2.22523402129339e-05,1.34367105207237e-06,5.97267648697722
