"Group_Timepoint","n_samples","n_zeros","zero_percent","mean_intensity","median_intensity","sd_intensity","cv_percent"
"Healthy",4,0,0,7.32927197101969e-05,7.35622373121615e-05,1.15402854284799e-06,1.57454730484975
"PR1",8,0,0,8.16600966908617e-05,8.05522381290214e-05,4.22439663224242e-06,5.17314674293688
"PR2",8,0,0,7.72582450586805e-05,7.94843855027553e-05,6.14589296134718e-06,7.95499943945031
"TR1",10,0,0,8.2743954100683e-05,8.22685881828522e-05,4.08055073267973e-06,4.93153944240386
"TR2",10,0,0,8.2946400274547e-05,8.318443202137e-05,5.84069108653993e-06,7.04152448714789
