"Group_Timepoint","n_samples","n_zeros","zero_percent","mean_intensity","median_intensity","sd_intensity","cv_percent"
"Healthy",4,0,0,2.04150533954539e-05,2.09327247154352e-05,4.63040265066675e-06,22.681315404729
"PR1",8,0,0,2.05921177109533e-05,2.26032435525936e-05,4.7335838566373e-06,22.98735818764
"PR2",8,0,0,2.37386051254941e-05,2.42935347835085e-05,3.20721032170181e-06,13.5105255963731
"TR1",10,0,0,2.54362267591145e-05,2.38812928474168e-05,4.27225269961368e-06,16.7959373065536
"TR2",10,0,0,2.73732043550407e-05,2.60866340386825e-05,5.42440993071419e-06,19.8164959438346
