"Group_Timepoint","n_samples","n_zeros","zero_percent","mean_intensity","median_intensity","sd_intensity","cv_percent"
"Healthy",4,0,0,0.000251131013954728,0.00024925035916785,1.33546192276019e-05,5.31778971354344
"PR1",8,0,0,0.000267323305949141,0.000266542696756915,1.81274928860867e-05,6.7811120402407
"PR2",8,0,0,0.000273199634614284,0.000274054450076291,3.32467291249923e-05,12.1693900403387
"TR1",10,0,0,0.000261255384074123,0.000255953617346713,1.87631296345741e-05,7.18191117900585
"TR2",10,0,0,0.000293771401733364,0.000289797863326846,2.94495676786763e-05,10.0246543757876
