"Group_Timepoint","n_samples","n_zeros","zero_percent","mean_intensity","median_intensity","sd_intensity","cv_percent"
"Healthy",4,0,0,6.79933325825303e-05,6.80789800212016e-05,7.6831494821072e-07,1.12998571922937
"PR1",8,0,0,6.48846018210851e-05,6.60695175687875e-05,3.89691294313613e-06,6.005913319591
"PR2",8,0,0,7.04323964257318e-05,7.1752434740237e-05,4.32886534946557e-06,6.14612815855299
"TR1",10,0,0,7.27503036820839e-05,7.08155040704683e-05,7.63543178136714e-06,10.4953950635501
"TR2",10,0,0,7.77417968435839e-05,7.77511703308739e-05,8.39720449733185e-06,10.8014026408818
