"Group_Timepoint","n_samples","n_zeros","zero_percent","mean_intensity","median_intensity","sd_intensity","cv_percent"
"Healthy",4,0,0,3.6985445518732e-05,3.69554387998769e-05,1.84047502044153e-05,49.7621427734157
"PR1",8,0,0,4.66008704981493e-05,4.47354314911404e-05,1.21287226314176e-05,26.026815597574
"PR2",8,0,0,6.20111048566671e-05,5.39931114081307e-05,2.96075727595175e-05,47.7455978698535
"TR1",10,0,0,3.38704028617767e-05,2.81521024479038e-05,1.82507840847097e-05,53.8841659462692
"TR2",10,0,0,6.11536893891835e-05,6.42253898366268e-05,2.17551275225372e-05,35.5745135572885
