"Group_Timepoint","n_samples","n_zeros","zero_percent","mean_intensity","median_intensity","sd_intensity","cv_percent"
"Healthy",4,0,0,0.000153057260371467,0.000142886337374497,4.82873073451038e-05,31.5485245377525
"PR1",8,0,0,0.000120504764186868,0.000123511887690469,2.04422656188314e-05,16.963865085974
"PR2",8,0,0,0.000121111856998686,0.000123536355569643,3.02421741919742e-05,24.9704487582106
"TR1",10,0,0,9.75657741211523e-05,0.000101069505801696,1.56053795624794e-05,15.9947273550061
"TR2",10,0,0,0.000128441873613034,0.000117940536345947,2.91947207023925e-05,22.7299087759726
