"Group_Timepoint","n_samples","n_zeros","zero_percent","mean_intensity","median_intensity","sd_intensity","cv_percent"
"Healthy",4,0,0,0.00269049321450118,0.00273390537498206,0.000159620595001866,5.93276333653418
"PR1",8,0,0,0.00280770314701972,0.0027643055226342,0.000181134723586088,6.45134881080133
"PR2",8,0,0,0.00270821850469173,0.00276652113444285,0.000137201414085484,5.06611316065509
"TR1",10,0,0,0.00285310973627474,0.00282731988769337,0.000132849348092156,4.65629998044222
"TR2",10,0,0,0.0029240188535946,0.00290035981339037,0.000134417797729962,4.59702226491178
