"Group_Timepoint","n_samples","n_zeros","zero_percent","mean_intensity","median_intensity","sd_intensity","cv_percent"
"Healthy",4,0,0,6.66166238129697e-05,6.66862192816713e-05,3.86548899398366e-06,5.80258916278355
"PR1",8,0,0,6.99374610677935e-05,6.91360427841987e-05,6.97175164954324e-06,9.96855125007357
"PR2",8,0,0,7.83175753804711e-05,7.95380881950636e-05,8.62789193216783e-06,11.0165462736213
"TR1",10,0,0,6.21699490069175e-05,6.73038450653707e-05,1.72046289651334e-05,27.6735452416392
"TR2",10,0,0,6.2513885411629e-05,6.4284859097324e-05,1.3729261505368e-05,21.9619391995334
