"Group_Timepoint","n_samples","n_zeros","zero_percent","mean_intensity","median_intensity","sd_intensity","cv_percent"
"Healthy",4,0,0,0.00010904851725446,0.000111055090285684,5.19195452778533e-05,47.6114179129105
"PR1",8,0,0,0.000173468558821366,0.000172763001959016,1.83994897557634e-05,10.6068153680292
"PR2",8,0,0,0.000167876415818963,0.000174729088905588,3.61696833429949e-05,21.545422664968
"TR1",10,0,0,0.000131025187949596,0.00013835116431013,4.21878353168457e-05,32.198263537752
"TR2",10,0,0,0.000171071477466947,0.000182815569134388,3.42253955041549e-05,20.0064885221837
