"Group_Timepoint","n_samples","n_zeros","zero_percent","mean_intensity","median_intensity","sd_intensity","cv_percent"
"Healthy",4,0,0,0.000111683253403735,0.00011143051420481,3.99665792819371e-06,3.5785650994118
"PR1",8,0,0,7.66955078132707e-05,9.06541847713822e-05,2.47027903938482e-05,32.2089143134584
"PR2",8,0,0,9.57314089462283e-05,9.2433121448207e-05,1.60690367425094e-05,16.7855429261834
"TR1",10,0,0,0.000103259874643535,0.000105197198267733,1.16504355501179e-05,11.2826357676073
"TR2",10,0,0,9.10571865346398e-05,9.00093488234044e-05,1.89108378052414e-05,20.7680892908408
