"Group_Timepoint","n_samples","n_zeros","zero_percent","mean_intensity","median_intensity","sd_intensity","cv_percent"
"Healthy",4,0,0,4.19285459878475e-05,4.0719641690003e-05,2.65761900371473e-06,6.33844780709784
"PR1",8,0,0,3.54042293943328e-05,3.59989961682231e-05,4.43302207549769e-06,12.5211652713088
"PR2",8,0,0,3.3001168016938e-05,3.22971823617766e-05,1.00737494130632e-05,30.5254329419272
"TR1",10,0,0,3.97751621628451e-05,4.23159656272353e-05,6.88824292659812e-06,17.3179505803061
"TR2",10,0,0,4.26913195002303e-05,4.6014279810637e-05,5.65316909571506e-06,13.2419638509523
