"Group_Timepoint","n_samples","n_zeros","zero_percent","mean_intensity","median_intensity","sd_intensity","cv_percent"
"Healthy",4,0,0,0.00095522784408915,0.000904317350206269,0.00033438885393103,35.0061878954004
"PR1",8,0,0,0.000797486501547679,0.000775580014069172,0.00014081553548046,17.6574193051769
"PR2",8,0,0,0.0011122617639887,0.00116255889869768,0.000232670019180161,20.918638643639
"TR1",10,0,0,0.000829454647730065,0.000789400820588061,0.000139752396256024,16.848708562726
"TR2",10,0,0,0.00104163764889283,0.00098721881930094,0.000275496062769148,26.4483587994325
