"Group_Timepoint","n_samples","n_zeros","zero_percent","mean_intensity","median_intensity","sd_intensity","cv_percent"
"Healthy",4,0,0,0.00126983230351615,0.00128302131425341,4.16790597906759e-05,3.28224913441459
"PR1",8,0,0,0.00127873034537149,0.00127468048015411,5.01682754945619e-05,3.92328810183879
"PR2",8,0,0,0.00133767964471851,0.00132293751187035,6.23616438103082e-05,4.66192664712565
"TR1",10,0,0,0.00123662104530156,0.00122799367445851,5.03663033094742e-05,4.07289714992616
"TR2",10,0,0,0.00128500025136282,0.00127049612196756,5.15413093262824e-05,4.01099605012681
