"Group_Timepoint","n_samples","n_zeros","zero_percent","mean_intensity","median_intensity","sd_intensity","cv_percent"
"Healthy",4,0,0,8.66434108507669e-05,8.63798113115622e-05,2.41050627864337e-06,2.78209993694176
"PR1",8,0,0,4.1101678223313e-05,3.54219781585661e-05,3.12455864983373e-05,76.0202207038222
"PR2",8,0,0,8.17545143801356e-05,7.30512177288788e-05,2.07352446651235e-05,25.3628130780771
"TR1",10,0,0,3.95286565674163e-05,3.87114184108267e-05,1.500773919867e-05,37.966732244174
"TR2",10,0,0,3.13865459345257e-05,2.85829260166326e-05,1.67365812018789e-05,53.3240619620664
