"Group_Timepoint","n_samples","n_zeros","zero_percent","mean_intensity","median_intensity","sd_intensity","cv_percent"
"Healthy",4,0,0,0.000307552182434546,0.000318278839375458,6.84058497154151e-05,22.2420303357702
"PR1",8,0,0,0.000248710536603831,0.000239354919030078,4.16739034055051e-05,16.7559862861327
"PR2",8,0,0,0.000332779752929567,0.000342376951176377,6.72062016293523e-05,20.195399821568
"TR1",10,0,0,0.000275594474760666,0.000257528926126672,5.20706491873794e-05,18.8939379980673
"TR2",10,0,0,0.000330940582434497,0.000336372223407444,6.50472285914812e-05,19.6552589933137
