"Group_Timepoint","n_samples","n_zeros","zero_percent","mean_intensity","median_intensity","sd_intensity","cv_percent"
"Healthy",4,0,0,2.78229344310389e-05,2.7150621696433e-05,1.17644912030021e-05,42.2834307149062
"PR1",8,0,0,3.10522435698083e-05,3.26746010397671e-05,1.01003531326188e-05,32.5269673668257
"PR2",8,0,0,2.42034654316062e-05,2.28823192828413e-05,9.61517039240742e-06,39.7264202499341
"TR1",10,0,0,3.80250905337356e-05,4.20571411243682e-05,1.01740805525803e-05,26.7562296625011
"TR2",10,0,0,3.71769711141924e-05,3.96431923912689e-05,1.07223258046971e-05,28.8413108527925
