"Group_Timepoint","n_samples","n_zeros","zero_percent","mean_intensity","median_intensity","sd_intensity","cv_percent"
"Healthy",4,0,0,0.00482543419550613,0.00486097747912811,0.00371678883360627,77.0249615478679
"PR1",8,0,0,0.000301112019257516,0.000290330553872996,0.000116568381316915,38.7126298061266
"PR2",8,0,0,0.000256834487232645,0.000233769659054134,0.000113726012236774,44.2798836955876
"TR1",10,0,0,0.000297441144113767,0.000282322694641963,0.00010278290054216,34.5557104577459
"TR2",10,0,0,0.000427506956331386,0.000388232097639123,0.000160132145488505,37.4572023020783
