"Group_Timepoint","n_samples","n_zeros","zero_percent","mean_intensity","median_intensity","sd_intensity","cv_percent"
"Healthy",4,0,0,0.00031831219024877,0.000314094183271774,1.62049876522319e-05,5.09091016576124
"PR1",8,0,0,0.000192500453976206,0.000174425421012849,8.42781907587941e-05,43.7807750672687
"PR2",8,0,0,0.000333178868272545,0.000309612687965668,6.09064846543566e-05,18.280416453223
"TR1",10,0,0,0.00019425459457268,0.000184520677505151,2.80000283751994e-05,14.4140880872309
"TR2",10,0,0,0.000179574003580658,0.000177876455988128,3.69323983532571e-05,20.5666731357741
