"Group_Timepoint","n_samples","n_zeros","zero_percent","mean_intensity","median_intensity","sd_intensity","cv_percent"
"Healthy",4,0,0,3.09892959697591e-05,3.58533519336995e-05,1.23894125417939e-05,39.9796515347885
"PR1",8,0,0,1.646689247406e-05,1.46684672608614e-05,8.02038722437502e-06,48.7061370990876
"PR2",8,0,0,3.28696455422325e-05,2.90818066370553e-05,2.03657163871531e-05,61.9590386546343
"TR1",10,0,0,3.48829717633068e-05,3.40623025043768e-05,1.14357599178809e-05,32.7832158208209
"TR2",10,0,0,2.0288213152105e-05,2.10763851973145e-05,9.31161995259833e-06,45.8966981605879
