"Group_Timepoint","n_samples","n_zeros","zero_percent","mean_intensity","median_intensity","sd_intensity","cv_percent"
"Healthy",4,0,0,6.04214898412928e-05,6.20095554695819e-05,3.28872265911691e-06,5.44296849970978
"PR1",8,0,0,6.75310028132197e-05,6.67808287233473e-05,5.71569473289894e-06,8.46380846543573
"PR2",8,0,0,6.28661470168243e-05,6.14529536198666e-05,4.29698459489134e-06,6.83513273644935
"TR1",10,0,0,6.66297638487118e-05,6.56192952416141e-05,4.42249181644593e-06,6.6374118126661
"TR2",10,0,0,7.11779144616422e-05,7.21733941247453e-05,4.6056932773301e-06,6.47067747371569
