"Group_Timepoint","n_samples","n_zeros","zero_percent","mean_intensity","median_intensity","sd_intensity","cv_percent"
"Healthy",4,0,0,0.000252869952191896,0.000276738461349402,6.38714008721751e-05,25.2585964914111
"PR1",8,0,0,0.000171459849241548,0.000166133960978261,4.39435001762207e-05,25.6290323189975
"PR2",8,0,0,0.000225348489880442,0.000232082351318679,6.36329507547993e-05,28.2375758491035
"TR1",10,0,0,0.000263014578937509,0.000279739917087641,8.09023580624369e-05,30.7596477690535
"TR2",10,0,0,0.000255645247964612,0.000266820473388562,3.85953992182664e-05,15.0972488342944
