"Group_Timepoint","n_samples","n_zeros","zero_percent","mean_intensity","median_intensity","sd_intensity","cv_percent"
"Healthy",4,0,0,5.77895302642437e-05,3.60037212714571e-05,7.01383864259133e-05,121.368673711664
"PR1",8,0,0,7.21635097872989e-05,6.22294394739887e-05,5.07141478062263e-05,70.276720125872
"PR2",8,0,0,1.69365339224235e-05,5.53944261894048e-06,3.54442788717621e-05,209.27705181067
"TR1",10,0,0,2.25295042933308e-05,9.20659698790394e-06,2.5413404106341e-05,112.800547120177
"TR2",10,0,0,2.5080944409763e-05,1.40976240041098e-05,3.24238469515458e-05,129.276818375804
