"Group_Timepoint","n_samples","n_zeros","zero_percent","mean_intensity","median_intensity","sd_intensity","cv_percent"
"Healthy",4,0,0,0.00147516313156942,0.00138873467855798,0.000183523750633759,12.4409122426012
"PR1",8,0,0,0.00180585458445916,0.00176541779433812,0.000114417380811665,6.33591330090025
"PR2",8,0,0,0.00164521036032125,0.00160472682267574,0.000223664093314096,13.5948629250318
"TR1",10,0,0,0.00168961332702306,0.00175568065107244,0.000225657276673919,13.3555573375777
"TR2",10,0,0,0.00186063167288829,0.00192272336219769,0.000167039085515707,8.97754713894608
