"Group_Timepoint","n_samples","n_zeros","zero_percent","mean_intensity","median_intensity","sd_intensity","cv_percent"
"Healthy",4,0,0,1.71691139191382e-05,1.43682195974845e-05,5.91878304613097e-06,34.4734333641609
"PR1",8,0,0,0.000109745751100777,9.72470328381162e-05,5.47653435036992e-05,49.9020171208356
"PR2",8,0,0,0.000103662137651071,8.18046532067517e-05,7.75631901776665e-05,74.8230664881188
"TR1",10,0,0,7.37785683547206e-05,4.97850678120193e-05,7.39985850312411e-05,100.298212179264
"TR2",10,0,0,8.13253615751389e-05,6.67842408973177e-05,7.64231022618009e-05,93.9720411709345
