"Group_Timepoint","n_samples","n_zeros","zero_percent","mean_intensity","median_intensity","sd_intensity","cv_percent"
"Healthy",4,0,0,0.000312269024489942,0.000317256444854343,2.4057517064054e-05,7.70409972726221
"PR1",8,0,0,0.000472117671046232,0.000469005742226647,4.08112223253086e-05,8.64429035983112
"PR2",8,0,0,0.000399517110844709,0.000451632006894524,0.000144795738301357,36.2426875773133
"TR1",10,0,0,0.000451275747812833,0.00045565633024846,3.51645822307749e-05,7.79226058595098
"TR2",10,0,0,0.000416539108265774,0.000424650873425295,8.1717942460029e-05,19.6183121436676
