"Group_Timepoint","n_samples","n_zeros","zero_percent","mean_intensity","median_intensity","sd_intensity","cv_percent"
"Healthy",4,0,0,0.0010321189840728,0.000986761502141651,0.000166850107501957,16.1657822476588
"PR1",8,0,0,0.000941336660748808,0.000944847236639802,0.00010418530495403,11.0678048883333
"PR2",8,0,0,0.00117528533443054,0.0011801480358821,0.000162948283116525,13.8645721462591
"TR1",10,0,0,0.000833188302692542,0.000894145720619099,0.000256119834609253,30.7397299963974
"TR2",10,0,0,0.00113185336450161,0.0010891578666794,0.000236583350107134,20.9022968457852
