"Group_Timepoint","n_samples","n_zeros","zero_percent","mean_intensity","median_intensity","sd_intensity","cv_percent"
"Healthy",4,0,0,2.56202609431572e-05,2.70210832704968e-05,9.1570745452699e-06,35.7415350514438
"PR1",8,0,0,2.52667040036645e-05,2.84920606232935e-05,8.73372567629013e-06,34.5661455290071
"PR2",8,0,0,3.34382778736732e-05,3.405755052983e-05,8.69985928274793e-06,26.0176654898772
"TR1",10,0,0,2.43869208202523e-05,2.46472344879323e-05,8.10968728496485e-06,33.2542486390086
"TR2",10,0,0,3.23748951735242e-05,3.48084904174828e-05,7.32842747770059e-06,22.6361427223823
