"Group_Timepoint","n_samples","n_zeros","zero_percent","mean_intensity","median_intensity","sd_intensity","cv_percent"
"Healthy",4,0,0,0.000160082967779395,0.000166120323750503,1.54735702325451e-05,9.66596912038055
"PR1",8,0,0,0.000184186320179039,0.000177480934525643,2.14785861824839e-05,11.6613362825239
"PR2",8,0,0,0.000174856920037938,0.000174039454411544,1.1669321258723e-05,6.67363994298378
"TR1",10,0,0,0.000176353077792218,0.000172126101087675,1.74190483914495e-05,9.8773713561001
"TR2",10,0,0,0.000188814064103576,0.000183413373787883,1.75153110723857e-05,9.27648645006519
