"Group_Timepoint","n_samples","n_zeros","zero_percent","mean_intensity","median_intensity","sd_intensity","cv_percent"
"Healthy",4,0,0,0.00402705551139803,0.00400458535320572,0.000129508855207067,3.2159689589704
"PR1",8,0,0,0.0022090969955651,0.00199300345567288,0.000951889246064573,43.0895179331442
"PR2",8,0,0,0.00363171720824117,0.00331968021426031,0.000675283521825693,18.5940557346625
"TR1",10,0,0,0.00233361524469158,0.00223358703251495,0.000320107784097863,13.7172477265064
"TR2",10,0,0,0.00206692643375721,0.00210428285720347,0.000448820874650797,21.7144097303425
