"Group_Timepoint","n_samples","n_zeros","zero_percent","mean_intensity","median_intensity","sd_intensity","cv_percent"
"Healthy",4,0,0,0.000171705923902646,0.000167546141932745,9.38252562412238e-06,5.46429931528868
"PR1",8,0,0,0.000202140112442859,0.000201398542299346,1.728696028369e-05,8.55196926269479
"PR2",8,0,0,0.000207923882624945,0.000201326664011024,2.00944189308845e-05,9.66431497777054
"TR1",10,0,0,0.00020087804059034,0.000194446849543422,2.42595529156478e-05,12.076757043405
"TR2",10,0,0,0.000207734437053427,0.000205334575030287,2.20456603057216e-05,10.6124245062227
