"Group_Timepoint","n_samples","n_zeros","zero_percent","mean_intensity","median_intensity","sd_intensity","cv_percent"
"Healthy",4,0,0,0.000472349615215386,0.000455411032213415,4.58489752477119e-05,9.70657618230626
"PR1",8,0,0,0.000476767777101823,0.000467930322759613,6.01714011842654e-05,12.620693778853
"PR2",8,0,0,0.000549582034577063,0.000538601140947593,4.17612054502217e-05,7.59872099573989
"TR1",10,0,0,0.000495398539515854,0.000487490047265194,7.36239343533746e-05,14.8615566015447
"TR2",10,0,0,0.000533869884816168,0.000531811408751588,4.43631060316801e-05,8.30972251730513
