"Group_Timepoint","n_samples","n_zeros","zero_percent","mean_intensity","median_intensity","sd_intensity","cv_percent"
"Healthy",4,0,0,9.41793710751739e-05,9.57833123324387e-05,6.79131753041345e-06,7.21104574481881
"PR1",8,0,0,9.33165999671001e-05,9.41292586772736e-05,4.63250275596802e-06,4.96428583724789
"PR2",8,0,0,9.87178070907572e-05,9.65621985025245e-05,1.09856153902072e-05,11.1283016853357
"TR1",10,0,0,9.51516371395006e-05,9.54013741280035e-05,4.96296858849155e-06,5.21585202072289
"TR2",10,0,0,0.000104538672102211,0.000107745851648456,5.53768405749334e-06,5.29725884797824
