"Group","Timepoint","n_samples","n_zeros","zero_percent","mean_intensity","median_intensity","sd_intensity","cv_percent"
"PR","1",8,0,0,0.000522537793033767,0.000537701433209816,3.62018457969017e-05,6.92808181140734
"PR","2",8,0,0,0.000521205239244195,0.000554465462932432,0.000135334053275653,25.9655972514593
