"Group","Timepoint","n_samples","n_zeros","zero_percent","mean_intensity","median_intensity","sd_intensity","cv_percent"
"PR","1",8,0,0,0.000275051359136861,0.000271845510198676,2.18964640623821e-05,7.960863793255
"PR","2",8,0,0,0.000300987904479012,0.000292858851079507,2.77177997116979e-05,9.20894138908186
