"Group","Timepoint","n_samples","n_zeros","zero_percent","mean_intensity","median_intensity","sd_intensity","cv_percent"
"PR","1",8,0,0,0.00336895907621058,0.00337651914583796,0.000158873166487445,4.715793896379
"PR","2",8,0,0,0.0032866497549059,0.00330254334783067,0.000198888841703748,6.05141577397689
