"Group","Timepoint","n_samples","n_zeros","zero_percent","mean_intensity","median_intensity","sd_intensity","cv_percent"
"PR","1",8,0,0,0.000216946008561762,0.000216934200563921,2.27269018206339e-05,10.4758331214763
"PR","2",8,0,0,0.000302111068816223,0.000292810272058642,0.00010187688865111,33.7216670181266
