"Group","Timepoint","n_samples","n_zeros","zero_percent","mean_intensity","median_intensity","sd_intensity","cv_percent"
"PR","1",8,0,0,0.000181761195393256,0.000181785677655601,0.000161366257770031,88.7792674453427
"PR","2",8,0,0,0.000303388058350166,0.000242751584142981,0.000240819836343909,79.3768342938399
