"Group","Timepoint","n_samples","n_zeros","zero_percent","mean_intensity","median_intensity","sd_intensity","cv_percent"
"PR","1",8,0,0,0.000201531405852005,0.000195456195813621,3.47617303253127e-05,17.2487906678129
"PR","2",8,0,0,0.000209721298316473,0.000196641401227702,3.45471463824707e-05,16.4728840894063
