"Group","Timepoint","n_samples","n_zeros","zero_percent","mean_intensity","median_intensity","sd_intensity","cv_percent"
"PR","1",8,0,0,0.000158260420216289,0.000148564999190524,7.47112592407739e-05,47.2077978427382
"PR","2",8,0,0,0.000175859618493944,0.000182408400765572,6.19985140654475e-05,35.2545482563882
