"Group","Timepoint","n_samples","n_zeros","zero_percent","mean_intensity","median_intensity","sd_intensity","cv_percent"
"PR","1",8,0,0,0.000122789685443318,0.000123134951570766,1.61587811396482e-05,13.1597219109315
"PR","2",8,0,0,0.000120103446426207,0.000119695996558987,8.08439579041155e-06,6.73119384245038
