"Group","Timepoint","n_samples","n_zeros","zero_percent","mean_intensity","median_intensity","sd_intensity","cv_percent"
"PR","1",8,0,0,0.000274846155296085,0.000277440933073,3.32686249090647e-05,12.1044534435002
"PR","2",8,0,0,0.000281115040857211,0.000283408701645667,1.3358716146882e-05,4.75204603287927
