"Group","Timepoint","n_samples","n_zeros","zero_percent","mean_intensity","median_intensity","sd_intensity","cv_percent"
"PR","1",8,0,0,0.000328122493898219,0.000318431766323065,3.08530927667995e-05,9.40291913554999
"PR","2",8,0,0,0.000370894178881437,0.00036668291301718,7.80931639417489e-05,21.0553760043543
