"Group","Timepoint","n_samples","n_zeros","zero_percent","mean_intensity","median_intensity","sd_intensity","cv_percent"
"PR","1",8,0,0,0.000132264378030933,0.000132055621547317,7.59635182270895e-06,5.74330892096464
"PR","2",8,0,0,0.000120843989015013,0.000118650455219608,2.37383019687966e-05,19.64375900058
