"Group","Timepoint","n_samples","n_zeros","zero_percent","mean_intensity","median_intensity","sd_intensity","cv_percent"
"PR","1",8,0,0,0.000162580273123067,8.91575903666499e-05,0.0001405486862048,86.448794496987
"PR","2",8,0,0,7.63036762054507e-05,8.83156653438363e-05,3.19860993341866e-05,41.9194735101134
