"Group","Timepoint","n_samples","n_zeros","zero_percent","mean_intensity","median_intensity","sd_intensity","cv_percent"
"PR","1",8,0,0,0.000367904312176209,0.000373145281085525,0.000158689234743459,43.1332902310354
"PR","2",8,0,0,0.000295628827429816,0.000291203232862049,8.88631037907849e-05,30.0590116881891
