"Group","Timepoint","n_samples","n_zeros","zero_percent","mean_intensity","median_intensity","sd_intensity","cv_percent"
"PR","1",8,0,0,0.015507757746264,0.0155102236286461,0.00489626042184329,31.5729746489163
"PR","2",8,0,0,0.00414284324119336,0.00428142072012644,0.00235126957822708,56.7549733682367
