"Group","Timepoint","n_samples","n_zeros","zero_percent","mean_intensity","median_intensity","sd_intensity","cv_percent"
"PR","1",8,0,0,0.0164078261879318,0.020825952844335,0.00949070167265489,57.8425293146719
"PR","2",8,0,0,0.0203600805854437,0.0187265803463709,0.00373951280499876,18.3668860705409
