"Group","Timepoint","n_samples","n_zeros","zero_percent","mean_intensity","median_intensity","sd_intensity","cv_percent"
"PR","1",8,0,0,0.000152122878816013,9.66327163939689e-05,9.55419700095793e-05,62.805786186267
"PR","2",8,0,0,0.000115864304421544,0.000121929133965341,2.98493930821619e-05,25.762371967092
