"Group","Timepoint","n_samples","n_zeros","zero_percent","mean_intensity","median_intensity","sd_intensity","cv_percent"
"PR","1",8,0,0,0.0147781154345607,0.0147693010379399,0.0012298595745545,8.32216787045998
"PR","2",8,0,0,0.0162132362168949,0.0163685105621773,0.00119800078768447,7.38902938104428
