"Group","Timepoint","n_samples","n_zeros","zero_percent","mean_intensity","median_intensity","sd_intensity","cv_percent"
"PR","1",8,0,0,0.00034309326846375,0.000336404507261075,2.29424342625578e-05,6.68693803445514
"PR","2",8,0,0,0.00035453493431146,0.000351715600920051,2.52591006052068e-05,7.12457311273495
