"Group","Timepoint","n_samples","n_zeros","zero_percent","mean_intensity","median_intensity","sd_intensity","cv_percent"
"PR","1",8,0,0,0.000316256625660932,0.000325707073673073,2.30992423326875e-05,7.30395522446789
"PR","2",8,0,0,0.000324459300851559,0.000332610919943643,2.69459972293447e-05,8.30489283513331
