"Group","Timepoint","n_samples","n_zeros","zero_percent","mean_intensity","median_intensity","sd_intensity","cv_percent"
"PR","1",8,0,0,0.000296790539524371,0.00029728518651671,1.02226550268979e-05,3.44440056724196
"PR","2",8,0,0,0.000292567503282083,0.000293520111812366,1.38209789860394e-05,4.72403080690534
