"Group","Timepoint","n_samples","n_zeros","zero_percent","mean_intensity","median_intensity","sd_intensity","cv_percent"
"PR","1",8,0,0,0.000837490580798571,0.000797893411673721,0.000157466806675965,18.8022182322117
"PR","2",8,0,0,0.000947782242051623,0.000898160432359914,0.000298217234492658,31.4647417161056
