"Group","Timepoint","n_samples","n_zeros","zero_percent","mean_intensity","median_intensity","sd_intensity","cv_percent"
"PR","1",8,0,0,0.00060554445668891,0.000609783982636169,1.6911930858719e-05,2.79284711005244
"PR","2",8,0,0,0.000635427546118427,0.000619930088445343,3.60713633686463e-05,5.67670753164415
