"Group","Timepoint","n_samples","n_zeros","zero_percent","mean_intensity","median_intensity","sd_intensity","cv_percent"
"PR","1",8,0,0,0.000666312223682619,0.000667510499357952,4.50213670883529e-05,6.75679741240912
"PR","2",8,0,0,0.000707900942701568,0.000719977541187812,7.56794206757229e-05,10.6906794596016
