"Group","Timepoint","n_samples","n_zeros","zero_percent","mean_intensity","median_intensity","sd_intensity","cv_percent"
"PR","1",8,0,0,0.00108565315926909,0.000852172789181327,0.000756348354432037,69.6675865560271
"PR","2",8,0,0,0.000863638552387334,0.000796876985821023,0.000567462472038356,65.7060144512695
