"Group","Timepoint","n_samples","n_zeros","zero_percent","mean_intensity","median_intensity","sd_intensity","cv_percent"
"PR","1",8,0,0,0.000588632270387939,0.000582250304347698,0.000102564580244511,17.4242197385672
"PR","2",8,0,0,0.000447665243753717,0.000458041529323427,0.000200148378584302,44.7093852777218
