"Group","Timepoint","n_samples","n_zeros","zero_percent","mean_intensity","median_intensity","sd_intensity","cv_percent"
"PR","1",8,0,0,0.000208462647820393,0.000208819034704789,2.62963203461723e-05,12.6144038853563
"PR","2",8,0,0,0.000241832059446573,0.000213254968950801,8.68962218453928e-05,35.9324657137075
