"Group","Timepoint","n_samples","n_zeros","zero_percent","mean_intensity","median_intensity","sd_intensity","cv_percent"
"PR","1",8,0,0,2.3459257595702e-05,2.13332381919649e-05,8.57660294174167e-06,36.5595667584681
"PR","2",8,0,0,1.87480972672918e-05,2.1230845885729e-05,6.1958849592524e-06,33.0480734706974
