"Group","Timepoint","n_samples","n_zeros","zero_percent","mean_intensity","median_intensity","sd_intensity","cv_percent"
"PR","1",8,0,0,0.000215452270273368,0.000247765642559887,7.70659608133866e-05,35.769389069609
"PR","2",8,0,0,0.000244845019431342,0.000246338143422797,1.43740889674884e-05,5.87068873235507
