"Group","Timepoint","n_samples","n_zeros","zero_percent","mean_intensity","median_intensity","sd_intensity","cv_percent"
"PR","1",8,0,0,0.000808826253698594,0.000830640203956328,5.24686034611972e-05,6.48700548742937
"PR","2",8,0,0,0.00086852161630366,0.000839869694768559,5.65394049301748e-05,6.50984429965035
