"Group","Timepoint","n_samples","n_zeros","zero_percent","mean_intensity","median_intensity","sd_intensity","cv_percent"
"PR","1",8,0,0,0.000123183716341739,0.000126171216508365,7.9937945966809e-06,6.48932735111216
"PR","2",8,0,0,0.000139638204130457,0.000136810281833237,1.35373805832456e-05,9.69461091793923
