"Group","Timepoint","n_samples","n_zeros","zero_percent","mean_intensity","median_intensity","sd_intensity","cv_percent"
"PR","1",8,0,0,0.000797486501547679,0.000775580014069172,0.00014081553548046,17.6574193051769
"PR","2",8,0,0,0.0011122617639887,0.00116255889869768,0.000232670019180161,20.918638643639
