"Group","Timepoint","n_samples","n_zeros","zero_percent","mean_intensity","median_intensity","sd_intensity","cv_percent"
"PR","1",8,0,0,0.000294322719624575,0.000297183631948283,2.06169942532556e-05,7.00489390678156
"PR","2",8,0,0,0.000294823116147259,0.000293736851031317,1.3761400668571e-05,4.66768035302137
