"Group","Timepoint","n_samples","n_zeros","zero_percent","mean_intensity","median_intensity","sd_intensity","cv_percent"
"PR","1",8,0,0,0.000185400780618795,0.000218486420546109,9.69656644219992e-05,52.3005696623098
"PR","2",8,0,0,0.000237280700207998,0.000250285976898613,6.00234948365142e-05,25.2964083399527
