"Group","Timepoint","n_samples","n_zeros","zero_percent","mean_intensity","median_intensity","sd_intensity","cv_percent"
"PR","1",8,0,0,0.000176645383307728,0.000178457243003874,0.000105815746965964,59.9029224452619
"PR","2",8,0,0,0.000191372657690101,0.000175216469301183,9.88750352179792e-05,51.6662288183781
