"Group","Timepoint","n_samples","n_zeros","zero_percent","mean_intensity","median_intensity","sd_intensity","cv_percent"
"PR","1",8,0,0,0.00033413624053392,0.000362164499880944,0.000123314747829026,36.9055292032913
"PR","2",8,0,0,0.000389220167288498,0.000381052152741262,7.87562826523696e-05,20.2343787067935
