"Group","Timepoint","n_samples","n_zeros","zero_percent","mean_intensity","median_intensity","sd_intensity","cv_percent"
"PR","1",8,0,0,0.000254415310565602,0.000212405871261881,0.000239733400692972,94.2291563192522
"PR","2",8,0,0,4.87126002699845e-05,2.87920072104819e-05,4.20482475725087e-05,86.3190372500352
