"Group","Timepoint","n_samples","n_zeros","zero_percent","mean_intensity","median_intensity","sd_intensity","cv_percent"
"PR","1",8,0,0,3.65538743566999e-05,2.43937053552695e-05,3.90603206513441e-05,106.856855364183
"PR","2",8,0,0,0.000186094879443126,0.000104533113665022,0.000196905191421263,105.809032473374
