"Group","Timepoint","n_samples","n_zeros","zero_percent","mean_intensity","median_intensity","sd_intensity","cv_percent"
"PR","1",8,0,0,0.000212617784091581,0.00021630569820764,1.82071948404114e-05,8.56334521507808
"PR","2",8,0,0,0.00024965091494178,0.000246376363404376,5.69380469710447e-05,22.8070652111661
