"Group","Timepoint","n_samples","n_zeros","zero_percent","mean_intensity","median_intensity","sd_intensity","cv_percent"
"PR","1",8,0,0,0.000139100142292023,0.000139241654656688,2.96496290382457e-05,21.3153117960153
"PR","2",8,0,0,0.000118276939369662,0.000120215737008684,4.31327413258589e-05,36.4675832463436
