"Group","Timepoint","n_samples","n_zeros","zero_percent","mean_intensity","median_intensity","sd_intensity","cv_percent"
"PR","1",8,0,0,3.80497287758715e-05,3.6936573768208e-05,7.72287146080578e-06,20.2967845218994
"PR","2",8,0,0,4.0038674495973e-05,3.95815787888361e-05,2.59570168987556e-06,6.48298606922323
