"Group","Timepoint","n_samples","n_zeros","zero_percent","mean_intensity","median_intensity","sd_intensity","cv_percent"
"PR","1",8,0,0,0.000180756036537369,0.000178794099691212,8.97356124259561e-06,4.96446006147099
"PR","2",8,0,0,0.000171199052768132,0.000171486661706558,7.66729894478569e-06,4.47858724730803
