"Group","Timepoint","n_samples","n_zeros","zero_percent","mean_intensity","median_intensity","sd_intensity","cv_percent"
"PR","1",8,0,0,0.000131712128987271,0.000131582357050804,1.34297471837597e-05,10.1962873784066
"PR","2",8,0,0,0.000146038139487523,0.000144394021114084,1.04628836603234e-05,7.16448709702801
