"Group","Timepoint","n_samples","n_zeros","zero_percent","mean_intensity","median_intensity","sd_intensity","cv_percent"
"PR","1",8,0,0,0.000859518617509669,0.000812621080948994,9.59116366210734e-05,11.1587619706207
"PR","2",8,0,0,0.000890418556156418,0.000894078629815159,6.85676549163831e-05,7.70060938670936
