"Group","Timepoint","n_samples","n_zeros","zero_percent","mean_intensity","median_intensity","sd_intensity","cv_percent"
"PR","1",8,0,0,0.000139872920454036,0.0001368256151178,1.18783758510008e-05,8.49226269991568
"PR","2",8,0,0,0.000158327295231498,0.000158043638245204,2.17206320233298e-05,13.7188170817742
