"Group","Timepoint","n_samples","n_zeros","zero_percent","mean_intensity","median_intensity","sd_intensity","cv_percent"
"PR","1",8,0,0,0.000419983245969938,0.000400271550423872,3.42627196291485e-05,8.1581158196013
"PR","2",8,0,0,0.000461168711490691,0.000443113953156121,4.48305357142693e-05,9.72107053172759
