"Group","Timepoint","n_samples","n_zeros","zero_percent","mean_intensity","median_intensity","sd_intensity","cv_percent"
"PR","1",8,0,0,0.000150560582923281,0.000175204193078122,5.16531720982486e-05,34.3072344004996
"PR","2",8,0,0,0.000192457745919261,0.000196482505482529,1.66263196105277e-05,8.63894541168673
