"Group","Timepoint","n_samples","n_zeros","zero_percent","mean_intensity","median_intensity","sd_intensity","cv_percent"
"PR","1",8,0,0,0.000119028341428464,9.17266635510652e-05,0.000101854865815627,85.5719441212596
"PR","2",8,0,0,0.000266338135760894,0.000211494294198575,0.000214458224783847,80.5210354766385
