"Group","Timepoint","n_samples","n_zeros","zero_percent","mean_intensity","median_intensity","sd_intensity","cv_percent"
"PR","1",8,0,0,0.000328440688918526,0.000320217314675753,2.91768149895552e-05,8.88343496222326
"PR","2",8,0,0,0.0003040017968849,0.000303490956921012,1.20440114883837e-05,3.96182246677435
