"Group","Timepoint","n_samples","n_zeros","zero_percent","mean_intensity","median_intensity","sd_intensity","cv_percent"
"PR","1",8,0,0,0.000227882956403548,0.000209616877490583,4.31295187557082e-05,18.9261713277636
"PR","2",8,0,0,0.000198292939220742,0.000194331729494828,6.88032093831615e-05,34.6977606230189
