"Group","Timepoint","n_samples","n_zeros","zero_percent","mean_intensity","median_intensity","sd_intensity","cv_percent"
"PR","1",8,0,0,0.000219792568327671,0.000218270155498695,1.47737214041167e-05,6.72166557610436
"PR","2",8,0,0,0.000212438542675702,0.000215111563913343,1.80771009476409e-05,8.5093320260799
