"Group","Timepoint","n_samples","n_zeros","zero_percent","mean_intensity","median_intensity","sd_intensity","cv_percent"
"PR","1",8,0,0,0.000791083684626074,0.000791433299362375,4.59919464864732e-05,5.81379029555039
"PR","2",8,0,0,0.000796601610950918,0.000807063920401033,3.64096275537298e-05,4.57061937274605
