"Group","Timepoint","n_samples","n_zeros","zero_percent","mean_intensity","median_intensity","sd_intensity","cv_percent"
"PR","1",8,0,0,0.000184131734702684,0.000187785027404571,5.43410681655647e-05,29.5120600766124
"PR","2",8,0,0,0.000109640828503408,0.000104034271803913,7.610801986126e-05,69.4157650029929
