"Group","Timepoint","n_samples","n_zeros","zero_percent","mean_intensity","median_intensity","sd_intensity","cv_percent"
"PR","1",8,0,0,0.000154967965440765,0.000149857885339579,3.67605235784877e-05,23.7213694287928
"PR","2",8,0,0,0.000201089757108576,0.000201988597848253,5.99174364711078e-05,29.7963642368697
