"Group","Timepoint","n_samples","n_zeros","zero_percent","mean_intensity","median_intensity","sd_intensity","cv_percent"
"PR","1",8,0,0,0.000554030330938328,0.000486167078321075,0.000323174525097659,58.3315582290085
"PR","2",8,0,0,0.000583729266162902,0.000436861979627615,0.00038222469858669,65.4797901601223
