"Group","Timepoint","n_samples","n_zeros","zero_percent","mean_intensity","median_intensity","sd_intensity","cv_percent"
"PR","1",8,0,0,0.000156247382160989,0.000157109079686985,8.72589676917284e-06,5.58466749873744
"PR","2",8,0,0,0.00015299470853026,0.000151893627843337,2.2179477031835e-05,14.4968915885403
