"Group","Timepoint","n_samples","n_zeros","zero_percent","mean_intensity","median_intensity","sd_intensity","cv_percent"
"PR","1",8,0,0,0.00477391174185097,0.00515016454592239,0.00225763912990344,47.2911786389267
"PR","2",8,0,0,0.00475361630746892,0.00562545884014687,0.00306301417183457,64.4354523738473
