"Group","Timepoint","n_samples","n_zeros","zero_percent","mean_intensity","median_intensity","sd_intensity","cv_percent"
"PR","1",8,0,0,0.000203271981550499,0.000199967957296236,4.37134655020031e-05,21.5049143362355
"PR","2",8,0,0,0.000225675086094,0.000230070841649191,4.37226002407323e-05,19.3741369494906
