"Group","Timepoint","n_samples","n_zeros","zero_percent","mean_intensity","median_intensity","sd_intensity","cv_percent"
"PR","1",8,0,0,0.000131702888093748,0.000144671097710296,3.43828084800953e-05,26.1063435872577
"PR","2",8,0,0,0.000143357595275498,0.000135319203315434,2.08064925305056e-05,14.5137008545105
