"Group","Timepoint","n_samples","n_zeros","zero_percent","mean_intensity","median_intensity","sd_intensity","cv_percent"
"PR","1",8,0,0,1.21405850868506e-05,1.20167348702935e-05,5.46163931255764e-06,44.9866235728053
"PR","2",8,0,0,1.40731128178078e-05,1.50706571614756e-05,8.04626952133472e-06,57.1747674128865
