"Group","Timepoint","n_samples","n_zeros","zero_percent","mean_intensity","median_intensity","sd_intensity","cv_percent"
"PR","1",8,0,0,0.0042169476950916,0.00411074535673591,0.000356990646651254,8.46561713503776
"PR","2",8,0,0,0.00398857592713321,0.00401027824342269,0.000757222323611337,18.984778964847
