"Group","Timepoint","n_samples","n_zeros","zero_percent","mean_intensity","median_intensity","sd_intensity","cv_percent"
"PR","1",8,0,0,0.000709436270230112,0.000745695592889179,0.000291810324851575,41.1327045284735
"PR","2",8,0,0,0.000750763099835624,0.000726638749486356,0.000178947613305449,23.835430023749
