"Group","Timepoint","n_samples","n_zeros","zero_percent","mean_intensity","median_intensity","sd_intensity","cv_percent"
"PR","1",8,0,0,0.00408176149787921,0.00414734384551806,0.000314528447942806,7.70570372880013
"PR","2",8,0,0,0.00430361606144982,0.00425292984581395,0.000385636932399843,8.96076524702642
