"Group","Timepoint","n_samples","n_zeros","zero_percent","mean_intensity","median_intensity","sd_intensity","cv_percent"
"PR","1",8,0,0,0.000152668044870546,0.000158007141523198,1.94221995489822e-05,12.7218499231133
"PR","2",8,0,0,0.000155092262936273,0.000158619636004941,1.18193927429758e-05,7.62087838503745
