"Group","Timepoint","n_samples","n_zeros","zero_percent","mean_intensity","median_intensity","sd_intensity","cv_percent"
"PR","1",8,0,0,0.00129761601898338,0.00129035647908621,0.000169669725623526,13.0754956120574
"PR","2",8,0,0,0.00133381013385768,0.00136350937576971,0.000151818453098416,11.3823136625393
