"Group","Timepoint","n_samples","n_zeros","zero_percent","mean_intensity","median_intensity","sd_intensity","cv_percent"
"PR","1",8,0,0,0.000635309740513305,0.000643827051513676,2.03701194374632e-05,3.20632884063842
"PR","2",8,0,0,0.000664664785648524,0.000648857813187834,5.65318529403527e-05,8.50531789271696
