"Group","Timepoint","n_samples","n_zeros","zero_percent","mean_intensity","median_intensity","sd_intensity","cv_percent"
"PR","1",8,0,0,0.00010410027120161,0.00010422713254723,6.90672327682325e-06,6.63468326940963
"PR","2",8,0,0,0.000102563627476007,0.000101344654402028,9.04814102928186e-06,8.82197836791461
