"Group","Timepoint","n_samples","n_zeros","zero_percent","mean_intensity","median_intensity","sd_intensity","cv_percent"
"PR","1",8,0,0,0.00114644542537575,0.00112118545539797,0.000106793698552553,9.31520124628275
"PR","2",8,0,0,0.00113840936730413,0.00113709227851936,0.000107694113549093,9.46005159849686
