"Group","Timepoint","n_samples","n_zeros","zero_percent","mean_intensity","median_intensity","sd_intensity","cv_percent"
"PR","1",8,0,0,7.13702128425856e-05,7.04175007452508e-05,8.87260361157612e-06,12.4318020896835
"PR","2",8,0,0,6.49267487447506e-05,6.24637171637001e-05,9.76412976999847e-06,15.0386858402299
