"Group","Timepoint","n_samples","n_zeros","zero_percent","mean_intensity","median_intensity","sd_intensity","cv_percent"
"PR","1",8,0,0,0.000208238092649861,0.000205365144410238,2.84722005389255e-05,13.6729069002758
"PR","2",8,0,0,0.000200507532993439,0.000198142978586629,2.61125157764529e-05,13.0232093461083
