"Group","Timepoint","n_samples","n_zeros","zero_percent","mean_intensity","median_intensity","sd_intensity","cv_percent"
"PR","1",8,0,0,0.00409616790276751,0.00427349322264789,0.000407628833421066,9.95146788650089
"PR","2",8,0,0,0.00383556791985826,0.00387962521909481,0.000411502035090169,10.7285816256742
