"Group","Timepoint","n_samples","n_zeros","zero_percent","mean_intensity","median_intensity","sd_intensity","cv_percent"
"PR","1",8,0,0,0.000348890443909725,0.000346105362105055,2.52099857397635e-05,7.22575988532564
"PR","2",8,0,0,0.000369412934878154,0.0003684834388639,3.34858721958719e-05,9.06461821834062
