"Group","Timepoint","n_samples","n_zeros","zero_percent","mean_intensity","median_intensity","sd_intensity","cv_percent"
"PR","1",8,0,0,0.0001898667079399,0.00017048684192278,9.37149052753434e-05,49.3582610096171
"PR","2",8,0,0,0.000219136898049891,0.000211646362309218,7.40424974292799e-05,33.7882383515453
