"Group","Timepoint","n_samples","n_zeros","zero_percent","mean_intensity","median_intensity","sd_intensity","cv_percent"
"PR","1",8,0,0,0.000128795190558643,0.000114921178102769,5.46596645500587e-05,42.4392124527126
"PR","2",8,0,0,7.09903230428469e-05,6.30717164398068e-05,6.13130473788368e-05,86.3681763243009
