"Group","Timepoint","n_samples","n_zeros","zero_percent","mean_intensity","median_intensity","sd_intensity","cv_percent"
"PR","1",8,0,0,0.00115289238669914,0.00117155589195476,0.000139848513563353,12.13023133614
"PR","2",8,0,0,0.00109584303912362,0.00110807281895732,0.000212090347193434,19.3540807963747
