"Group","Timepoint","n_samples","n_zeros","zero_percent","mean_intensity","median_intensity","sd_intensity","cv_percent"
"PR","1",8,0,0,0.000313236645679231,0.000239554987694485,0.000230796040367919,73.6810470778266
"PR","2",8,0,0,0.00020348773779399,0.000197934709925407,7.74740386631131e-05,38.0730748216128
