"Group","Timepoint","n_samples","n_zeros","zero_percent","mean_intensity","median_intensity","sd_intensity","cv_percent"
"PR","1",8,0,0,0.000177574291990095,0.000176880425269188,9.11942639675211e-06,5.13555554385136
"PR","2",8,0,0,0.000170250317646544,0.000167036922976916,9.16013356701409e-06,5.38039146924319
