"Group","Timepoint","n_samples","n_zeros","zero_percent","mean_intensity","median_intensity","sd_intensity","cv_percent"
"PR","1",8,0,0,0.000456475188656455,0.000465606402912188,4.0620253065357e-05,8.89867709675848
"PR","2",8,0,0,0.000444829949884227,0.000440458244141113,3.63024772991945e-05,8.16097866356406
