"Group","Timepoint","n_samples","n_zeros","zero_percent","mean_intensity","median_intensity","sd_intensity","cv_percent"
"PR","1",8,0,0,0.00013352199385733,0.000131745502377852,2.5854466570083e-05,19.3634515357138
"PR","2",8,0,0,0.000154641685811017,0.000150659173212757,2.78332372767857e-05,17.9985345677102
