"Group","Timepoint","n_samples","n_zeros","zero_percent","mean_intensity","median_intensity","sd_intensity","cv_percent"
"PR","1",8,0,0,0.00144439505035677,0.00140579282496332,0.000155671877587178,10.7776523845555
"PR","2",8,0,0,0.00136553095964578,0.00135322352178421,0.000134653788779974,9.86091071965905
