"Group","Timepoint","n_samples","n_zeros","zero_percent","mean_intensity","median_intensity","sd_intensity","cv_percent"
"PR","1",8,0,0,0.000105430657529281,0.000108166625925783,1.88271783317092e-05,17.8574038831925
"PR","2",8,0,0,0.000121440398595552,0.000116486889063209,1.87686420434094e-05,15.4550234192799
