"Group","Timepoint","n_samples","n_zeros","zero_percent","mean_intensity","median_intensity","sd_intensity","cv_percent"
"PR","1",8,0,0,0.0165446376029954,0.0165371585852159,0.00154526552116299,9.33997805357319
"PR","2",8,0,0,0.0151602870704556,0.0142659935406531,0.00244357023740676,16.1182319704803
