"Group","Timepoint","n_samples","n_zeros","zero_percent","mean_intensity","median_intensity","sd_intensity","cv_percent"
"PR","1",8,0,0,0.000175185120700554,0.000171483749777328,2.87667974220404e-05,16.4207994988409
"PR","2",8,0,0,0.000181085172296078,0.000177455729605088,3.76773547460353e-05,20.8064273116918
