"Group","Timepoint","n_samples","n_zeros","zero_percent","mean_intensity","median_intensity","sd_intensity","cv_percent"
"PR","1",8,0,0,0.000502548217743336,0.000491738441103403,4.62567848226151e-05,9.20444709371939
"PR","2",8,0,0,0.000488597981499118,0.000479522697987365,6.68458187334054e-05,13.6811491787806
