"Group","Timepoint","n_samples","n_zeros","zero_percent","mean_intensity","median_intensity","sd_intensity","cv_percent"
"PR","1",8,0,0,0.000267323305949141,0.000266542696756915,1.81274928860867e-05,6.7811120402407
"PR","2",8,0,0,0.000273199634614284,0.000274054450076291,3.32467291249923e-05,12.1693900403387
