"Group","Timepoint","n_samples","n_zeros","zero_percent","mean_intensity","median_intensity","sd_intensity","cv_percent"
"PR","1",8,0,0,0.00124928571210543,0.00111159525281099,0.000566370318274168,45.3355315590426
"PR","2",8,0,0,0.00209228020578322,0.00192247702200729,0.000417314754955904,19.9454525164658
