"Group","Timepoint","n_samples","n_zeros","zero_percent","mean_intensity","median_intensity","sd_intensity","cv_percent"
"PR","1",8,0,0,0.00019146026471003,0.000133820788533487,0.000125399952273524,65.4965940130942
"PR","2",8,0,0,0.000127152779618671,0.000124713557397655,4.40518925677926e-05,34.6448522005603
