"Group","Timepoint","n_samples","n_zeros","zero_percent","mean_intensity","median_intensity","sd_intensity","cv_percent"
"PR","1",8,0,0,0.00648297990387671,0.00657895845407155,0.000441933289214042,6.81682337083559
"PR","2",8,0,0,0.00667760572596849,0.00681355374003596,0.000493126450833593,7.38477938156602
