"Group","Timepoint","n_samples","n_zeros","zero_percent","mean_intensity","median_intensity","sd_intensity","cv_percent"
"PR","1",8,0,0,0.00245311318957619,0.00244968917887128,0.000199967032192194,8.15156157660791
"PR","2",8,0,0,0.00251055438882605,0.00249011412011273,0.000309658254184165,12.3342579456708
