"Group","Timepoint","n_samples","n_zeros","zero_percent","mean_intensity","median_intensity","sd_intensity","cv_percent"
"PR","1",8,0,0,0.000103429305757453,0.000102283717377941,6.42598105410664e-06,6.21292099666208
"PR","2",8,0,0,0.000104514312967406,0.000103870670442782,3.77496204377229e-06,3.61190916018322
