"Group","Timepoint","n_samples","n_zeros","zero_percent","mean_intensity","median_intensity","sd_intensity","cv_percent"
"PR","1",8,0,0,0.000160227747292225,0.000161056853285796,1.11763885511671e-05,6.97531403894947
"PR","2",8,0,0,0.000155228450391497,0.000157164682296949,1.22128943635966e-05,7.86769070540538
