"Group","Timepoint","n_samples","n_zeros","zero_percent","mean_intensity","median_intensity","sd_intensity","cv_percent"
"PR","1",8,0,0,0.0025045126176566,0.00214950432169933,0.00152094728596483,60.7282740459077
"PR","2",8,0,0,0.00190775514037961,0.00137663932602149,0.00193448635198194,101.40118671608
