"Group","Timepoint","n_samples","n_zeros","zero_percent","mean_intensity","median_intensity","sd_intensity","cv_percent"
"PR","1",8,0,0,8.70504549474972e-05,8.13871947471779e-05,1.44664088631267e-05,16.6184184469247
"PR","2",8,0,0,0.000100656884490234,0.000100745970435329,1.52979052598536e-05,15.198071485451
