"Group","Timepoint","n_samples","n_zeros","zero_percent","mean_intensity","median_intensity","sd_intensity","cv_percent"
"PR","1",8,0,0,0.000338692277916674,0.00034300603228963,4.95206191416744e-05,14.6211243569768
"PR","2",8,0,0,0.000365564891752316,0.000375198998680423,5.62370338831632e-05,15.3835981386489
