"Group","Timepoint","n_samples","n_zeros","zero_percent","mean_intensity","median_intensity","sd_intensity","cv_percent"
"PR","1",8,0,0,0.0269134087715219,0.0265258808380964,0.00452060502597191,16.7968504634587
"PR","2",8,0,0,0.0269715676655537,0.0276073644360409,0.00420331635069921,15.5842493206926
