"Group","Timepoint","n_samples","n_zeros","zero_percent","mean_intensity","median_intensity","sd_intensity","cv_percent"
"PR","1",8,0,0,0.000181272045876575,0.000179042348858012,1.58159195158261e-05,8.72496332203086
"PR","2",8,0,0,0.000186586210279711,0.000185432397999772,1.05900445500226e-05,5.67568446464882
