"Group","Timepoint","n_samples","n_zeros","zero_percent","mean_intensity","median_intensity","sd_intensity","cv_percent"
"PR","1",8,0,0,0.000907700735420664,0.000939638552901701,6.71949331974359e-05,7.40276289038096
"PR","2",8,0,0,0.000905219079129042,0.000888520317899398,0.00010002322865759,11.0496156083925
