"Group","Timepoint","n_samples","n_zeros","zero_percent","mean_intensity","median_intensity","sd_intensity","cv_percent"
"PR","1",8,0,0,8.78334322810287e-05,9.06286960252194e-05,1.66290229172995e-05,18.9324525814884
"PR","2",8,0,0,9.45043800725678e-05,0.000100225523332445,1.73816025422326e-05,18.392377717187
