"Group","Timepoint","n_samples","n_zeros","zero_percent","mean_intensity","median_intensity","sd_intensity","cv_percent"
"PR","1",8,0,0,0.000513409687251909,0.000503963734182368,6.44798338457349e-05,12.5591385294795
"PR","2",8,0,0,0.000502447272991117,0.000574808913608847,0.000206380469661313,41.0750502102858
