"Group","Timepoint","n_samples","n_zeros","zero_percent","mean_intensity","median_intensity","sd_intensity","cv_percent"
"PR","1",8,0,0,0.000711407455405086,0.000628248573858427,0.000444736639804201,62.5150378204795
"PR","2",8,0,0,0.000582630788653592,0.000482634909249281,0.000348751740639953,59.8581035248563
