"Group","Timepoint","n_samples","n_zeros","zero_percent","mean_intensity","median_intensity","sd_intensity","cv_percent"
"PR","1",8,0,0,0.00192087971775645,0.00166345332960961,0.00108978223225102,56.7334967503254
"PR","2",8,0,0,0.00158154321640848,0.00130620416561906,0.00114175807679788,72.1926574596356
