"Group","Timepoint","n_samples","n_zeros","zero_percent","mean_intensity","median_intensity","sd_intensity","cv_percent"
"PR","1",8,0,0,0.000716655727856146,0.000699811891032735,8.98355129651077e-05,12.5353791888119
"PR","2",8,0,0,0.000639380145931138,0.000625893144619441,0.000107189904306094,16.7646594890731
