"Group","Timepoint","n_samples","n_zeros","zero_percent","mean_intensity","median_intensity","sd_intensity","cv_percent"
"PR","1",8,0,0,0.000342324904383054,0.000350292986011943,3.83991181560054e-05,11.2171558844686
"PR","2",8,0,0,0.000365202979058682,0.000358945769759195,6.64651234397147e-05,18.1995019895593
