"Group","Timepoint","n_samples","n_zeros","zero_percent","mean_intensity","median_intensity","sd_intensity","cv_percent"
"PR","1",8,0,0,0.00020155459263233,0.00020640418485097,8.07933094395257e-05,40.085074909162
"PR","2",8,0,0,0.000116817832826547,0.000108327959024391,5.08232905688442e-05,43.5064487494023
