"Group","Timepoint","n_samples","n_zeros","zero_percent","mean_intensity","median_intensity","sd_intensity","cv_percent"
"PR","1",8,0,0,0.0022090969955651,0.00199300345567288,0.000951889246064573,43.0895179331442
"PR","2",8,0,0,0.00363171720824117,0.00331968021426031,0.000675283521825693,18.5940557346625
