"Group","Timepoint","n_samples","n_zeros","zero_percent","mean_intensity","median_intensity","sd_intensity","cv_percent"
"PR","1",8,0,0,0.00010606812054963,0.000105309560184465,6.8897690521052e-06,6.49560774378142
"PR","2",8,0,0,0.000100508172965238,0.000104832869262834,1.70240745251841e-05,16.9380001873798
