"Group","Timepoint","n_samples","n_zeros","zero_percent","mean_intensity","median_intensity","sd_intensity","cv_percent"
"PR","1",8,0,0,4.80256194318879e-05,4.86635189617384e-05,4.19695966147344e-06,8.73900162271881
"PR","2",8,0,0,4.74382582209483e-05,5.23581991062008e-05,1.53023702082541e-05,32.2574453239448
