"Group","Timepoint","n_samples","n_zeros","zero_percent","mean_intensity","median_intensity","sd_intensity","cv_percent"
"PR","1",8,0,0,0.000460982197986554,0.000456111758573354,2.91701239702057e-05,6.3278200541394
"PR","2",8,0,0,0.000474803182586645,0.000451215570263566,6.28597933036286e-05,13.2391263599328
