"Group","Timepoint","n_samples","n_zeros","zero_percent","mean_intensity","median_intensity","sd_intensity","cv_percent"
"PR","1",8,0,0,0.000507179118987341,0.000531173731712756,0.000125606241576296,24.765657116777
"PR","2",8,0,0,0.000426354108042518,0.000426025022843075,0.000113822032435205,26.6965956907948
