"Group","Timepoint","n_samples","n_zeros","zero_percent","mean_intensity","median_intensity","sd_intensity","cv_percent"
"PR","1",8,0,0,0.000104967842719,0.000118190935563918,4.33613283727702e-05,41.3091545463585
"PR","2",8,0,0,0.000148181014523617,0.000136116019980491,4.38155194178619e-05,29.5689158012065
