"Group","Timepoint","n_samples","n_zeros","zero_percent","mean_intensity","median_intensity","sd_intensity","cv_percent"
"PR","1",8,0,0,0.000260733099966794,0.000185916476560204,0.000222361410402252,85.2831537041407
"PR","2",8,0,0,0.000310517585922175,0.000291955391543967,0.000188343895960561,60.6548242352256
