"Group","Timepoint","n_samples","n_zeros","zero_percent","mean_intensity","median_intensity","sd_intensity","cv_percent"
"PR","1",8,0,0,0.000272619792357174,0.000273588630541365,1.78423293950035e-05,6.54476670264179
"PR","2",8,0,0,0.000293832723861516,0.000290920321513251,2.38802073812088e-05,8.12714358951508
