"Group","Timepoint","n_samples","n_zeros","zero_percent","mean_intensity","median_intensity","sd_intensity","cv_percent"
"PR","1",8,0,0,0.00376249704079969,0.00383208730309521,0.000480905706117913,12.7815570591306
"PR","2",8,0,0,0.00414997626445265,0.00409557775324178,0.000194619816602062,4.68966095707852
