"Group","Timepoint","n_samples","n_zeros","zero_percent","mean_intensity","median_intensity","sd_intensity","cv_percent"
"PR","1",8,0,0,0.000245356557093409,0.000238463392629697,0.00013798961734261,56.2404441019591
"PR","2",8,0,0,0.000169291957219679,0.000144037922221001,0.00011214104352539,66.2412115537608
