"Group","Timepoint","n_samples","n_zeros","zero_percent","mean_intensity","median_intensity","sd_intensity","cv_percent"
"PR","1",8,0,0,0.00035763331778319,0.000350628410530438,1.75418912328435e-05,4.90499356759542
"PR","2",8,0,0,0.000356060480128726,0.000351347750348103,1.71566895399036e-05,4.81847621328291
