"Group","Timepoint","n_samples","n_zeros","zero_percent","mean_intensity","median_intensity","sd_intensity","cv_percent"
"PR","1",8,0,0,0.000422642471049937,0.00033365955451384,0.000254357119386432,60.1825743528693
"PR","2",8,0,0,0.000359263798091165,0.000306162328712757,0.000167791300360412,46.7042048912021
