"Group","Timepoint","n_samples","n_zeros","zero_percent","mean_intensity","median_intensity","sd_intensity","cv_percent"
"PR","1",8,0,0,0.00196376979061629,0.00222037309704968,0.00109919257847506,55.9735964840409
"PR","2",8,0,0,0.00166309815931482,0.0018637259992437,0.000966599205467482,58.1203941603609
