"Group","Timepoint","n_samples","n_zeros","zero_percent","mean_intensity","median_intensity","sd_intensity","cv_percent"
"PR","1",8,0,0,0.000188326534064767,0.000189317326883221,6.2684993983076e-05,33.2852692767755
"PR","2",8,0,0,0.000167485314098202,0.000169707617593595,8.51151388458978e-05,50.8194639656536
