"Group","Timepoint","n_samples","n_zeros","zero_percent","mean_intensity","median_intensity","sd_intensity","cv_percent"
"PR","1",8,0,0,0.00114459404896195,0.00114288776001555,4.13804549265294e-05,3.6152953061444
"PR","2",8,0,0,0.00121645769570118,0.00123466984196691,8.04414319094551e-05,6.61276032810064
