"Group","Timepoint","n_samples","n_zeros","zero_percent","mean_intensity","median_intensity","sd_intensity","cv_percent"
"PR","1",8,0,0,0.000165054148378107,0.000148218791985908,7.08853596359164e-05,42.9467301079472
"PR","2",8,0,0,0.000161513352355282,0.000136248309944275,0.000136498365013776,84.5121242443909
