"Group","Timepoint","n_samples","n_zeros","zero_percent","mean_intensity","median_intensity","sd_intensity","cv_percent"
"PR","1",8,0,0,0.000286098291613777,0.000286001120853574,9.66076223367171e-06,3.37672838910671
"PR","2",8,0,0,0.000294082369245054,0.000293586165715414,1.97292858996648e-05,6.70876188542427
