"Group","Timepoint","n_samples","n_zeros","zero_percent","mean_intensity","median_intensity","sd_intensity","cv_percent"
"PR","1",8,0,0,0.000144343620116478,0.000139086971022093,1.96452143996965e-05,13.610033047421
"PR","2",8,0,0,0.000149745261605033,0.000150098029829664,1.77000088445221e-05,11.8200794167414
