"Group","Timepoint","n_samples","n_zeros","zero_percent","mean_intensity","median_intensity","sd_intensity","cv_percent"
"PR","1",8,0,0,3.22057904847854e-05,3.2701953395581e-05,2.40824078174613e-06,7.47766394022787
"PR","2",8,0,0,3.57735895758441e-05,3.64372503245228e-05,4.42342193671404e-06,12.365049158223
