"Group","Timepoint","n_samples","n_zeros","zero_percent","mean_intensity","median_intensity","sd_intensity","cv_percent"
"PR","1",8,0,0,2.75197527132137e-05,1.42684779671469e-05,2.87558761792975e-05,104.491768072793
"PR","2",8,0,0,8.25463137495335e-05,3.37107414161408e-05,0.000142683692410906,172.852894247761
