"Group","Timepoint","n_samples","n_zeros","zero_percent","mean_intensity","median_intensity","sd_intensity","cv_percent"
"PR","1",8,0,0,0.000448386316838317,0.000425160476833285,0.000109428614097631,24.4049851630708
"PR","2",8,0,0,0.000503148850815836,0.000404989366955576,0.000192434911326772,38.2461196154471
