"Group","Timepoint","n_samples","n_zeros","zero_percent","mean_intensity","median_intensity","sd_intensity","cv_percent"
"PR","1",8,0,0,0.000324047552245052,0.000318324954378589,3.4932278996915e-05,10.779985454264
"PR","2",8,0,0,0.000349989013412248,0.000354917701033821,2.84890165189675e-05,8.13997452126034
