"Group","Timepoint","n_samples","n_zeros","zero_percent","mean_intensity","median_intensity","sd_intensity","cv_percent"
"PR","1",8,0,0,0.000194148006362308,0.000183824554929598,0.000110496611476064,56.9135957388415
"PR","2",8,0,0,0.000178713407865466,0.000129070917610623,0.000128549270851265,71.9304009624369
