"Group","Timepoint","n_samples","n_zeros","zero_percent","mean_intensity","median_intensity","sd_intensity","cv_percent"
"PR","1",8,0,0,0.00111509079853362,0.00168633417430506,0.000840437056626161,75.3693831687398
"PR","2",8,0,0,0.00209696722343465,0.00200030701806495,0.000561314750009482,26.7679315030064
