"Group","Timepoint","n_samples","n_zeros","zero_percent","mean_intensity","median_intensity","sd_intensity","cv_percent"
"PR","1",8,0,0,0.00054357853840758,0.000564345002786405,8.7184419600327e-05,16.0389738446508
"PR","2",8,0,0,0.000551184079470962,0.000542694213483928,9.93995520222937e-05,18.0338213174988
