"Group","Timepoint","n_samples","n_zeros","zero_percent","mean_intensity","median_intensity","sd_intensity","cv_percent"
"PR","1",8,0,0,0.00017332228733787,0.000166940708982716,7.86443699813659e-05,45.3746434975548
"PR","2",8,0,0,0.000158856790557054,0.000145534342503232,6.62841359814006e-05,41.7257177039557
