"Group","Timepoint","n_samples","n_zeros","zero_percent","mean_intensity","median_intensity","sd_intensity","cv_percent"
"PR","1",8,0,0,0.00129827342858372,0.00122276002587634,0.000628646312983859,48.4217191188798
"PR","2",8,0,0,0.00157071898063864,0.00158854148830168,0.000550200667110472,35.0285871561039
