"Group","Timepoint","n_samples","n_zeros","zero_percent","mean_intensity","median_intensity","sd_intensity","cv_percent"
"PR","1",8,0,0,0.000168376425398447,0.00016783743932369,1.30565037234659e-05,7.75435378947432
"PR","2",8,0,0,0.000158410837509923,0.000155715020278424,1.55614856872476e-05,9.82349814688204
