"Group","Timepoint","n_samples","n_zeros","zero_percent","mean_intensity","median_intensity","sd_intensity","cv_percent"
"PR","1",8,0,0,0.000197239534292643,0.000164889151582203,0.00010702208085481,54.2599541408481
"PR","2",8,0,0,0.000247039845068704,0.000187570069318089,0.000211821750277681,85.7439617559553
