"Group","Timepoint","n_samples","n_zeros","zero_percent","mean_intensity","median_intensity","sd_intensity","cv_percent"
"PR","1",8,0,0,0.000215072266852722,0.000231072996976992,9.24744546277339e-05,42.9969219095361
"PR","2",8,0,0,0.000226659538964896,0.000222053099626781,7.60474548424542e-05,33.5514027734046
