"Group","Timepoint","n_samples","n_zeros","zero_percent","mean_intensity","median_intensity","sd_intensity","cv_percent"
"PR","1",8,0,0,0.000231821934714647,0.000234064289975056,1.145089188394e-05,4.93952045479866
"PR","2",8,0,0,0.000230516265624684,0.000231618963912822,1.40361373710469e-05,6.08900084903333
