"Group","Timepoint","n_samples","n_zeros","zero_percent","mean_intensity","median_intensity","sd_intensity","cv_percent"
"PR","1",8,0,0,0.00223125128379294,0.00222677700243411,0.000125131091149155,5.60811290319765
"PR","2",8,0,0,0.00209773725904019,0.00212145389451111,0.000131026632526763,6.24609359261293
