"Group","Timepoint","n_samples","n_zeros","zero_percent","mean_intensity","median_intensity","sd_intensity","cv_percent"
"PR","1",8,0,0,0.000164582444444472,0.000112788127185091,0.000138306994025939,84.0350831419336
"PR","2",8,0,0,0.000183772425507798,0.000182500004122112,0.000109160747236465,59.3999599966282
