"Group","Timepoint","n_samples","n_zeros","zero_percent","mean_intensity","median_intensity","sd_intensity","cv_percent"
"PR","1",8,0,0,0.000404903509211434,0.000404165525753251,2.94764873919894e-05,7.27987945804572
"PR","2",8,0,0,0.00040886082255217,0.000398540967365515,2.44583655896918e-05,5.98207611015872
