"Group","Timepoint","n_samples","n_zeros","zero_percent","mean_intensity","median_intensity","sd_intensity","cv_percent"
"PR","1",8,0,0,0.000497289061691452,0.000478484578041418,6.07430339549376e-05,12.2148341144544
"PR","2",8,0,0,0.000543843896578646,0.000515809851268281,8.69978429463105e-05,15.9968409121844
