"Group","Timepoint","n_samples","n_zeros","zero_percent","mean_intensity","median_intensity","sd_intensity","cv_percent"
"PR","1",8,0,0,0.000533052685341571,0.000655179540519874,0.000359656846165572,67.471162993037
"PR","2",8,0,0,0.000644671323270705,0.000651232159510642,0.000279957861436522,43.426448692672
