"Group","Timepoint","n_samples","n_zeros","zero_percent","mean_intensity","median_intensity","sd_intensity","cv_percent"
"PR","1",8,0,0,0.000145188830324278,0.000147439905153354,1.17082989562013e-05,8.06418712104156
"PR","2",8,0,0,0.000142244047991887,0.000145197840770899,6.92371535678253e-06,4.86749038327242
