"Group","Timepoint","n_samples","n_zeros","zero_percent","mean_intensity","median_intensity","sd_intensity","cv_percent"
"PR","1",8,0,0,0.000123778580921841,0.000106604779331147,6.89088096564404e-05,55.6710289803308
"PR","2",8,0,0,0.00010146763276912,0.000103848153414732,4.19258009083678e-05,41.3193840875009
