"Group","Timepoint","n_samples","n_zeros","zero_percent","mean_intensity","median_intensity","sd_intensity","cv_percent"
"PR","1",8,0,0,0.00219929839853794,0.00232058015164349,0.000741119628734857,33.6980024733134
"PR","2",8,0,0,0.00145538891301366,0.00209977610028216,0.00115494631416828,79.3565420102553
