"Group","Timepoint","n_samples","n_zeros","zero_percent","mean_intensity","median_intensity","sd_intensity","cv_percent"
"PR","1",8,0,0,0.000170686790320613,0.000102346209518919,0.00018634230715711,109.172072898606
"PR","2",8,0,0,0.000250945613132622,0.000212939496083595,0.000182995424734955,72.9223445871693
