"Group","Timepoint","n_samples","n_zeros","zero_percent","mean_intensity","median_intensity","sd_intensity","cv_percent"
"PR","1",8,0,0,0.00140174403721475,0.0010830376717422,0.0013187745766434,94.080983519915
"PR","2",8,0,0,0.00178964629036819,0.00106939379199024,0.00248838114138329,139.04318159268
