"Group","Timepoint","n_samples","n_zeros","zero_percent","mean_intensity","median_intensity","sd_intensity","cv_percent"
"PR","1",8,0,0,0.000125273876759748,0.000125487467249551,7.07570445058699e-06,5.64818830038834
"PR","2",8,0,0,0.000137488987346025,0.000133356293070465,1.48861089604572e-05,10.8271282288178
