"Group","Timepoint","n_samples","n_zeros","zero_percent","mean_intensity","median_intensity","sd_intensity","cv_percent"
"PR","1",8,0,0,0.00044012143923319,0.000437642135175603,2.32356131999508e-05,5.27936408651973
"PR","2",8,0,0,0.000441853410042923,0.000440090367472316,1.57934207323757e-05,3.5743575523931
