"Group","Timepoint","n_samples","n_zeros","zero_percent","mean_intensity","median_intensity","sd_intensity","cv_percent"
"PR","1",8,0,0,0.000297028442529927,0.00028238800255382,4.48496486430718e-05,15.0994457840693
"PR","2",8,0,0,0.000289906404438265,0.000292961953314406,3.3046133133669e-05,11.3988972398525
