"Group","Timepoint","n_samples","n_zeros","zero_percent","mean_intensity","median_intensity","sd_intensity","cv_percent"
"PR","1",8,0,0,0.000317689692658826,0.000291736364348019,5.20232366634826e-05,16.3754877371333
"PR","2",8,0,0,0.000358896035560062,0.000360178452281918,6.41064084925074e-05,17.8621110685908
