"Group","Timepoint","n_samples","n_zeros","zero_percent","mean_intensity","median_intensity","sd_intensity","cv_percent"
"PR","1",8,0,0,0.000191368344420181,0.000189344303495394,1.22155231001429e-05,6.38325170087782
"PR","2",8,0,0,0.00019061018076147,0.000189278412760852,2.06224608259606e-05,10.8191811914641
