"Group","Timepoint","n_samples","n_zeros","zero_percent","mean_intensity","median_intensity","sd_intensity","cv_percent"
"PR","1",8,0,0,4.78733721051518e-05,4.36111572450288e-05,2.77538297531614e-05,57.9734172311933
"PR","2",8,0,0,6.43591531471182e-05,7.74740860429578e-05,3.53986292029894e-05,55.0017013463056
