"Group","Timepoint","n_samples","n_zeros","zero_percent","mean_intensity","median_intensity","sd_intensity","cv_percent"
"PR","1",8,0,0,0.00141909616443696,0.00137185519329279,0.000234809622544707,16.5464207732441
"PR","2",8,0,0,0.00145728655490387,0.00145281453100706,9.39326627199146e-05,6.4457235540824
