"Group","Timepoint","n_samples","n_zeros","zero_percent","mean_intensity","median_intensity","sd_intensity","cv_percent"
"PR","1",8,0,0,0.000386319978337466,0.000326003615043352,0.000127635392384191,33.0387760253746
"PR","2",8,0,0,0.000352155641587755,0.000325169638230352,0.000100188951747829,28.450190744101
