"Group","Timepoint","n_samples","n_zeros","zero_percent","mean_intensity","median_intensity","sd_intensity","cv_percent"
"PR","1",8,0,0,6.87927992117546e-05,5.46057679493979e-05,6.20349227392221e-05,90.1764769714766
"PR","2",8,0,0,0.000406566861997123,0.00024581655442273,0.000416203333100449,102.37020574082
