"Group","Timepoint","n_samples","n_zeros","zero_percent","mean_intensity","median_intensity","sd_intensity","cv_percent"
"PR","1",8,0,0,0.000125971535115178,0.000120036412221237,7.55971941702439e-05,60.0113304177202
"PR","2",8,0,0,8.44720393046646e-05,6.78666858701961e-05,5.70458848339024e-05,67.5322690247308
