"Group","Timepoint","n_samples","n_zeros","zero_percent","mean_intensity","median_intensity","sd_intensity","cv_percent"
"PR","1",8,0,0,0.000476387947104077,0.000456040133329878,8.63615530633346e-05,18.128408493187
"PR","2",8,0,0,0.000553418676694634,0.000445640868817568,0.000198609274872427,35.8877073066358
