"Group","Timepoint","n_samples","n_zeros","zero_percent","mean_intensity","median_intensity","sd_intensity","cv_percent"
"PR","1",8,0,0,0.00493908661820004,0.00491325921918377,0.000256147059281211,5.18612203190231
"PR","2",8,0,0,0.0049404072128203,0.00499443824621851,0.000369079544680131,7.47063002665799
