"Group","Timepoint","n_samples","n_zeros","zero_percent","mean_intensity","median_intensity","sd_intensity","cv_percent"
"PR","1",8,0,0,0.00443182015553082,0.00421304470699075,0.00215958413394233,48.7290561925718
"PR","2",8,0,0,0.00528859134697038,0.00384752474572172,0.00366390828875074,69.2794744076728
