"Group","Timepoint","n_samples","n_zeros","zero_percent","mean_intensity","median_intensity","sd_intensity","cv_percent"
"PR","1",8,0,0,0.000401596021263445,0.000412708521021144,3.81366775531322e-05,9.49627873133604
"PR","2",8,0,0,0.000393484436075535,0.000400279531383126,6.0915559226395e-05,15.4810593867305
