"Group","Timepoint","n_samples","n_zeros","zero_percent","mean_intensity","median_intensity","sd_intensity","cv_percent"
"PR","1",8,0,0,0.000134808521525503,0.000123021657625926,4.29092080937252e-05,31.8297445948977
"PR","2",8,0,0,0.000159323141925137,0.00012257087758387,6.33687852996749e-05,39.7737482037924
