"Group","Timepoint","n_samples","n_zeros","zero_percent","mean_intensity","median_intensity","sd_intensity","cv_percent"
"PR","1",8,0,0,0.00026491504663732,0.000243775800989307,0.000102194694490699,38.5764024308547
"PR","2",8,0,0,0.000313456665333773,0.000307618947511528,6.25449833194807e-05,19.9533110112308
