"Group","Timepoint","n_samples","n_zeros","zero_percent","mean_intensity","median_intensity","sd_intensity","cv_percent"
"PR","1",8,0,0,0.000639018998864414,0.000633307967062348,5.03084303959028e-05,7.87275972784921
"PR","2",8,0,0,0.000533900115644703,0.000543891668126672,0.000131624873379842,24.6534641074015
