"Group","Timepoint","n_samples","n_zeros","zero_percent","mean_intensity","median_intensity","sd_intensity","cv_percent"
"PR","1",8,0,0,0.000282894895576722,0.000294100913658997,3.72867990134535e-05,13.1804424881683
"PR","2",8,0,0,0.000271811820399057,0.000268869994408484,3.74165847997882e-05,13.7656209155494
