"Group","Timepoint","n_samples","n_zeros","zero_percent","mean_intensity","median_intensity","sd_intensity","cv_percent"
"PR","1",8,0,0,0.000925742329566692,0.000937648948043392,5.86252431892994e-05,6.3327819542118
"PR","2",8,0,0,0.000948277133240481,0.000939196747480908,6.13814339265862e-05,6.47294253704418
