"Group","Timepoint","n_samples","n_zeros","zero_percent","mean_intensity","median_intensity","sd_intensity","cv_percent"
"PR","1",8,0,0,7.63112016331679e-05,7.88504502866004e-05,1.38908354140978e-05,18.20287862963
"PR","2",8,0,0,7.43881201444981e-05,7.70396654625908e-05,1.04661912708011e-05,14.0697079728197
