"Group","Timepoint","n_samples","n_zeros","zero_percent","mean_intensity","median_intensity","sd_intensity","cv_percent"
"PR","1",8,0,0,3.86742197774032e-05,3.96121601712979e-05,7.82703777713883e-06,20.2383857313446
"PR","2",8,0,0,4.58003100581888e-05,4.54195572382687e-05,4.41304628500317e-06,9.63540700793605
