"Group","Timepoint","n_samples","n_zeros","zero_percent","mean_intensity","median_intensity","sd_intensity","cv_percent"
"PR","1",8,0,0,0.000116117895003108,0.000114046133694584,3.81521572229982e-05,32.8563975621302
"PR","2",8,0,0,0.000103021763217067,8.92282568307249e-05,5.23083896033618e-05,50.7741160410428
