"Group","Timepoint","n_samples","n_zeros","zero_percent","mean_intensity","median_intensity","sd_intensity","cv_percent"
"PR","1",8,0,0,5.78148386438394e-05,6.28997792639659e-05,2.17464479988259e-05,37.6139560516497
"PR","2",8,0,0,0.000105572164712355,0.000101169888109841,5.62373428334119e-05,53.2691007962542
