"Group","Timepoint","n_samples","n_zeros","zero_percent","mean_intensity","median_intensity","sd_intensity","cv_percent"
"PR","1",8,0,0,0.000123498125431758,0.00012643644063911,9.0705115269688e-06,7.34465522877994
"PR","2",8,0,0,0.000123898791115438,0.000124158843366664,1.86738430478532e-05,15.0718525013328
