"Group","Timepoint","n_samples","n_zeros","zero_percent","mean_intensity","median_intensity","sd_intensity","cv_percent"
"PR","1",8,0,0,0.000786460835482685,0.000833127171318625,0.000311449127358697,39.6013524522867
"PR","2",8,0,0,0.000643322010693918,0.000699567086499271,0.000360806167572986,56.0848473354429
