"Group","Timepoint","n_samples","n_zeros","zero_percent","mean_intensity","median_intensity","sd_intensity","cv_percent"
"PR","1",8,0,0,0.000534404406449541,0.000543138216980263,4.64774989069306e-05,8.69706505897216
"PR","2",8,0,0,0.000525813918635949,0.000498519603837176,8.83775860397387e-05,16.8077684723534
