"Group","Timepoint","n_samples","n_zeros","zero_percent","mean_intensity","median_intensity","sd_intensity","cv_percent"
"PR","1",8,0,0,0.000233461908021193,0.000233895739652108,1.56688279053328e-05,6.71151368466947
"PR","2",8,0,0,0.000243305570200481,0.000241705135715367,5.07851904405029e-05,20.8730077156295
