"Group","Timepoint","n_samples","n_zeros","zero_percent","mean_intensity","median_intensity","sd_intensity","cv_percent"
"PR","1",8,0,0,0.000156547424856613,0.000163495143769782,5.96911756083458e-05,38.1297716414173
"PR","2",8,0,0,0.000185598066408407,0.000198442917910577,9.78207585122619e-05,52.7056991515247
