"Group","Timepoint","n_samples","n_zeros","zero_percent","mean_intensity","median_intensity","sd_intensity","cv_percent"
"PR","1",8,0,0,5.40251295142777e-05,2.59868286480895e-05,5.03894057194811e-05,93.2703098956278
"PR","2",8,0,0,2.48330982718037e-05,1.64448610919949e-05,2.16839520304549e-05,87.3187541607548
