"Group","Timepoint","n_samples","n_zeros","zero_percent","mean_intensity","median_intensity","sd_intensity","cv_percent"
"PR","1",8,0,0,0.000283084118870843,0.000367557774014918,0.000160301084081999,56.6266609096276
"PR","2",8,0,0,0.000459833615199118,0.000405320911909806,0.000288778792251452,62.8007137160698
