"Group","Timepoint","n_samples","n_zeros","zero_percent","mean_intensity","median_intensity","sd_intensity","cv_percent"
"PR","1",8,0,0,3.28651220066914e-05,3.61513779526419e-05,7.12187910636912e-06,21.6700218088924
"PR","2",8,0,0,3.53359737299079e-05,3.89900076379045e-05,1.09367579234073e-05,30.9507755665738
