"Group","Timepoint","n_samples","n_zeros","zero_percent","mean_intensity","median_intensity","sd_intensity","cv_percent"
"PR","1",8,0,0,0.000104712802220037,0.000105543359807573,3.89392203784185e-05,37.1866854413789
"PR","2",8,0,0,9.71962278532426e-05,0.000100863425911141,4.83129040879886e-05,49.7065628523533
