"Group","Timepoint","n_samples","n_zeros","zero_percent","mean_intensity","median_intensity","sd_intensity","cv_percent"
"PR","1",8,0,0,0.00062345682788952,0.000614426908235716,3.80532022290122e-05,6.103582562056
"PR","2",8,0,0,0.000632762376438532,0.000637429021505974,5.72172974617563e-05,9.04246200347763
