"Group","Timepoint","n_samples","n_zeros","zero_percent","mean_intensity","median_intensity","sd_intensity","cv_percent"
"PR","1",8,0,0,2.68086555615534e-05,2.81667043732096e-05,1.06941956708642e-05,39.8908316991504
"PR","2",8,0,0,2.32578733857711e-05,2.02558452987976e-05,1.37027734369325e-05,58.9167083750471
