"Group","Timepoint","n_samples","n_zeros","zero_percent","mean_intensity","median_intensity","sd_intensity","cv_percent"
"PR","1",8,0,0,0.000295018901231115,0.000288140488344018,0.000159900590987648,54.2001174570111
"PR","2",8,0,0,0.000449980452384582,0.000540054801654286,0.000191298396722576,42.5126015383175
