"Group","Timepoint","n_samples","n_zeros","zero_percent","mean_intensity","median_intensity","sd_intensity","cv_percent"
"PR","1",8,0,0,0.00249681879772944,0.00261509257611058,0.000878607335208827,35.1890708291614
"PR","2",8,0,0,0.00360119296253969,0.00381343788211087,0.00111235035741197,30.8883852929531
