"Group","Timepoint","n_samples","n_zeros","zero_percent","mean_intensity","median_intensity","sd_intensity","cv_percent"
"PR","1",8,0,0,0.0354328495042821,0.0352284805738879,0.00127823040752995,3.60747279830111
"PR","2",8,0,0,0.0360239236542013,0.0359680684598048,0.000787697693581936,2.18659605528581
