"Group","Timepoint","n_samples","n_zeros","zero_percent","mean_intensity","median_intensity","sd_intensity","cv_percent"
"PR","1",8,0,0,0.000788498830988623,0.000866342606149639,0.00016802614135679,21.3096246631233
"PR","2",8,0,0,0.000915072149827383,0.000881289733885727,0.000144098116835545,15.7471863680615
