"Group","Timepoint","n_samples","n_zeros","zero_percent","mean_intensity","median_intensity","sd_intensity","cv_percent"
"PR","1",8,0,0,0.000181186275568382,0.000181256030740244,1.89162398360225e-05,10.4402167198824
"PR","2",8,0,0,0.000202384425352752,0.000204306487492998,2.26734867939405e-05,11.2031776923649
