"Group","Timepoint","n_samples","n_zeros","zero_percent","mean_intensity","median_intensity","sd_intensity","cv_percent"
"PR","1",8,0,0,0.000247183317561144,0.000246998121662635,0.000101880014466479,41.2163795970083
"PR","2",8,0,0,0.000211313045571562,0.000216920712196159,0.000145196274922989,68.7114581734697
