"Group","Timepoint","n_samples","n_zeros","zero_percent","mean_intensity","median_intensity","sd_intensity","cv_percent"
"PR","1",8,0,0,0.000129765328614883,0.000137571024765334,2.7930740993772e-05,21.5240398124099
"PR","2",8,0,0,0.000151700612233177,0.00015270667554656,1.32595109646501e-05,8.74057841260987
