"Group","Timepoint","n_samples","n_zeros","zero_percent","mean_intensity","median_intensity","sd_intensity","cv_percent"
"PR","1",8,0,0,0.00299837198407058,0.00321848594426636,0.00132767868201939,44.2799855746031
"PR","2",8,0,0,0.00344965007217653,0.0034150454211392,0.000936164019940166,27.1379415405314
