"Group","Timepoint","n_samples","n_zeros","zero_percent","mean_intensity","median_intensity","sd_intensity","cv_percent"
"PR","1",8,0,0,0.000132259628844258,0.000122585337977764,7.67419898627703e-05,58.0237450636867
"PR","2",8,0,0,0.000171773780135535,0.000182007648812121,6.92496859696295e-05,40.3144682005538
