"Group","Timepoint","n_samples","n_zeros","zero_percent","mean_intensity","median_intensity","sd_intensity","cv_percent"
"PR","1",8,0,0,0.000475160204543781,0.000502099118105005,5.08765982344873e-05,10.707251522323
"PR","2",8,0,0,0.00050116067612395,0.000503488719125769,2.58055941392647e-05,5.14916580024773
