"Group","Timepoint","n_samples","n_zeros","zero_percent","mean_intensity","median_intensity","sd_intensity","cv_percent"
"PR","1",8,0,0,0.000332477857150883,0.000361731063416973,8.7625344184319e-05,26.3552421009961
"PR","2",8,0,0,0.00029559275556278,0.00031012196671914,9.8296702664226e-05,33.254097339794
