"Group","Timepoint","n_samples","n_zeros","zero_percent","mean_intensity","median_intensity","sd_intensity","cv_percent"
"PR","1",8,0,0,1.74768789570674e-05,1.59090748042131e-05,6.27341894037965e-06,35.8955334976602
"PR","2",8,0,0,1.59287803721916e-05,1.54964104507562e-05,4.59406669388928e-06,28.8412959846543
