"Group","Timepoint","n_samples","n_zeros","zero_percent","mean_intensity","median_intensity","sd_intensity","cv_percent"
"PR","1",8,0,0,0.000131618438780751,0.000133592557020227,1.03453868288569e-05,7.86013489043898
"PR","2",8,0,0,0.00012462616622792,0.00012620322671251,1.13051645453462e-05,9.07126078537227
