"Group","Timepoint","n_samples","n_zeros","zero_percent","mean_intensity","median_intensity","sd_intensity","cv_percent"
"PR","1",8,0,0,0.00106433058821221,0.00108565504407459,0.00035735857056784,33.5758996805782
"PR","2",8,0,0,0.00102715936301315,0.00098875751856846,0.000271246979365883,26.4074874000257
