"Group","Timepoint","n_samples","n_zeros","zero_percent","mean_intensity","median_intensity","sd_intensity","cv_percent"
"PR","1",8,0,0,9.07416717451969e-05,8.25579388625064e-05,5.32076603674401e-05,58.6364118536933
"PR","2",8,0,0,0.000126029366851545,0.00010385741141825,9.10143224905415e-05,72.2167577004104
