"Group","Timepoint","n_samples","n_zeros","zero_percent","mean_intensity","median_intensity","sd_intensity","cv_percent"
"PR","1",8,0,0,0.000118016969526276,0.000120741367133952,1.85501255930499e-05,15.7181849928114
"PR","2",8,0,0,0.000108368701235221,0.000106490508408567,3.54504599031916e-05,32.7128215980407
