"Group","Timepoint","n_samples","n_zeros","zero_percent","mean_intensity","median_intensity","sd_intensity","cv_percent"
"PR","1",8,0,0,0.0111737459495465,0.0112303327873645,0.000492328384410818,4.40611757806073
"PR","2",8,0,0,0.0117793138576876,0.011631393605084,0.000723001504033673,6.13789150003687
