"Group","Timepoint","n_samples","n_zeros","zero_percent","mean_intensity","median_intensity","sd_intensity","cv_percent"
"PR","1",8,0,0,0.0145211854819709,0.0131687902473291,0.00323682668558071,22.2903749118794
"PR","2",8,0,0,0.0179557195433587,0.0140140272426116,0.0077015893397438,42.8921231541089
