"Group","Timepoint","n_samples","n_zeros","zero_percent","mean_intensity","median_intensity","sd_intensity","cv_percent"
"PR","1",8,0,0,0.000775469308662928,0.000785630000951293,0.000111595067320874,14.3906491300458
"PR","2",8,0,0,0.000824846343042825,0.00086710067651722,0.000138284577096764,16.7648893958404
