"Group","Timepoint","n_samples","n_zeros","zero_percent","mean_intensity","median_intensity","sd_intensity","cv_percent"
"PR","1",8,0,0,0.00192341919205927,0.00189081916322068,0.000129795608477797,6.74817060231336
"PR","2",8,0,0,0.00183582850488095,0.00180473802537987,0.000120196922975476,6.54728492644637
