"Group","Timepoint","n_samples","n_zeros","zero_percent","mean_intensity","median_intensity","sd_intensity","cv_percent"
"PR","1",8,0,0,0.000147749583970838,0.000123328874907549,6.39002670495891e-05,43.2490334877703
"PR","2",8,0,0,0.000144952306848518,0.000138316141157798,4.40445282169059e-05,30.3855310581118
