"Group","Timepoint","n_samples","n_zeros","zero_percent","mean_intensity","median_intensity","sd_intensity","cv_percent"
"PR","1",8,0,0,0.00288122747044624,0.00289491006536471,0.000251224933578472,8.71937173150591
"PR","2",8,0,0,0.00310786989403724,0.00308716382118806,0.000399249222791468,12.8463943602487
