"Group","Timepoint","n_samples","n_zeros","zero_percent","mean_intensity","median_intensity","sd_intensity","cv_percent"
"PR","1",8,0,0,0.000481712717536822,0.000460836092190353,0.000103608395249971,21.5083371225404
"PR","2",8,0,0,0.000524920322578553,0.000558970031586519,8.20596645555494e-05,15.6327848296004
