"Group","Timepoint","n_samples","n_zeros","zero_percent","mean_intensity","median_intensity","sd_intensity","cv_percent"
"PR","1",8,0,0,0.00340496114891939,0.00342480753413242,0.00014760916584284,4.33512041362604
"PR","2",8,0,0,0.00348907958313264,0.00351875293493133,0.000131870449117352,3.77951966916596
