"Group","Timepoint","n_samples","n_zeros","zero_percent","mean_intensity","median_intensity","sd_intensity","cv_percent"
"PR","1",8,0,0,0.000115430753359602,0.000118959624418629,1.85644254448299e-05,16.0827378359006
"PR","2",8,0,0,0.000137656801717514,0.000135517863813412,2.28646854291413e-05,16.6099205733851
