"Group","Timepoint","n_samples","n_zeros","zero_percent","mean_intensity","median_intensity","sd_intensity","cv_percent"
"PR","1",8,0,0,0.000236011924929619,0.000221955730836619,5.67105888244343e-05,24.0286963641121
"PR","2",8,0,0,0.00025864509685059,0.0002006874566913,0.000107193327592256,41.4441753961329
