"Group","Timepoint","n_samples","n_zeros","zero_percent","mean_intensity","median_intensity","sd_intensity","cv_percent"
"PR","1",8,0,0,0.000121338662256453,0.000126619883266587,1.32467599597009e-05,10.9171798282261
"PR","2",8,0,0,0.000143730255185187,0.000142088078673509,2.246445147796e-05,15.629591312571
