"Group","Timepoint","n_samples","n_zeros","zero_percent","mean_intensity","median_intensity","sd_intensity","cv_percent"
"PR","1",8,0,0,0.000970818764001465,0.00100127043578017,0.000216862570034976,22.3381106831026
"PR","2",8,0,0,0.00113108415812319,0.0010739375340502,0.000313399466305732,27.7078822168067
