"Group","Timepoint","n_samples","n_zeros","zero_percent","mean_intensity","median_intensity","sd_intensity","cv_percent"
"PR","1",8,0,0,0.00127873034537149,0.00127468048015411,5.01682754945619e-05,3.92328810183879
"PR","2",8,0,0,0.00133767964471851,0.00132293751187035,6.23616438103082e-05,4.66192664712565
