"Group","Timepoint","n_samples","n_zeros","zero_percent","mean_intensity","median_intensity","sd_intensity","cv_percent"
"PR","1",8,0,0,0.00036684265843933,0.000315717324468787,0.000117183306732611,31.9437513704505
"PR","2",8,0,0,0.000312320134548957,0.000296546962586366,4.37620644389187e-05,14.0119254565891
