"Group","Timepoint","n_samples","n_zeros","zero_percent","mean_intensity","median_intensity","sd_intensity","cv_percent"
"PR","1",8,0,0,0.00380359560304702,0.00345823747592821,0.00181678161616218,47.7648468913671
"PR","2",8,0,0,0.0028719858024229,0.002988731806655,0.00149931667828499,52.2048777894416
