"Group","Timepoint","n_samples","n_zeros","zero_percent","mean_intensity","median_intensity","sd_intensity","cv_percent"
"PR","1",8,0,0,0.00691821694340417,0.00426207969567449,0.00556385949504876,80.423316304837
"PR","2",8,0,0,0.00398395427095476,0.00420908079957713,0.000701113099203647,17.5984223592914
