"Group","Timepoint","n_samples","n_zeros","zero_percent","mean_intensity","median_intensity","sd_intensity","cv_percent"
"PR","1",8,0,0,0.0009864441131855,0.00101535681777307,0.000151557453107531,15.3640182025224
"PR","2",8,0,0,0.00104859564992689,0.00102100348012487,0.000153771144264925,14.6644842819676
