"Group","Timepoint","n_samples","n_zeros","zero_percent","mean_intensity","median_intensity","sd_intensity","cv_percent"
"PR","1",8,0,0,5.55973493033724e-05,5.83889960755195e-05,7.38518620850888e-06,13.2833422834799
"PR","2",8,0,0,5.54811423646047e-05,5.17176454620865e-05,9.80096996851016e-06,17.6654076516688
