"Group","Timepoint","n_samples","n_zeros","zero_percent","mean_intensity","median_intensity","sd_intensity","cv_percent"
"PR","1",8,0,0,0.000147836149449967,0.000148574282861729,5.0374700909599e-05,34.0746840992687
"PR","2",8,0,0,0.000175641711130805,0.000182705749472046,0.000104092374879338,59.2640405340948
