"Group","Timepoint","n_samples","n_zeros","zero_percent","mean_intensity","median_intensity","sd_intensity","cv_percent"
"PR","1",8,0,0,0.000144006663608269,0.000138777300249323,4.91660434023484e-05,34.141505795934
"PR","2",8,0,0,0.000134520897223138,0.000151422793705343,4.52331008040814e-05,33.6253338609915
