"Group","Timepoint","n_samples","n_zeros","zero_percent","mean_intensity","median_intensity","sd_intensity","cv_percent"
"PR","1",8,0,0,0.000177290134933568,0.000154965223350596,6.65729061295688e-05,37.5502597222988
"PR","2",8,0,0,0.000191997094391312,0.000147893991550026,0.000101109067900934,52.6617698155694
