"Group","Timepoint","n_samples","n_zeros","zero_percent","mean_intensity","median_intensity","sd_intensity","cv_percent"
"PR","1",8,0,0,0.00313820603456549,0.00358514954846023,0.00145047668575611,46.2199316991926
"PR","2",8,0,0,0.00356989899752783,0.00366313904391727,0.00126791996434782,35.5169702343359
