"Group","Timepoint","n_samples","n_zeros","zero_percent","mean_intensity","median_intensity","sd_intensity","cv_percent"
"PR","1",8,0,0,1.89993346261646e-05,1.89111155940731e-05,1.10122468624707e-05,57.9612237962556
"PR","2",8,0,0,1.75283573227921e-05,1.86279638468065e-05,4.63999941388246e-06,26.4713876402387
