"Group","Timepoint","n_samples","n_zeros","zero_percent","mean_intensity","median_intensity","sd_intensity","cv_percent"
"PR","1",8,0,0,0.000108768321589183,0.000108973766569267,7.65912873644325e-06,7.04169065453793
"PR","2",8,0,0,0.000104113295776278,0.000100960466777739,9.30247460254603e-06,8.93495353613189
