"Group","Timepoint","n_samples","n_zeros","zero_percent","mean_intensity","median_intensity","sd_intensity","cv_percent"
"PR","1",8,0,0,2.71744094676275e-05,2.71093308261018e-05,3.7251989943317e-06,13.7084818669914
"PR","2",8,0,0,1.76697064626856e-05,1.64450066320582e-05,6.94009972097578e-06,39.2768252015487
