"Group","Timepoint","n_samples","n_zeros","zero_percent","mean_intensity","median_intensity","sd_intensity","cv_percent"
"PR","1",8,0,0,0.000413251281203077,0.000457459411397638,0.000163569985825406,39.581241066988
"PR","2",8,0,0,0.000277236569849681,0.000235369070961132,0.000101924957057653,36.7646148244142
