"Group","Timepoint","n_samples","n_zeros","zero_percent","mean_intensity","median_intensity","sd_intensity","cv_percent"
"PR","1",8,0,0,0.00643837395565161,0.00649222638931216,0.000194254946672377,3.01714296203407
"PR","2",8,0,0,0.00635865707260823,0.00630290059408234,0.000318895160026636,5.01513379924779
