"Group","Timepoint","n_samples","n_zeros","zero_percent","mean_intensity","median_intensity","sd_intensity","cv_percent"
"PR","1",8,0,0,0.000900326221144352,0.000612479199983211,0.000474272171536824,52.6778139299335
"PR","2",8,0,0,0.00174681166246018,0.000761366531870797,0.00225299481165664,128.977545780955
