"Group","Timepoint","n_samples","n_zeros","zero_percent","mean_intensity","median_intensity","sd_intensity","cv_percent"
"PR","1",8,0,0,3.3673547514797e-07,2.79442576236926e-07,2.98257079175248e-07,88.5731089200466
"PR","2",8,0,0,8.97690387879309e-07,6.92044208339984e-07,7.38923984684695e-07,82.3139018376166
