"Group","Timepoint","n_samples","n_zeros","zero_percent","mean_intensity","median_intensity","sd_intensity","cv_percent"
"PR","1",8,0,0,0.012762325284935,0.0130726935816395,0.00104388904683306,8.17945808092896
"PR","2",8,0,0,0.0133355950825044,0.0134732616251497,0.000497831624703727,3.73310393442325
