"Group","Timepoint","n_samples","n_zeros","zero_percent","mean_intensity","median_intensity","sd_intensity","cv_percent"
"PR","1",8,0,0,0.000285685412490837,0.000289603248703081,1.35073649305177e-05,4.72805552539401
"PR","2",8,0,0,0.000267082528437224,0.00026847435822763,2.04116514956988e-05,7.64245104879498
