"Group","Timepoint","n_samples","n_zeros","zero_percent","mean_intensity","median_intensity","sd_intensity","cv_percent"
"PR","1",8,0,0,3.56880465947425e-05,3.85031674343822e-05,2.03119846875588e-05,56.9153725845874
"PR","2",8,0,0,4.18023936022621e-05,4.52938277729792e-05,1.53276017612016e-05,36.6668040759565
