"Group","Timepoint","n_samples","n_zeros","zero_percent","mean_intensity","median_intensity","sd_intensity","cv_percent"
"PR","1",8,0,0,0.00125031378444608,0.00125204332754562,0.000122117215436918,9.76692546751528
"PR","2",8,0,0,0.00115188958615191,0.00113832127137298,7.01786271698548e-05,6.09247865538041
