"Group","Timepoint","n_samples","n_zeros","zero_percent","mean_intensity","median_intensity","sd_intensity","cv_percent"
"PR","1",8,0,0,0.00533451192953627,0.00533422358036899,0.000210471873363957,3.94547572756583
"PR","2",8,0,0,0.00535012455728907,0.00539749659099865,0.000202396015678765,3.78301502164128
