"Group","Timepoint","n_samples","n_zeros","zero_percent","mean_intensity","median_intensity","sd_intensity","cv_percent"
"PR","1",8,0,0,0.000230325482352459,0.000230246900914523,1.04894876173911e-05,4.55420195379832
"PR","2",8,0,0,0.000244717303060293,0.00024730755403197,1.75561319681458e-05,7.17404603131817
