"Group","Timepoint","n_samples","n_zeros","zero_percent","mean_intensity","median_intensity","sd_intensity","cv_percent"
"PR","1",8,0,0,0.000139573554993552,0.000141842428596193,1.78777615747153e-05,12.8088458988819
"PR","2",8,0,0,0.000162884514276795,0.000163132278596164,8.17630283204103e-06,5.01969316625568
