"Group","Timepoint","n_samples","n_zeros","zero_percent","mean_intensity","median_intensity","sd_intensity","cv_percent"
"PR","1",8,0,0,0.000813234473516372,0.00075072520475359,0.000176391494152412,21.6901152000735
"PR","2",8,0,0,0.000749846337663278,0.000741694703984226,8.40104445574273e-05,11.2036880541721
