"Group","Timepoint","n_samples","n_zeros","zero_percent","mean_intensity","median_intensity","sd_intensity","cv_percent"
"PR","1",8,0,0,0.000184186320179039,0.000177480934525643,2.14785861824839e-05,11.6613362825239
"PR","2",8,0,0,0.000174856920037938,0.000174039454411544,1.1669321258723e-05,6.67363994298378
