"Group","Timepoint","n_samples","n_zeros","zero_percent","mean_intensity","median_intensity","sd_intensity","cv_percent"
"PR","1",8,0,0,0.000290888121518816,0.000298476847368099,2.45027866864426e-05,8.42344010422494
"PR","2",8,0,0,0.00027802836870342,0.00028400212180772,3.32132854338121e-05,11.946005937704
