"Group","Timepoint","n_samples","n_zeros","zero_percent","mean_intensity","median_intensity","sd_intensity","cv_percent"
"PR","1",8,0,0,0.000127964697768464,0.000125471447146293,4.35243256125103e-05,34.012760059233
"PR","2",8,0,0,7.95196275439525e-05,6.47370677061689e-05,5.17449310384185e-05,65.0718981421509
