"Group","Timepoint","n_samples","n_zeros","zero_percent","mean_intensity","median_intensity","sd_intensity","cv_percent"
"PR","1",8,0,0,0.000156439646664029,0.000147678007173462,6.25186907073371e-05,39.963456860525
"PR","2",8,0,0,0.000179834163784131,0.00017582495925554,8.71833817538321e-05,48.4798771931261
