"Group","Timepoint","n_samples","n_zeros","zero_percent","mean_intensity","median_intensity","sd_intensity","cv_percent"
"PR","1",8,0,0,0.015368063317158,0.0166789677692806,0.00933803400875845,60.7625945836179
"PR","2",8,0,0,0.0133165502354475,0.0149435031117109,0.00971848809311654,72.9805236437793
