"Group","Timepoint","n_samples","n_zeros","zero_percent","mean_intensity","median_intensity","sd_intensity","cv_percent"
"PR","1",8,0,0,0.000148086691976438,3.64623878366543e-05,0.000268472791674582,181.294340559176
"PR","2",8,0,0,0.000173166554229505,0.000132226627108564,0.00015330813821235,88.5321873467342
