"Group","Timepoint","n_samples","n_zeros","zero_percent","mean_intensity","median_intensity","sd_intensity","cv_percent"
"PR","1",8,0,0,0.000188305427170986,0.000182207235002362,0.000125893326592737,66.8559204501433
"PR","2",8,0,0,0.000190678299334845,0.000122335803938338,0.000186126268476618,97.6127168775336
