"Group","Timepoint","n_samples","n_zeros","zero_percent","mean_intensity","median_intensity","sd_intensity","cv_percent"
"PR","1",8,0,0,0.000139736763085466,0.000137507836958842,8.42818900053764e-06,6.03147576517341
"PR","2",8,0,0,0.000132321051070928,0.000131303991217359,9.09461858723924e-06,6.87314566626608
