"Group","Timepoint","n_samples","n_zeros","zero_percent","mean_intensity","median_intensity","sd_intensity","cv_percent"
"PR","1",8,0,0,9.97146336204872e-05,0.000113119476952698,2.53271205024874e-05,25.3996024283478
"PR","2",8,0,0,0.000129561552624563,0.000129874589587312,1.31659066061724e-05,10.1618932001563
