"Group","Timepoint","n_samples","n_zeros","zero_percent","mean_intensity","median_intensity","sd_intensity","cv_percent"
"PR","1",8,0,0,0.000305983088222326,0.000308614178734517,1.97242621010763e-05,6.44619355130659
"PR","2",8,0,0,0.000294179233885091,0.000300447058503617,1.62958032309813e-05,5.53941317195304
