"Group","Timepoint","n_samples","n_zeros","zero_percent","mean_intensity","median_intensity","sd_intensity","cv_percent"
"PR","1",8,0,0,0.000409353303162738,0.000353825608164043,0.000162788420417637,39.7672179899134
"PR","2",8,0,0,0.00060489979851121,0.00032222435645869,0.000891283285751392,147.343954807893
