"Group","Timepoint","n_samples","n_zeros","zero_percent","mean_intensity","median_intensity","sd_intensity","cv_percent"
"PR","1",8,0,0,0.000164907849116351,0.000167722059095035,2.82868614092692e-05,17.1531322255689
"PR","2",8,0,0,0.000172325303284948,0.000170706547419432,3.8691502666267e-05,22.4525951376326
