"Group","Timepoint","n_samples","n_zeros","zero_percent","mean_intensity","median_intensity","sd_intensity","cv_percent"
"PR","1",8,0,0,2.98484791858695e-05,2.91336211926421e-05,1.03202145625953e-05,34.5753446878493
"PR","2",8,0,0,3.97761327227636e-05,4.33583172749357e-05,1.12494443582945e-05,28.2818956702055
