"Group","Timepoint","n_samples","n_zeros","zero_percent","mean_intensity","median_intensity","sd_intensity","cv_percent"
"PR","1",8,0,0,0.000112851528348429,0.000111965834607517,7.99668653235762e-06,7.08602413222781
"PR","2",8,0,0,0.000103253737747099,0.000107603483409769,1.64434794685115e-05,15.9253115938396
