"Group","Timepoint","n_samples","n_zeros","zero_percent","mean_intensity","median_intensity","sd_intensity","cv_percent"
"PR","1",8,0,0,0.0134030230741871,0.0134527179215136,0.000493919833190433,3.6851375279781
"PR","2",8,0,0,0.0132639097713578,0.0133015193317887,0.000367623033006298,2.7716038433867
