"Group","Timepoint","n_samples","n_zeros","zero_percent","mean_intensity","median_intensity","sd_intensity","cv_percent"
"PR","1",8,0,0,0.00125708442585087,0.000927583956593109,0.000997784120613924,79.37288061926
"PR","2",8,0,0,0.000846222777066576,0.000986300169680335,0.000370734167612042,43.8104690229668
