"Group","Timepoint","n_samples","n_zeros","zero_percent","mean_intensity","median_intensity","sd_intensity","cv_percent"
"PR","1",8,0,0,0.00722350844684414,0.00652949546616976,0.00586043883057274,81.1300889823573
"PR","2",8,0,0,0.00325525668938295,0.00216243196870318,0.00413821714535983,127.124142279061
