"Group","Timepoint","n_samples","n_zeros","zero_percent","mean_intensity","median_intensity","sd_intensity","cv_percent"
"PR","1",8,0,0,0.000118650836236186,0.0001205592507497,1.94924750883406e-05,16.4284346462919
"PR","2",8,0,0,9.66534693709241e-05,0.000124644117666964,5.3165484755669e-05,55.0062869979736
