"Group","Timepoint","n_samples","n_zeros","zero_percent","mean_intensity","median_intensity","sd_intensity","cv_percent"
"PR","1",8,0,0,0.000804531469431468,0.000785801004605526,0.000104810050527559,13.0274643702407
"PR","2",8,0,0,0.000800699770883619,0.000788511864732471,0.000165543255169709,20.6748223478349
