"Group","Timepoint","n_samples","n_zeros","zero_percent","mean_intensity","median_intensity","sd_intensity","cv_percent"
"PR","1",8,0,0,9.10625474550112e-05,9.28721243951893e-05,9.91644727969279e-06,10.8897099376579
"PR","2",8,0,0,0.000108344864445433,0.000104126076392651,1.88295254882574e-05,17.3792505852834
