"Group","Timepoint","n_samples","n_zeros","zero_percent","mean_intensity","median_intensity","sd_intensity","cv_percent"
"PR","1",8,0,0,0.000173468558821366,0.000172763001959016,1.83994897557634e-05,10.6068153680292
"PR","2",8,0,0,0.000167876415818963,0.000174729088905588,3.61696833429949e-05,21.545422664968
