"Group","Timepoint","n_samples","n_zeros","zero_percent","mean_intensity","median_intensity","sd_intensity","cv_percent"
"PR","1",8,0,0,0.000487915133653231,0.000499882766352896,5.66697730909995e-05,11.6146782877359
"PR","2",8,0,0,0.000466810053048269,0.000434988189201209,0.000141701204875257,30.3552170631177
