"Group","Timepoint","n_samples","n_zeros","zero_percent","mean_intensity","median_intensity","sd_intensity","cv_percent"
"PR","1",8,0,0,0.000125310268345038,0.000124928672458653,3.04298904991499e-05,24.2836368487872
"PR","2",8,0,0,0.000132426465671663,0.000110064474815944,5.7082201320156e-05,43.1048288049046
