"Group","Timepoint","n_samples","n_zeros","zero_percent","mean_intensity","median_intensity","sd_intensity","cv_percent"
"PR","1",8,0,0,0.000246439177832758,0.000244364042697864,3.16010337441991e-05,12.8230559857024
"PR","2",8,0,0,0.000258762704615559,0.000255100555082585,2.12467665430805e-05,8.21090758602427
