"Group","Timepoint","n_samples","n_zeros","zero_percent","mean_intensity","median_intensity","sd_intensity","cv_percent"
"PR","1",8,0,0,0.000135649331485566,0.0001326777680673,2.0603698473615e-05,15.1889421407192
"PR","2",8,0,0,0.00015718393648839,0.000156798349084076,2.0881716010554e-05,13.2848918770375
