"Group","Timepoint","n_samples","n_zeros","zero_percent","mean_intensity","median_intensity","sd_intensity","cv_percent"
"PR","1",8,0,0,0.0769114835301078,0.0770885254149987,0.00367384101873272,4.77671324243089
"PR","2",8,0,0,0.0779825497837263,0.077894557503617,0.00339688445222113,4.35595458425239
