"Group","Timepoint","n_samples","n_zeros","zero_percent","mean_intensity","median_intensity","sd_intensity","cv_percent"
"PR","1",8,0,0,0.00140423017247608,0.00139214554564513,0.000153965715999761,10.9644215754369
"PR","2",8,0,0,0.00137327441154103,0.00133129578129535,0.000167955956302808,12.2303273760366
