"Group","Timepoint","n_samples","n_zeros","zero_percent","mean_intensity","median_intensity","sd_intensity","cv_percent"
"PR","1",8,0,0,0.00280770314701972,0.0027643055226342,0.000181134723586088,6.45134881080133
"PR","2",8,0,0,0.00270821850469173,0.00276652113444285,0.000137201414085484,5.06611316065509
