"Group","Timepoint","n_samples","n_zeros","zero_percent","mean_intensity","median_intensity","sd_intensity","cv_percent"
"PR","1",8,0,0,0.00405559857295211,0.00402483812452229,0.00265456380948218,65.4543037663094
"PR","2",8,0,0,0.00199697478536083,0.00184594658832622,0.00122522293388655,61.3539511298919
