"Group","Timepoint","n_samples","n_zeros","zero_percent","mean_intensity","median_intensity","sd_intensity","cv_percent"
"PR","1",8,0,0,0.00165360396148821,0.00158878535814829,0.000929292685677338,56.1980200410862
"PR","2",8,0,0,0.000801704450934359,0.000819422110567863,0.000360900003735607,45.016589756361
