"Group","Timepoint","n_samples","n_zeros","zero_percent","mean_intensity","median_intensity","sd_intensity","cv_percent"
"PR","1",8,0,0,0.0292934976035521,0.0292645165478089,0.00105085028135493,3.5873158459149
"PR","2",8,0,0,0.0304905976802732,0.0302070965473796,0.00137325210322607,4.50385432790168
