"Group","Timepoint","n_samples","n_zeros","zero_percent","mean_intensity","median_intensity","sd_intensity","cv_percent"
"PR","1",8,0,0,0.000119722115391092,0.00012019847524716,1.26141638468698e-05,10.5362019420251
"PR","2",8,0,0,0.000130450133251438,0.000125123999971771,1.91759771244034e-05,14.6998524619691
