"Group","Timepoint","n_samples","n_zeros","zero_percent","mean_intensity","median_intensity","sd_intensity","cv_percent"
"PR","1",8,0,0,0.000586400892031126,0.000551262560445285,0.000128419040666823,21.8995302380964
"PR","2",8,0,0,0.000645005295630494,0.000657105198121946,0.000165381404395234,25.6403172990345
