"Group","Timepoint","n_samples","n_zeros","zero_percent","mean_intensity","median_intensity","sd_intensity","cv_percent"
"PR","1",8,0,0,0.00171959851946787,0.00190680823732872,0.000650026850323807,37.8010822273188
"PR","2",8,0,0,0.00157514957227974,0.00154149410528698,0.000744152566995162,47.2432954997496
