"Group","Timepoint","n_samples","n_zeros","zero_percent","mean_intensity","median_intensity","sd_intensity","cv_percent"
"PR","1",8,0,0,0.000416343316355724,0.000304817929771215,0.000419481270086419,100.75369379246
"PR","2",8,0,0,0.000398110675778271,0.000186935456163994,0.000540549298256974,135.778649291494
