"Group","Timepoint","n_samples","n_zeros","zero_percent","mean_intensity","median_intensity","sd_intensity","cv_percent"
"PR","1",8,0,0,0.000233261137279682,0.000218861266134702,3.27443159458832e-05,14.0376216663226
"PR","2",8,0,0,0.000220642984290744,0.000219426038173999,9.32690149312992e-06,4.22714618509679
