"Group","Timepoint","n_samples","n_zeros","zero_percent","mean_intensity","median_intensity","sd_intensity","cv_percent"
"PR","1",8,0,0,0.00142309459720397,0.0014893310656101,0.000253674446233709,17.8255505102835
"PR","2",8,0,0,0.00191249997699919,0.00190463058817111,0.000377219448240857,19.7238929556869
