"Group","Timepoint","n_samples","n_zeros","zero_percent","mean_intensity","median_intensity","sd_intensity","cv_percent"
"PR","1",8,0,0,0.00037524988459708,0.000380200289431745,0.000213531649762324,56.9038548783569
"PR","2",8,0,0,0.000371477164481103,0.000328943051148087,0.000132845641253547,35.7614556036338
