"Group","Timepoint","n_samples","n_zeros","zero_percent","mean_intensity","median_intensity","sd_intensity","cv_percent"
"PR","1",8,0,0,9.84107359755958e-05,9.70563172969647e-05,1.54002790303008e-05,15.6489826822551
"PR","2",8,0,0,9.18752182170156e-05,9.25997607912876e-05,2.28382298511374e-05,24.8578782117197
