"Group","Timepoint","n_samples","n_zeros","zero_percent","mean_intensity","median_intensity","sd_intensity","cv_percent"
"PR","1",8,0,0,0.000194757644744351,0.000187083446932931,5.39037357252485e-05,27.6773401095527
"PR","2",8,0,0,0.000202660669730293,0.000210026329039915,6.87280222244021e-05,33.9128565576475
