"Group","Timepoint","n_samples","n_zeros","zero_percent","mean_intensity","median_intensity","sd_intensity","cv_percent"
"PR","1",8,0,0,0.000318063461967102,0.00030883774698906,3.01537967356257e-05,9.48043404581458
"PR","2",8,0,0,0.00028745346840993,0.000284075344090198,3.08462778697699e-05,10.7308769104086
