"Group","Timepoint","n_samples","n_zeros","zero_percent","mean_intensity","median_intensity","sd_intensity","cv_percent"
"PR","1",8,0,0,8.45492161600291e-05,8.83261438324166e-05,1.65974842848396e-05,19.6305596179922
"PR","2",8,0,0,9.07945155910694e-05,9.13155926334769e-05,1.22951975836828e-05,13.5417844388964
