"Group","Timepoint","n_samples","n_zeros","zero_percent","mean_intensity","median_intensity","sd_intensity","cv_percent"
"PR","1",8,0,0,0.000314988781097645,0.000278527287565072,0.000193663909433204,61.4827959136643
"PR","2",8,0,0,0.000419546656030397,0.000289859268238433,0.000378889720439351,90.3093172102175
