"Group","Timepoint","n_samples","n_zeros","zero_percent","mean_intensity","median_intensity","sd_intensity","cv_percent"
"PR","1",8,0,0,0.000160594126669297,0.000160699510380833,8.71994634823308e-05,54.2980402153162
"PR","2",8,0,0,0.000137526320969565,0.000134363676259733,4.32394783748114e-05,31.4408747867112
