"Group","Timepoint","n_samples","n_zeros","zero_percent","mean_intensity","median_intensity","sd_intensity","cv_percent"
"PR","1",8,0,0,0.000465742303286296,0.000437630280900839,0.000101473870968833,21.7875572506146
"PR","2",8,0,0,0.000538661535983948,0.000459192509162663,0.000190558357787233,35.3762697087976
