"Group","Timepoint","n_samples","n_zeros","zero_percent","mean_intensity","median_intensity","sd_intensity","cv_percent"
"PR","1",8,0,0,0.000171459849241548,0.000166133960978261,4.39435001762207e-05,25.6290323189975
"PR","2",8,0,0,0.000225348489880442,0.000232082351318679,6.36329507547993e-05,28.2375758491035
