"Group","Timepoint","n_samples","n_zeros","zero_percent","mean_intensity","median_intensity","sd_intensity","cv_percent"
"PR","1",8,0,0,9.96103473558968e-05,0.000100153081762231,5.7970245146707e-06,5.8197011340183
"PR","2",8,0,0,0.000105124197724199,0.000104007569122399,5.65586116474631e-06,5.38017058601947
