"Group","Timepoint","n_samples","n_zeros","zero_percent","mean_intensity","median_intensity","sd_intensity","cv_percent"
"PR","1",8,0,0,0.000358342610002647,0.000364593243910946,0.00020223749415525,56.4369094018031
"PR","2",8,0,0,0.000533922898934144,0.000328882560458104,0.000566380939986114,106.079162575114
