"Group","Timepoint","n_samples","n_zeros","zero_percent","mean_intensity","median_intensity","sd_intensity","cv_percent"
"PR","1",8,0,0,4.22501621427405e-05,4.10010032138469e-05,5.34198862103765e-06,12.6437115270468
"PR","2",8,0,0,3.450802908705e-05,4.02666395210162e-05,1.19573637060047e-05,34.6509610150178
