"Group","Timepoint","n_samples","n_zeros","zero_percent","mean_intensity","median_intensity","sd_intensity","cv_percent"
"PR","1",8,0,0,0.000968076471002179,0.000984080514333102,0.000108526575970037,11.2105375164926
"PR","2",8,0,0,0.00105526879203605,0.00105711456607033,8.55653668497284e-05,8.10839546241457
