"Group","Timepoint","n_samples","n_zeros","zero_percent","mean_intensity","median_intensity","sd_intensity","cv_percent"
"PR","1",8,0,0,0.000667074180438745,0.000629329931083229,8.99133602157555e-05,13.4787648588974
"PR","2",8,0,0,0.000902848387388056,0.000868051824303563,0.000170330348913851,18.8658861546641
