"Group","Timepoint","n_samples","n_zeros","zero_percent","mean_intensity","median_intensity","sd_intensity","cv_percent"
"PR","1",8,0,0,0.000161544567855764,0.000149480824624789,7.69323773646268e-05,47.6230048374738
"PR","2",8,0,0,0.000160205960047129,0.000138537092640312,7.39236901174909e-05,46.1429088504225
