"Group","Timepoint","n_samples","n_zeros","zero_percent","mean_intensity","median_intensity","sd_intensity","cv_percent"
"PR","1",8,0,0,0.000136424083485752,0.000141941561669309,4.12846454408344e-05,30.2619921541537
"PR","2",8,0,0,0.000141790704361855,0.000157007521367748,3.78455510817544e-05,26.6911369487037
