"Group","Timepoint","n_samples","n_zeros","zero_percent","mean_intensity","median_intensity","sd_intensity","cv_percent"
"PR","1",8,0,0,0.00441718987624885,0.00438387212979017,0.000205624117630188,4.6550889454815
"PR","2",8,0,0,0.0045330610435828,0.00449949965544785,0.000275386117130505,6.07505865204161
