"Group","Timepoint","n_samples","n_zeros","zero_percent","mean_intensity","median_intensity","sd_intensity","cv_percent"
"PR","1",8,0,0,0.000108318475561689,0.000110619292033172,1.05384681969023e-05,9.72915113719493
"PR","2",8,0,0,0.000116262789432602,0.000110367804185712,1.82253536365982e-05,15.6759989378747
