"Group","Timepoint","n_samples","n_zeros","zero_percent","mean_intensity","median_intensity","sd_intensity","cv_percent"
"PR","1",8,0,0,1.90992424023376e-05,1.71685310807814e-05,5.50387877445929e-06,28.8172622689246
"PR","2",8,0,0,2.75366211221623e-05,3.12649737211299e-05,1.42169720412195e-05,51.6293265544378
