"Group","Timepoint","n_samples","n_zeros","zero_percent","mean_intensity","median_intensity","sd_intensity","cv_percent"
"PR","1",8,0,0,0.000234394870267884,0.000236619392695315,1.31299843277924e-05,5.60165173955663
"PR","2",8,0,0,0.00025242116921147,0.00024163626023989,2.59372092253984e-05,10.2753700517365
