"Group","Timepoint","n_samples","n_zeros","zero_percent","mean_intensity","median_intensity","sd_intensity","cv_percent"
"PR","1",8,0,0,0.000213073161809636,0.000224756126644586,0.000133929892964152,62.8562939727754
"PR","2",8,0,0,0.0003393519269227,0.000434982163452798,0.000204385354071448,60.2281401272267
