"Group","Timepoint","n_samples","n_zeros","zero_percent","mean_intensity","median_intensity","sd_intensity","cv_percent"
"PR","1",8,0,0,3.30712842254719e-05,3.48885042605526e-05,1.77399480534284e-05,53.6415457364215
"PR","2",8,0,0,2.36406532419965e-05,2.38723516721614e-05,8.76911029734869e-06,37.0933502030764
