"Group","Timepoint","n_samples","n_zeros","zero_percent","mean_intensity","median_intensity","sd_intensity","cv_percent"
"PR","1",8,0,0,0.00012390089824665,0.00012373757884539,1.38431777066401e-05,11.17278236279
"PR","2",8,0,0,0.000142723942754885,0.00014099690524833,1.30575579778268e-05,9.14882095168286
