"Group","Timepoint","n_samples","n_zeros","zero_percent","mean_intensity","median_intensity","sd_intensity","cv_percent"
"PR","1",8,0,0,4.48346114470894e-05,4.48794548415605e-05,3.29687145198978e-06,7.35340698977734
"PR","2",8,0,0,4.00256109784377e-05,4.32914028063066e-05,1.09526522565918e-05,27.3641101006357
