"Group","Timepoint","n_samples","n_zeros","zero_percent","mean_intensity","median_intensity","sd_intensity","cv_percent"
"PR","1",8,0,0,0.000265906416678699,0.000272084809518619,2.82134402946701e-05,10.6102893819073
"PR","2",8,0,0,0.000253502013584817,0.000258576898491463,7.83109912097012e-05,30.8916643707446
