"Group","Timepoint","n_samples","n_zeros","zero_percent","mean_intensity","median_intensity","sd_intensity","cv_percent"
"PR","1",8,0,0,0.000145170337528743,0.000124075788386214,6.57820919267729e-05,45.3137280291494
"PR","2",8,0,0,0.000118855732170893,0.000118050901626967,6.27136263937824e-05,52.7644946089867
