"Group","Timepoint","n_samples","n_zeros","zero_percent","mean_intensity","median_intensity","sd_intensity","cv_percent"
"PR","1",8,0,0,0.000227886962696931,0.000229011010261376,1.41847391670172e-05,6.22446277713643
"PR","2",8,0,0,0.000223432062134703,0.000219574034004068,1.76495316366785e-05,7.8992833293719
