"Group","Timepoint","n_samples","n_zeros","zero_percent","mean_intensity","median_intensity","sd_intensity","cv_percent"
"PR","1",8,0,0,0.000231548234228113,0.000212330414588114,0.000170941483950467,73.8254318890901
"PR","2",8,0,0,0.000284845953316514,0.000130790774123737,0.00042000923684648,147.451361676806
