"Group","Timepoint","n_samples","n_zeros","zero_percent","mean_intensity","median_intensity","sd_intensity","cv_percent"
"PR","1",8,0,0,0.000475278757284337,0.000466234444448493,2.39452321715907e-05,5.03814483702358
"PR","2",8,0,0,0.000455791248619724,0.000460704621454064,3.15449892682313e-05,6.92092912353171
