"Group","Timepoint","n_samples","n_zeros","zero_percent","mean_intensity","median_intensity","sd_intensity","cv_percent"
"PR","1",8,0,0,0.000119597553485692,0.000120320374204807,1.61836722253101e-05,13.5317753195061
"PR","2",8,0,0,0.000119333247870092,0.000116782452163901,8.42824280994154e-06,7.06277836258729
