"Group","Timepoint","n_samples","n_zeros","zero_percent","mean_intensity","median_intensity","sd_intensity","cv_percent"
"PR","1",8,0,0,0.000184550044523345,0.000182737212561513,7.65497959621491e-06,4.1479153342857
"PR","2",8,0,0,0.000192920510343523,0.000192855376154347,1.23189389498885e-05,6.38549987658277
