"Group","Timepoint","n_samples","n_zeros","zero_percent","mean_intensity","median_intensity","sd_intensity","cv_percent"
"PR","1",8,0,0,0.000127590366462245,0.000127983627393072,9.31663398635465e-06,7.30198857851196
"PR","2",8,0,0,0.000113421745131637,0.000111524540298032,1.79808806764928e-05,15.8531158691169
