"Group","Timepoint","n_samples","n_zeros","zero_percent","mean_intensity","median_intensity","sd_intensity","cv_percent"
"PR","1",8,0,0,0.000100006887908737,0.000100684628672043,3.92965214741274e-05,39.2938149520144
"PR","2",8,0,0,0.000125351404105088,9.62775205048643e-05,6.73779064796881e-05,53.7512179944966
