"Group","Timepoint","n_samples","n_zeros","zero_percent","mean_intensity","median_intensity","sd_intensity","cv_percent"
"PR","1",8,0,0,0.000156686900535274,0.000134406581669806,5.47775590886752e-05,34.9598842669962
"PR","2",8,0,0,0.000258332479668726,0.000175573307845692,0.000168446582528846,65.2053441924353
