"Group","Timepoint","n_samples","n_zeros","zero_percent","mean_intensity","median_intensity","sd_intensity","cv_percent"
"PR","1",8,0,0,0.000129305972815824,0.000122805737502115,2.11327574896669e-05,16.3432183598876
"PR","2",8,0,0,0.000135607650369116,0.000125396054004408,2.53654129903429e-05,18.7050014665837
