"Group","Timepoint","n_samples","n_zeros","zero_percent","mean_intensity","median_intensity","sd_intensity","cv_percent"
"PR","1",8,0,0,0.00012815382225051,0.000102536494323293,9.79972028760294e-05,76.4684198684829
"PR","2",8,0,0,0.000145852158316128,0.000104186359738264,0.000122496420580284,83.9867040669897
