"Group","Timepoint","n_samples","n_zeros","zero_percent","mean_intensity","median_intensity","sd_intensity","cv_percent"
"PR","1",8,0,0,0.000153725933956327,0.000147392461365533,2.00346118687501e-05,13.0326818339201
"PR","2",8,0,0,0.000133709626328082,0.00013410232844567,6.03629808554909e-06,4.51448280226129
