"Group","Timepoint","n_samples","n_zeros","zero_percent","mean_intensity","median_intensity","sd_intensity","cv_percent"
"PR","1",8,0,0,0.0027732747170501,0.00281813374140214,0.000147041313185111,5.30208249046158
"PR","2",8,0,0,0.00286442292798798,0.00288056099770232,0.000148744189710781,5.19281521794203
