"Group","Timepoint","n_samples","n_zeros","zero_percent","mean_intensity","median_intensity","sd_intensity","cv_percent"
"PR","1",8,0,0,0.00020170174600249,0.000196811776636733,4.44298899381998e-05,22.0275187591343
"PR","2",8,0,0,0.000252601237510028,0.000250037992828995,6.74468688136992e-05,26.7009257272628
