"Group","Timepoint","n_samples","n_zeros","zero_percent","mean_intensity","median_intensity","sd_intensity","cv_percent"
"PR","1",8,0,0,0.00602124556146552,0.00586822438341987,0.00105228664009415,17.4762286200138
"PR","2",8,0,0,0.00725157444647576,0.00713587712373509,0.00141355783219788,19.4931161864424
