"Group","Timepoint","n_samples","n_zeros","zero_percent","mean_intensity","median_intensity","sd_intensity","cv_percent"
"PR","1",8,0,0,0.00192138290719735,0.00197445678603806,0.000579521786772077,30.1617020012635
"PR","2",8,0,0,0.00179095238202739,0.00165108993966606,0.000568256206990622,31.7292750322791
