"Group","Timepoint","n_samples","n_zeros","zero_percent","mean_intensity","median_intensity","sd_intensity","cv_percent"
"PR","1",8,0,0,0.000347101379009346,0.000286149215417415,0.000217682737867704,62.7144549206306
"PR","2",8,0,0,0.000261866182071142,0.000262762110646224,0.000144930153706731,55.3451203818895
