"Group","Timepoint","n_samples","n_zeros","zero_percent","mean_intensity","median_intensity","sd_intensity","cv_percent"
"PR","1",8,0,0,0.000400334456602399,0.000353862145146529,0.000271084429056975,67.7144883699604
"PR","2",8,0,0,0.00036764994259359,0.000356143390493436,0.000205481063994075,55.8904110101328
