"Group","Timepoint","n_samples","n_zeros","zero_percent","mean_intensity","median_intensity","sd_intensity","cv_percent"
"PR","1",8,0,0,0.000496646565157718,0.000462451812946399,0.000109711609183297,22.0904798059876
"PR","2",8,0,0,0.000487180188059317,0.000516095002001316,0.000101829336672853,20.901781141489
