"Group","Timepoint","n_samples","n_zeros","zero_percent","mean_intensity","median_intensity","sd_intensity","cv_percent"
"PR","1",8,0,0,0.00766766875545013,0.00465343008812426,0.00862253661548187,112.453170454879
"PR","2",8,0,0,0.0061019266689358,0.0061442462633829,0.0019841906767445,32.5174454626895
