"Group","Timepoint","n_samples","n_zeros","zero_percent","mean_intensity","median_intensity","sd_intensity","cv_percent"
"PR","1",8,0,0,0.000100631400383095,0.000100125663523623,8.06702127450127e-06,8.01640565846325
"PR","2",8,0,0,9.70457958938838e-05,9.87592812608081e-05,9.03667466177205e-06,9.31176315113468
