"Group","Timepoint","n_samples","n_zeros","zero_percent","mean_intensity","median_intensity","sd_intensity","cv_percent"
"PR","1",8,0,0,0.00603481811180055,0.00646443427018405,0.00291651817520204,48.3281868843577
"PR","2",8,0,0,0.00603418423017409,0.00670755665838367,0.00368474035420966,61.0644324676734
