"Group","Timepoint","n_samples","n_zeros","zero_percent","mean_intensity","median_intensity","sd_intensity","cv_percent"
"PR","1",8,0,0,0.000317412421332845,0.000349497398925194,9.10844468777356e-05,28.695930201869
"PR","2",8,0,0,0.000339348118786019,0.000382427177921694,7.01634239951036e-05,20.6759431129619
