"Group","Timepoint","n_samples","n_zeros","zero_percent","mean_intensity","median_intensity","sd_intensity","cv_percent"
"PR","1",8,0,0,9.94735461470806e-05,9.58453030933546e-05,1.61618398732187e-05,16.2473748038719
"PR","2",8,0,0,0.000112528916951596,0.000111389831122424,1.18440780848671e-05,10.5253639737436
