"Group","Timepoint","n_samples","n_zeros","zero_percent","mean_intensity","median_intensity","sd_intensity","cv_percent"
"PR","1",8,0,0,0.000744619861105132,0.000752795299602163,7.50199051384522e-05,10.0749266917365
"PR","2",8,0,0,0.00065547848789087,0.000651313370871187,9.15785267139502e-05,13.9712482416657
