"Group","Timepoint","n_samples","n_zeros","zero_percent","mean_intensity","median_intensity","sd_intensity","cv_percent"
"PR","1",8,0,0,2.62351960745332e-05,1.15130149151747e-06,3.60748904070329e-05,137.50570151847
"PR","2",8,0,0,2.74050488513099e-06,1.2086648435811e-06,3.12484015264346e-06,114.024250407206
