"Group","Timepoint","n_samples","n_zeros","zero_percent","mean_intensity","median_intensity","sd_intensity","cv_percent"
"PR","1",8,0,0,0.00109673838921496,0.00113061216359119,0.000446465801564131,40.708504959301
"PR","2",8,0,0,0.000860422061331729,0.000996397178109096,0.000354851890917027,41.2416076788873
