"Group","Timepoint","n_samples","n_zeros","zero_percent","mean_intensity","median_intensity","sd_intensity","cv_percent"
"PR","1",8,0,0,0.000174991645244429,0.000173951538590294,1.68251364232216e-05,9.61482269608938
"PR","2",8,0,0,0.000188356253840376,0.000193053018470581,1.48884333895531e-05,7.90440088183665
