"Group","Timepoint","n_samples","n_zeros","zero_percent","mean_intensity","median_intensity","sd_intensity","cv_percent"
"PR","1",8,0,0,0.00514446818467508,0.00455527625272777,0.00284944103633272,55.388447047276
"PR","2",8,0,0,0.00143421180763082,0.000954917185000065,0.00104378544267774,72.777635571274
