"Group","Timepoint","n_samples","n_zeros","zero_percent","mean_intensity","median_intensity","sd_intensity","cv_percent"
"PR","1",8,0,0,5.38707884625277e-05,5.55469987607281e-05,1.35901120464698e-05,25.2272380529997
"PR","2",8,0,0,5.01982377626613e-05,4.46937707516338e-05,1.18196816450744e-05,23.5460091267708
