"Group","Timepoint","n_samples","n_zeros","zero_percent","mean_intensity","median_intensity","sd_intensity","cv_percent"
"PR","1",8,0,0,0.000200878273722801,0.000234280473816033,8.22705801276807e-05,40.955439631669
"PR","2",8,0,0,0.00024666725039423,0.000253761477358877,0.000122140102102447,49.5161404309811
