"Group","Timepoint","n_samples","n_zeros","zero_percent","mean_intensity","median_intensity","sd_intensity","cv_percent"
"PR","1",8,0,0,0.0130503988328337,0.0130946939642163,0.000631066917231866,4.83561403230188
"PR","2",8,0,0,0.012920220683708,0.0129608702553672,0.000757142212538522,5.86013374750833
