"Group","Timepoint","n_samples","n_zeros","zero_percent","mean_intensity","median_intensity","sd_intensity","cv_percent"
"Healthy","1",4,0,0,0.000186941805732906,0.000143225757552874,0.000167454512656885,89.5757436387105
"TR","1",10,0,0,0.000168927126047976,9.86528135292939e-05,0.000118461967488455,70.1260775932525
