"Group","Timepoint","n_samples","n_zeros","zero_percent","mean_intensity","median_intensity","sd_intensity","cv_percent"
"Healthy","1",4,0,0,0.000138188027685051,0.000118533713662566,0.000104699827733896,75.7662074550488
"TR","1",10,0,0,0.000301636854006562,0.000307068151033837,0.0001575655251609,52.2368281819675
