"Group","Timepoint","n_samples","n_zeros","zero_percent","mean_intensity","median_intensity","sd_intensity","cv_percent"
"Healthy","1",4,0,0,0.00101895083565097,0.00099285463537896,0.000273080191169177,26.8001341786737
"TR","1",10,0,0,0.00109260074072672,0.00114467247087941,0.000312357241491697,28.5884156809138
