"Group","Timepoint","n_samples","n_zeros","zero_percent","mean_intensity","median_intensity","sd_intensity","cv_percent"
"Healthy","1",4,0,0,0.000594102880795849,0.00058093006414661,5.48713197036049e-05,9.23599623521441
"TR","1",10,0,0,0.000637572146161469,0.000633161279703446,8.99371821218414e-05,14.1061968693758
