"Group","Timepoint","n_samples","n_zeros","zero_percent","mean_intensity","median_intensity","sd_intensity","cv_percent"
"Healthy","1",4,0,0,0.000852243576774658,0.000814912910229769,0.000100756602013593,11.8225123379526
"TR","1",10,0,0,0.000820186753845995,0.000808196546409545,0.000120611608003942,14.7053835529986
