"Group","Timepoint","n_samples","n_zeros","zero_percent","mean_intensity","median_intensity","sd_intensity","cv_percent"
"Healthy","1",4,0,0,0.000442234680550482,0.00040661341134641,0.000167933382690308,37.9738157308851
"TR","1",10,0,0,0.00037616060528919,0.00037583238924912,8.48693975190262e-05,22.5620110999606
