"Group","Timepoint","n_samples","n_zeros","zero_percent","mean_intensity","median_intensity","sd_intensity","cv_percent"
"Healthy","1",4,0,0,0.000160449269406662,0.000154620203065682,1.5558768592543e-05,9.69700183121994
"TR","1",10,0,0,0.000181644372671437,0.000180342811051751,2.55138022888082e-05,14.0460185545953
