"Group","Timepoint","n_samples","n_zeros","zero_percent","mean_intensity","median_intensity","sd_intensity","cv_percent"
"Healthy","1",4,0,0,0.0018326300277898,0.00167820852011195,0.00145044187102186,79.1453729900484
"TR","1",10,0,0,0.00138295385873813,0.00127817706185226,0.000688143900679987,49.7589920539996
