"Group","Timepoint","n_samples","n_zeros","zero_percent","mean_intensity","median_intensity","sd_intensity","cv_percent"
"Healthy","1",4,0,0,0.0040777965572643,0.00287640367093839,0.00339601585604551,83.2806592569153
"TR","1",10,0,0,0.00310550339433865,0.001627781313486,0.00324526917942949,104.500583877823
