"Group","Timepoint","n_samples","n_zeros","zero_percent","mean_intensity","median_intensity","sd_intensity","cv_percent"
"Healthy","1",4,0,0,0.00107532345803915,0.000883625729248812,0.000981975433498123,91.3190748473725
"TR","1",10,0,0,0.000636507597701827,0.000550028534009379,0.00033085050420588,51.9790345630513
