"Group","Timepoint","n_samples","n_zeros","zero_percent","mean_intensity","median_intensity","sd_intensity","cv_percent"
"Healthy","1",4,0,0,0.000373278801692171,0.000375933700066485,0.000355041117948381,95.1141924853181
"TR","1",10,0,0,0.000220204825415083,0.0001161257455516,0.000181532877281303,82.4381922326706
