"Group","Timepoint","n_samples","n_zeros","zero_percent","mean_intensity","median_intensity","sd_intensity","cv_percent"
"Healthy","1",4,0,0,0.000904847886879403,0.000776392739497242,0.000641369066326828,70.8814238975295
"TR","1",10,0,0,0.000605432932474819,0.000392210279171921,0.000484218665174519,79.9789108258756
