"Group","Timepoint","n_samples","n_zeros","zero_percent","mean_intensity","median_intensity","sd_intensity","cv_percent"
"Healthy","1",4,0,0,0.000188250860013994,0.000157492577167792,9.47350377906975e-05,50.3238273565684
"TR","1",10,0,0,0.000313550794978324,0.000307572585758387,0.00020225514874868,64.5047475521986
