"Group","Timepoint","n_samples","n_zeros","zero_percent","mean_intensity","median_intensity","sd_intensity","cv_percent"
"Healthy","1",4,0,0,0.000963911344086387,0.000792452870222948,0.000500366547545943,51.9100175151688
"TR","1",10,0,0,0.00138592997978014,0.00105530875146278,0.000862549856934661,62.2361785601531
