"Group","Timepoint","n_samples","n_zeros","zero_percent","mean_intensity","median_intensity","sd_intensity","cv_percent"
"Healthy","1",4,0,0,0.000674914752190007,0.0008084527378726,0.000438682251836232,64.99817205251
"TR","1",10,0,0,4.24724652829488e-06,1.55028156255693e-06,6.43754161608842e-06,151.569765804785
