"Group","Timepoint","n_samples","n_zeros","zero_percent","mean_intensity","median_intensity","sd_intensity","cv_percent"
"Healthy","1",4,0,0,0.000979061856442435,0.00101488952158127,0.00024931596985676,25.4647822521332
"TR","1",10,0,0,0.00138506056911255,0.00118373701542115,0.000911086900848926,65.7795710286293
