"Group","Timepoint","n_samples","n_zeros","zero_percent","mean_intensity","median_intensity","sd_intensity","cv_percent"
"Healthy","1",4,0,0,0.00080637443057906,0.00077267284460327,0.000739620453478002,91.7217145572037
"TR","1",10,0,0,0.000625575863716247,0.000453758383083075,0.000531387683011073,84.9437636315367
