"Group","Timepoint","n_samples","n_zeros","zero_percent","mean_intensity","median_intensity","sd_intensity","cv_percent"
"Healthy","1",4,0,0,0.000225403404202864,0.000238614441842159,0.000125550660153877,55.7004276833729
"TR","1",10,0,0,0.000544808708329201,0.000480075119902812,0.000449135571440062,82.4391322263285
