"Group","Timepoint","n_samples","n_zeros","zero_percent","mean_intensity","median_intensity","sd_intensity","cv_percent"
"Healthy","1",4,0,0,0.00131282672306374,0.00139079151504115,0.000336406306741648,25.6245779303285
"TR","1",10,0,0,0.00081088532393315,0.000707886114835732,0.000569308575727255,70.2082722333484
