"Group","Timepoint","n_samples","n_zeros","zero_percent","mean_intensity","median_intensity","sd_intensity","cv_percent"
"Healthy","1",4,0,0,0.000542626275818225,0.000477992649023809,0.000363677597462099,67.0217447383488
"TR","1",10,0,0,0.0003807098029632,0.00036366716533096,0.000198040661835608,52.0187975970639
