"Group","Timepoint","n_samples","n_zeros","zero_percent","mean_intensity","median_intensity","sd_intensity","cv_percent"
"Healthy","1",4,0,0,0.00140459775811592,0.00048637561570074,0.00206016512112338,146.672960939851
"TR","1",10,0,0,0.00263497060784459,0.00268536740009819,0.00116409589291128,44.1787050468665
