"Group","Timepoint","n_samples","n_zeros","zero_percent","mean_intensity","median_intensity","sd_intensity","cv_percent"
"Healthy","1",4,0,0,0.00127897749869664,0.00125298461034615,0.000189961134669415,14.8525783184612
"TR","1",10,0,0,0.00104881286158131,0.000811589193121733,0.000511260352550095,48.7465754166344
