"Group","Timepoint","n_samples","n_zeros","zero_percent","mean_intensity","median_intensity","sd_intensity","cv_percent"
"Healthy","1",4,0,0,0.000661975292484517,0.000679090151125612,0.000330801119779853,49.9718227455733
"TR","1",10,0,0,0.00034657947588786,0.000340483262807019,0.000191836746099635,55.3514444582133
