"Group","Timepoint","n_samples","n_zeros","zero_percent","mean_intensity","median_intensity","sd_intensity","cv_percent"
"Healthy","1",4,0,0,0.00396208499445117,0.00352786435612709,0.00157461104808087,39.741980555341
"TR","1",10,0,0,0.00832966494391077,0.00660318335484005,0.0057823589241473,69.4188657417052
