"Group","Timepoint","n_samples","n_zeros","zero_percent","mean_intensity","median_intensity","sd_intensity","cv_percent"
"Healthy","1",4,0,0,0.000453903094216289,0.000422428112474173,0.00040863100518508,90.0260452929108
"TR","1",10,0,0,0.000522790640013276,0.000415849798095347,0.000448974922188573,85.8804438765721
