"Group","Timepoint","n_samples","n_zeros","zero_percent","mean_intensity","median_intensity","sd_intensity","cv_percent"
"Healthy","1",4,0,0,0.000979956426018634,0.000940094296344861,0.0002621157202184,26.7476913522903
"TR","1",10,0,0,0.00170484876290785,0.00159203729945123,0.000874087790044878,51.2706938622521
