"Group","Timepoint","n_samples","n_zeros","zero_percent","mean_intensity","median_intensity","sd_intensity","cv_percent"
"Healthy","1",4,0,0,0.0013404673866317,0.001100752095886,0.00102166587224659,76.2171375772006
"TR","1",10,0,0,0.00204776863541854,0.00194892778885207,0.000833476689334223,40.7017020828562
