"Group","Timepoint","n_samples","n_zeros","zero_percent","mean_intensity","median_intensity","sd_intensity","cv_percent"
"Healthy","1",4,0,0,0.000437427994705802,0.000448515162166032,0.000155318701135904,35.5072613128854
"TR","1",10,0,0,0.000384232856310879,0.000388660009347636,0.000221201256627401,57.569583910968
