"Group","Timepoint","n_samples","n_zeros","zero_percent","mean_intensity","median_intensity","sd_intensity","cv_percent"
"Healthy","1",4,0,0,0.00119579293249476,0.00134432650066518,0.000607386994424722,50.7936598318526
"TR","1",10,0,0,0.0014937007337858,0.00137091390431174,0.000666315200387026,44.6083465928441
