"Group","Timepoint","n_samples","n_zeros","zero_percent","mean_intensity","median_intensity","sd_intensity","cv_percent"
"Healthy","1",4,0,0,0.000679227393186625,0.000555542139917849,0.000544254088495557,80.1284067684852
"TR","1",10,0,0,0.00103209631511234,0.000841848623824395,0.000845199257140764,81.891510003964
