"Group","Timepoint","n_samples","n_zeros","zero_percent","mean_intensity","median_intensity","sd_intensity","cv_percent"
"Healthy","1",4,0,0,0.000184369261746262,0.000165356573709578,0.000126534893655141,68.6312308552192
"TR","1",10,0,0,0.000210285071525539,0.000202615780833313,0.000139102870423541,66.149665030619
