"Group","Timepoint","n_samples","n_zeros","zero_percent","mean_intensity","median_intensity","sd_intensity","cv_percent"
"Healthy","1",4,0,0,0.00354598199828029,0.00368993891173209,0.000494686541331237,13.9506219030764
"TR","1",10,0,0,0.00323616367629293,0.00284852671346645,0.00161954747968518,50.045289474987
