"Group","Timepoint","n_samples","n_zeros","zero_percent","mean_intensity","median_intensity","sd_intensity","cv_percent"
"Healthy","1",4,0,0,0.000630287703491605,0.000596197523006174,0.000487749229740867,77.3851729993909
"TR","1",10,0,0,0.000553437452676919,0.000268722662208175,0.000747551887768928,135.074322157472
