"Group","Timepoint","n_samples","n_zeros","zero_percent","mean_intensity","median_intensity","sd_intensity","cv_percent"
"Healthy","1",4,0,0,0.000371894705173184,0.000305016194546082,0.000162530764638586,43.7034360472807
"TR","1",10,0,0,0.000319106587982369,0.000296440653895549,0.000186882290618218,58.564222004888
