"Group","Timepoint","n_samples","n_zeros","zero_percent","mean_intensity","median_intensity","sd_intensity","cv_percent"
"Healthy","1",4,0,0,0.0001329021564897,0.00010897341220298,0.000110446879238411,83.1039030182859
"TR","1",10,0,0,0.000230049108677543,0.000219548128892153,0.00013146577358099,57.146830229742
