"Group","Timepoint","n_samples","n_zeros","zero_percent","mean_intensity","median_intensity","sd_intensity","cv_percent"
"Healthy","1",4,0,0,0.000678167792214206,0.000567774217669566,0.000249331671208678,36.7654840101761
"TR","1",10,0,0,0.000404228118573106,0.000413989782241801,0.000169347367381659,41.8940097436671
