"Group","Timepoint","n_samples","n_zeros","zero_percent","mean_intensity","median_intensity","sd_intensity","cv_percent"
"Healthy","1",4,0,0,0.00562869005711998,0.00535952200195842,0.00319673409508249,56.7935711975968
"TR","1",10,0,0,0.0069336847017582,0.00637759062289467,0.00420824544830172,60.692772015356
