"Group","Timepoint","n_samples","n_zeros","zero_percent","mean_intensity","median_intensity","sd_intensity","cv_percent"
"Healthy","1",4,0,0,0.000498494270288521,0.000544723544247187,0.000388544928405274,77.9437100009977
"TR","1",10,0,0,0.00051841692749919,0.000370838146379755,0.00063142811177764,121.799285147499
