"Group","Timepoint","n_samples","n_zeros","zero_percent","mean_intensity","median_intensity","sd_intensity","cv_percent"
"Healthy","1",4,0,0,0.00144572941205723,0.00104974831509303,0.00119839290152825,82.8919223427136
"TR","1",10,0,0,0.00170818065602084,0.000927071893368423,0.00173816239351128,101.755185400605
