"Group","Timepoint","n_samples","n_zeros","zero_percent","mean_intensity","median_intensity","sd_intensity","cv_percent"
"Healthy","1",4,0,0,0.000294578689718714,0.000310586979164094,0.000122459294422945,41.5709956955401
"TR","1",10,0,0,0.000268546166412062,0.000253353392799948,5.23051340966547e-05,19.4771479315764
