"Group","Timepoint","n_samples","n_zeros","zero_percent","mean_intensity","median_intensity","sd_intensity","cv_percent"
"Healthy","1",4,0,0,0.000838608801943744,0.000744620702169445,0.000307751638301969,36.6978783896206
"TR","1",10,0,0,0.00087500652666719,0.000783823426879702,0.000503828861538264,57.5800118265741
