"Group","Timepoint","n_samples","n_zeros","zero_percent","mean_intensity","median_intensity","sd_intensity","cv_percent"
"Healthy","1",4,0,0,0.000166467865124978,0.000157699483186084,0.000108910943137636,65.4246049565599
"TR","1",10,0,0,0.000348197512683982,0.000320827287963133,0.000144844807171904,41.5984611881368
