"Group","Timepoint","n_samples","n_zeros","zero_percent","mean_intensity","median_intensity","sd_intensity","cv_percent"
"Healthy","1",4,0,0,0.0015286545455118,0.00183995079081121,0.000726379258235575,47.5175545952
"TR","1",10,0,0,0.00131584453330797,0.00123477224658807,0.000437663074757609,33.2610018645093
