"Group","Timepoint","n_samples","n_zeros","zero_percent","mean_intensity","median_intensity","sd_intensity","cv_percent"
"Healthy","1",4,0,0,0.00280755803476398,0.00297428673415475,0.000842127757191663,29.9950258111925
"TR","1",10,0,0,0.00217930817849237,0.00159849401183977,0.00223413111587471,102.515611969128
