"Group","Timepoint","n_samples","n_zeros","zero_percent","mean_intensity","median_intensity","sd_intensity","cv_percent"
"Healthy","1",4,0,0,0.000411909140707005,0.000360809361122537,0.000137444085363698,33.3675735206525
"TR","1",10,0,0,0.000352261115509519,0.000354992576555482,0.000178057772099221,50.5470982346927
