"Group","Timepoint","n_samples","n_zeros","zero_percent","mean_intensity","median_intensity","sd_intensity","cv_percent"
"Healthy","1",4,0,0,0.00188019689653064,0.00168906211713892,0.00103834906280209,55.2255492346605
"TR","1",10,0,0,0.00164541151231806,0.00147503240273442,0.000867223564987779,52.7055729521446
