"Group","Timepoint","n_samples","n_zeros","zero_percent","mean_intensity","median_intensity","sd_intensity","cv_percent"
"Healthy","1",4,0,0,0.00116725177133794,0.00118582994276013,0.000125916806209017,10.7874589956447
"TR","1",10,0,0,0.00124306899215629,0.00118928553276798,0.000241910506588373,19.4607465969159
