"Group","Timepoint","n_samples","n_zeros","zero_percent","mean_intensity","median_intensity","sd_intensity","cv_percent"
"Healthy","1",4,0,0,0.00137175094193438,0.000995601140277842,0.00113502551937783,82.7428277743534
"TR","1",10,0,0,0.000886562356290302,0.000655209513984491,0.00073729044888011,83.1628416939786
