"Group","Timepoint","n_samples","n_zeros","zero_percent","mean_intensity","median_intensity","sd_intensity","cv_percent"
"Healthy","1",4,0,0,0.000138237969431081,0.00014389374771362,3.92723447794984e-05,28.4092315165826
"TR","1",10,0,0,0.000211468011227466,0.00022774207478911,7.70563293812431e-05,36.4387639217722
