"Group","Timepoint","n_samples","n_zeros","zero_percent","mean_intensity","median_intensity","sd_intensity","cv_percent"
"Healthy","1",4,0,0,0.0116300110377126,0.0114055596006745,0.00574236533576006,49.3754074449226
"TR","1",10,0,0,0.00747221459512344,0.0054767984273517,0.00468854351004022,62.7463712444779
