"Group","Timepoint","n_samples","n_zeros","zero_percent","mean_intensity","median_intensity","sd_intensity","cv_percent"
"Healthy","1",4,0,0,0.000218060787104537,0.000254414406614755,9.04289150222397e-05,41.469590302308
"TR","1",10,0,0,0.000302620473899445,0.000300315840013815,4.99041799014719e-05,16.4906819616092
