"Group","Timepoint","n_samples","n_zeros","zero_percent","mean_intensity","median_intensity","sd_intensity","cv_percent"
"Healthy","1",4,0,0,0.00426585201065367,0.00415508579563923,0.00138606511922123,32.492105111936
"TR","1",10,0,0,0.0030884772295375,0.00244120808892682,0.00202581502475188,65.5926812533193
