"Group","Timepoint","n_samples","n_zeros","zero_percent","mean_intensity","median_intensity","sd_intensity","cv_percent"
"Healthy","1",4,0,0,0.000450603553877932,0.000511444657093872,0.000210682154141797,46.7555464950616
"TR","1",10,0,0,0.000775109514020363,0.000750911037927077,0.000418815142506525,54.0330282277405
