"Group","Timepoint","n_samples","n_zeros","zero_percent","mean_intensity","median_intensity","sd_intensity","cv_percent"
"Healthy","1",4,0,0,0.00124945949212196,0.000619880267029056,0.0013152505543992,105.265561844306
"TR","1",10,0,0,0.00135859080036598,0.00112385302845096,0.000761811000548355,56.0736168935589
