"Group","Timepoint","n_samples","n_zeros","zero_percent","mean_intensity","median_intensity","sd_intensity","cv_percent"
"Healthy","1",4,0,0,0.00249218230839849,0.00286470518212221,0.00151544223368006,60.8078401236186
"TR","1",10,0,0,0.00195150846507493,0.00147431962634651,0.00131179751646226,67.2196682688685
