"Group","Timepoint","n_samples","n_zeros","zero_percent","mean_intensity","median_intensity","sd_intensity","cv_percent"
"Healthy","1",4,0,0,9.008675058321e-05,6.95500814621874e-05,8.00812409512597e-05,88.8934726059316
"TR","1",10,0,0,0.000244696709557722,6.88500901265564e-05,0.000365019108041464,149.172054132325
