"Group","Timepoint","n_samples","n_zeros","zero_percent","mean_intensity","median_intensity","sd_intensity","cv_percent"
"Healthy","1",4,0,0,0.000768477882389232,0.000749598982187726,6.70922702675772e-05,8.73054017624871
"TR","1",10,0,0,0.000797623432156549,0.000812844280091819,0.000100532639363617,12.6040228146013
