"Group","Timepoint","n_samples","n_zeros","zero_percent","mean_intensity","median_intensity","sd_intensity","cv_percent"
"Healthy","1",4,0,0,0.00016242122281919,7.62537827198731e-05,0.000191424997626478,117.857133633069
"TR","1",10,0,0,0.000342576803988651,0.000127372950407902,0.000449332265353464,131.16248973131
