"Group","Timepoint","n_samples","n_zeros","zero_percent","mean_intensity","median_intensity","sd_intensity","cv_percent"
"Healthy","1",4,0,0,0.00134239672541838,0.00134047230800278,9.38037643778062e-05,6.98778256841851
"TR","1",10,0,0,0.00144665601737858,0.00143878086421712,0.000204995024556408,14.1702672987784
