"Group","Timepoint","n_samples","n_zeros","zero_percent","mean_intensity","median_intensity","sd_intensity","cv_percent"
"Healthy","1",4,0,0,0.00231571885807195,0.00235003060928847,0.000944722526180099,40.7960803569509
"TR","1",10,0,0,0.00334000055299968,0.0034889742446927,0.00223201479452299,66.8267791907519
