"Group","Timepoint","n_samples","n_zeros","zero_percent","mean_intensity","median_intensity","sd_intensity","cv_percent"
"Healthy","1",4,0,0,0.000268828079450423,0.000202698518282095,0.000199518346466137,74.2178223621659
"TR","1",10,0,0,0.00144305309994873,0.000636851672051195,0.00195148329286376,135.23295109051
