"Group","Timepoint","n_samples","n_zeros","zero_percent","mean_intensity","median_intensity","sd_intensity","cv_percent"
"Healthy","1",4,0,0,0.000695566379170861,0.000567110217609097,0.000515496923172171,74.1118229128126
"TR","1",10,0,0,0.00106623942409967,0.000769177370631686,0.000739234052335719,69.3309622236045
