"Group","Timepoint","n_samples","n_zeros","zero_percent","mean_intensity","median_intensity","sd_intensity","cv_percent"
"Healthy","1",4,0,0,0.0992578785671535,0.0918608250102171,0.0450678912134854,45.404850339406
"TR","1",10,0,0,0.0444914257618745,0.0466686292930859,0.0342927829885123,77.0772848954154
