"Group","Timepoint","n_samples","n_zeros","zero_percent","mean_intensity","median_intensity","sd_intensity","cv_percent"
"Healthy","1",4,0,0,0.00120546867871925,0.000985102118007125,0.000465266202822047,38.5962913044219
"TR","1",10,0,0,0.000780184824263936,0.000786774112653087,0.00029973955582035,38.4190446287056
