"Group","Timepoint","n_samples","n_zeros","zero_percent","mean_intensity","median_intensity","sd_intensity","cv_percent"
"Healthy","1",4,0,0,0.00212058203291459,0.00167651168921691,0.00139576886180593,65.820083361149
"TR","1",10,0,0,0.00164290391318414,0.00165452049273829,0.000704569078147226,42.8855925470217
