"Group","Timepoint","n_samples","n_zeros","zero_percent","mean_intensity","median_intensity","sd_intensity","cv_percent"
"Healthy","1",4,0,0,0.000217113859077624,0.000216423196557424,5.25769700137465e-05,24.2163122322601
"TR","1",10,0,0,0.000277660710445582,0.000247374767015206,0.000170057709557973,61.2465873493839
