"Group","Timepoint","n_samples","n_zeros","zero_percent","mean_intensity","median_intensity","sd_intensity","cv_percent"
"Healthy","1",4,0,0,0.000536099910770551,0.000551565546228716,0.000141360019423275,26.3682228971264
"TR","1",10,0,0,0.000594353936123884,0.000605595119686738,0.000205126053462076,34.5124413240733
