"Group","Timepoint","n_samples","n_zeros","zero_percent","mean_intensity","median_intensity","sd_intensity","cv_percent"
"Healthy","1",4,0,0,8.95650181539979e-05,4.7060312652598e-05,0.000105436669988119,117.720815739502
"TR","1",10,0,0,0.000127161210658021,5.36787157890647e-05,0.000154163545481598,121.234726127448
