"Group","Timepoint","n_samples","n_zeros","zero_percent","mean_intensity","median_intensity","sd_intensity","cv_percent"
"Healthy","1",4,0,0,0.000774931899926021,0.000877214694162408,0.000435595196032754,56.2107710463769
"TR","1",10,0,0,0.000721862649324595,0.000310317935641498,0.000720505112295829,99.8119397048682
