"Group","Timepoint","n_samples","n_zeros","zero_percent","mean_intensity","median_intensity","sd_intensity","cv_percent"
"Healthy","1",4,0,0,0.00118691644734347,0.00124180445890355,0.000529076153499303,44.575686408548
"TR","1",10,0,0,0.00112897705302923,0.00103836252760122,0.00100452057346491,88.9761727901925
