"Group","Timepoint","n_samples","n_zeros","zero_percent","mean_intensity","median_intensity","sd_intensity","cv_percent"
"Healthy","1",4,0,0,0.000143509022543625,0.000150972519657414,5.4336179634267e-05,37.8625529400073
"TR","1",10,0,0,0.000170107027935636,0.000124397754432581,0.000132543135100134,77.9174950668614
