"Group","Timepoint","n_samples","n_zeros","zero_percent","mean_intensity","median_intensity","sd_intensity","cv_percent"
"Healthy","1",4,0,0,0.0006812922350678,0.000662427588809008,0.000100956339061834,14.8183604428997
"TR","1",10,0,0,0.000801218295589938,0.000774515161668092,0.000184062488379028,22.972826430967
