"Group","Timepoint","n_samples","n_zeros","zero_percent","mean_intensity","median_intensity","sd_intensity","cv_percent"
"Healthy","1",4,0,0,0.000279458828618565,0.000314178694456506,0.000147168870165362,52.6620936947507
"TR","1",10,0,0,0.000228647365485206,0.000204473250995413,0.000184512362796013,80.6973491273188
