"Group","Timepoint","n_samples","n_zeros","zero_percent","mean_intensity","median_intensity","sd_intensity","cv_percent"
"Healthy","1",4,0,0,0.000563388941647038,0.000548174620067727,0.000192689315878738,34.2018278376961
"TR","1",10,0,0,0.000591559877578003,0.000568012248336934,0.00019192215348219,32.4434027317687
