"Group","Timepoint","n_samples","n_zeros","zero_percent","mean_intensity","median_intensity","sd_intensity","cv_percent"
"PR","1",9,0,0,0.00155716542440109,0.00149612560305727,0.000772173422481785,49.5884002034515
"PR","2",9,0,0,0.00174891666810738,0.00140572438469022,0.00105160944726447,60.1291911982567
