"Group","Timepoint","n_samples","n_zeros","zero_percent","mean_intensity","median_intensity","sd_intensity","cv_percent"
"PR","1",9,0,0,0.000240692224514833,0.000153983275610647,0.000212380261963021,88.2372757953105
"PR","2",9,0,0,0.000299925373595773,0.000260004799252911,0.000213792517047554,71.2819040564721
