"Group","Timepoint","n_samples","n_zeros","zero_percent","mean_intensity","median_intensity","sd_intensity","cv_percent"
"PR","1",9,0,0,0.000204479363843246,0.000149526646171216,0.000152078004333312,74.3732773200015
"PR","2",9,0,0,0.000180623272773679,0.00011596565387113,0.00018676091093157,103.398032857915
