"Group","Timepoint","n_samples","n_zeros","zero_percent","mean_intensity","median_intensity","sd_intensity","cv_percent"
"PR","1",9,0,0,0.00047527435414091,0.00035227383198124,0.000396300270788133,83.3834746889452
"PR","2",9,0,0,0.000395106075770552,0.000412471176229586,0.000268427272957366,67.9380271320475
