"Group","Timepoint","n_samples","n_zeros","zero_percent","mean_intensity","median_intensity","sd_intensity","cv_percent"
"PR","1",9,0,0,0.00137318939991697,0.00122665043084905,0.000881290462358453,64.1783618786847
"PR","2",9,0,0,0.000757112441890156,0.000690131126142683,0.00035350943977718,46.6918016688026
