"Group","Timepoint","n_samples","n_zeros","zero_percent","mean_intensity","median_intensity","sd_intensity","cv_percent"
"PR","1",9,0,0,0.000285554180720791,0.000215820072446062,0.000187708375235112,65.7347669578159
"PR","2",9,0,0,0.00024703270591711,0.000214709763530134,0.000154219812078768,62.4289045072901
