"Group","Timepoint","n_samples","n_zeros","zero_percent","mean_intensity","median_intensity","sd_intensity","cv_percent"
"PR","1",9,0,0,0.000674930896758566,0.000620208786015501,0.00039340914926683,58.2888042548094
"PR","2",9,0,0,0.000411701307954117,0.000344310719794888,0.000307428037537551,74.6725919004884
