"Group","Timepoint","n_samples","n_zeros","zero_percent","mean_intensity","median_intensity","sd_intensity","cv_percent"
"PR","1",9,0,0,0.000149508227885116,0.000118220230264131,0.00010388908359182,69.4872015148558
"PR","2",9,0,0,0.000188033263419377,0.000132741827932983,0.000237400418802439,126.254479917714
