"Group","Timepoint","n_samples","n_zeros","zero_percent","mean_intensity","median_intensity","sd_intensity","cv_percent"
"PR","1",9,0,0,0.000142782147535128,0.000149313880733452,2.25255602016185e-05,15.7761741159388
"PR","2",9,0,0,0.000127517884604728,0.000123306107880549,2.40800195447193e-05,18.8836410040529
