"Group","Timepoint","n_samples","n_zeros","zero_percent","mean_intensity","median_intensity","sd_intensity","cv_percent"
"PR","1",9,0,0,0.000116839249066151,9.39139378298684e-05,7.13869396758228e-05,61.0984238998365
"PR","2",9,0,0,0.000287941487179923,0.000393652175333749,0.000155919133430558,54.1495895425205
