"Group","Timepoint","n_samples","n_zeros","zero_percent","mean_intensity","median_intensity","sd_intensity","cv_percent"
"PR","1",9,0,0,7.55096336968607e-05,5.7410040831981e-05,6.67156746622495e-05,88.3538581713755
"PR","2",9,0,0,0.00010668128986883,5.2290882040547e-05,0.000102253537022995,95.849550702584
