"Group","Timepoint","n_samples","n_zeros","zero_percent","mean_intensity","median_intensity","sd_intensity","cv_percent"
"PR","1",9,0,0,0.0012118918836273,0.00108637445137895,0.000986531719711936,81.4042682387773
"PR","2",9,0,0,0.000869003315649207,0.000621560044830095,0.000625455070671534,71.973841688311
