"Group","Timepoint","n_samples","n_zeros","zero_percent","mean_intensity","median_intensity","sd_intensity","cv_percent"
"PR","1",9,0,0,0.000227134527886416,0.000241490497455555,4.19667319832199e-05,18.4765972719948
"PR","2",9,0,0,0.000192371711999704,0.000201603283163986,5.27409207040472e-05,27.4161518633927
