"Group","Timepoint","n_samples","n_zeros","zero_percent","mean_intensity","median_intensity","sd_intensity","cv_percent"
"PR","1",9,0,0,0.000945851959244811,0.000637356038153324,0.000637501392927982,67.3997010522637
"PR","2",9,0,0,0.00132409464481787,0.00161091901470961,0.000629485007235187,47.5407864308501
