"Group","Timepoint","n_samples","n_zeros","zero_percent","mean_intensity","median_intensity","sd_intensity","cv_percent"
"PR","1",9,0,0,0.000252155203851721,0.000150032150576632,0.000219431694642336,87.0224731794039
"PR","2",9,0,0,0.000548454801209655,0.000156137831316339,0.000856020003767498,156.078495781145
