"Group","Timepoint","n_samples","n_zeros","zero_percent","mean_intensity","median_intensity","sd_intensity","cv_percent"
"PR","1",9,0,0,0.000641870888456324,0.000645990597551119,0.000118530698616774,18.4664393959096
"PR","2",9,0,0,0.000745278991001525,0.000690580067113635,0.000261898706875723,35.141029069366
