"Group","Timepoint","n_samples","n_zeros","zero_percent","mean_intensity","median_intensity","sd_intensity","cv_percent"
"PR","1",9,0,0,0.0012172832422891,0.000677565169362818,0.00111549993114235,91.6384858009425
"PR","2",9,0,0,0.0021823773666812,0.00238808251535123,0.0011720031409942,53.7030469105575
