"Group","Timepoint","n_samples","n_zeros","zero_percent","mean_intensity","median_intensity","sd_intensity","cv_percent"
"PR","1",9,0,0,0.00159966007838186,0.000715531237234779,0.00169970507801277,106.25414117555
"PR","2",9,0,0,0.00148513397563802,0.000890225128698264,0.00153738120247343,103.518014380686
