"Group","Timepoint","n_samples","n_zeros","zero_percent","mean_intensity","median_intensity","sd_intensity","cv_percent"
"PR","1",9,0,0,0.000140950364363922,0.000137011729564693,2.43005668893978e-05,17.2405137078297
"PR","2",9,0,0,0.000164074561774513,0.000128739545405214,0.000106505828842804,64.9130661638914
