"Group","Timepoint","n_samples","n_zeros","zero_percent","mean_intensity","median_intensity","sd_intensity","cv_percent"
"PR","1",9,0,0,0.000922878802808688,0.00088482272749988,0.000169748907603968,18.3934127739584
"PR","2",9,0,0,0.000778737623972306,0.000748524853667375,0.000192946350397844,24.7768111438655
