"Group","Timepoint","n_samples","n_zeros","zero_percent","mean_intensity","median_intensity","sd_intensity","cv_percent"
"PR","1",9,0,0,0.000241480846606853,0.000198130353594539,0.000225689607855016,93.4606661465178
"PR","2",9,0,0,0.000285239362425353,0.000135875174634602,0.000297579755615215,104.326328976805
