"Group","Timepoint","n_samples","n_zeros","zero_percent","mean_intensity","median_intensity","sd_intensity","cv_percent"
"PR","1",9,0,0,0.000137852309974101,9.31254072880709e-05,0.000102595383920299,74.4241311150856
"PR","2",9,0,0,0.00011245031205624,6.21811110350388e-05,0.000132479608083707,117.811685589142
