"Group","Timepoint","n_samples","n_zeros","zero_percent","mean_intensity","median_intensity","sd_intensity","cv_percent"
"PR","1",9,0,0,0.000134743125080012,7.97094184368241e-05,9.57133038177891e-05,71.0339052630355
"PR","2",9,0,0,0.000140639564035201,0.000134339532809187,0.000111513353182432,79.2901726817932
