"Group","Timepoint","n_samples","n_zeros","zero_percent","mean_intensity","median_intensity","sd_intensity","cv_percent"
"PR","1",9,0,0,0.00374045558931242,0.00374447148160529,0.000697689695435657,18.6525325264966
"PR","2",9,0,0,0.00389628082552212,0.00345842029929772,0.00231900356077805,59.5183885511458
