"Group","Timepoint","n_samples","n_zeros","zero_percent","mean_intensity","median_intensity","sd_intensity","cv_percent"
"PR","1",9,0,0,0.0990696748209497,0.098476201778179,0.031994351070378,32.2947977049505
"PR","2",9,0,0,0.0712001597949775,0.0874157368491644,0.0372961433362538,52.3821062251108
