"Group","Timepoint","n_samples","n_zeros","zero_percent","mean_intensity","median_intensity","sd_intensity","cv_percent"
"PR","1",9,0,0,0.000109819072172896,6.33246075786322e-05,0.000105421435951513,95.9955623969763
"PR","2",9,0,0,0.000346875661097186,0.00023211296531789,0.000287802641714724,82.969972815155
