"Group","Timepoint","n_samples","n_zeros","zero_percent","mean_intensity","median_intensity","sd_intensity","cv_percent"
"PR","1",9,0,0,0.00309167322363488,0.00282720195770635,0.00165537609405159,53.5430485148543
"PR","2",9,0,0,0.00385682889628119,0.00186874972841829,0.00368911574510055,95.6515273119232
