"Group","Timepoint","n_samples","n_zeros","zero_percent","mean_intensity","median_intensity","sd_intensity","cv_percent"
"PR","1",9,0,0,0.000769037158516841,0.000687006801230551,0.000476017953920708,61.8979133386418
"PR","2",9,0,0,0.000534902913366657,0.000392571433545128,0.000304621024319792,56.9488437448434
