"Group","Timepoint","n_samples","n_zeros","zero_percent","mean_intensity","median_intensity","sd_intensity","cv_percent"
"PR","1",9,0,0,0.000361792257864886,0.000208227045533263,0.000338109110763197,93.4539375603407
"PR","2",9,0,0,0.000307712274356698,0.000156390897018633,0.000330364426832091,107.36147185638
