"Group","Timepoint","n_samples","n_zeros","zero_percent","mean_intensity","median_intensity","sd_intensity","cv_percent"
"PR","1",9,0,0,0.000375139935045205,0.000339787999938097,0.000247664709062013,66.0192866515714
"PR","2",9,0,0,0.000288529406677549,0.000258069036106699,0.000160902735630766,55.7664944740228
