"Group","Timepoint","n_samples","n_zeros","zero_percent","mean_intensity","median_intensity","sd_intensity","cv_percent"
"PR","1",9,0,0,0.000668217037080996,0.000586937952352508,0.000328128827147624,49.1051273671507
"PR","2",9,0,0,0.000935993746087197,0.000768067372987869,0.000381681746389281,40.7782368188733
