"Group","Timepoint","n_samples","n_zeros","zero_percent","mean_intensity","median_intensity","sd_intensity","cv_percent"
"PR","1",9,0,0,0.000183370304477171,0.000197484441918657,0.000101122887289825,55.146817571225
"PR","2",9,0,0,0.000351165133619654,0.000418059661489774,0.000190066169303672,54.1244420664872
