"Group","Timepoint","n_samples","n_zeros","zero_percent","mean_intensity","median_intensity","sd_intensity","cv_percent"
"PR","1",9,0,0,0.00136103107953289,0.00134454560523468,0.000758725066502542,55.7463439235303
"PR","2",9,0,0,0.00227905015063822,0.00225216697254489,0.00111159428437594,48.7744547466257
