"Group","Timepoint","n_samples","n_zeros","zero_percent","mean_intensity","median_intensity","sd_intensity","cv_percent"
"PR","1",9,0,0,0.000670956815553635,0.000512835578986728,0.000582587334909847,86.8293340800375
"PR","2",9,0,0,0.000334920846871549,0.000198921932315633,0.000248820111324693,74.2922137122514
