"Group","Timepoint","n_samples","n_zeros","zero_percent","mean_intensity","median_intensity","sd_intensity","cv_percent"
"PR","1",9,0,0,0.000734734607975883,0.000747070449480146,0.000122418475323846,16.6615910010141
"PR","2",9,0,0,0.000669034131432771,0.000691190620025937,0.000175240990912384,26.1931316623707
