"Group","Timepoint","n_samples","n_zeros","zero_percent","mean_intensity","median_intensity","sd_intensity","cv_percent"
"PR","1",9,0,0,0.0032132248775766,0.00218756502076062,0.00403467957352867,125.564805678076
"PR","2",9,0,0,0.00161072085276418,0.00133768479368533,0.00117402332818821,72.8880691010772
