"Group","Timepoint","n_samples","n_zeros","zero_percent","mean_intensity","median_intensity","sd_intensity","cv_percent"
"PR","1",9,0,0,0.00121024616801934,0.00111386138080419,0.000681289201253372,56.2934400666892
"PR","2",9,0,0,0.000681212793904718,0.000289634815973451,0.000800133855828917,117.457256086243
