"Group","Timepoint","n_samples","n_zeros","zero_percent","mean_intensity","median_intensity","sd_intensity","cv_percent"
"PR","1",9,0,0,0.00724621031862646,0.00643249723504986,0.0049045982292465,67.6850106964074
"PR","2",9,0,0,0.00918294664251381,0.00723277298454634,0.00431356812598345,46.9736816939907
