"Group","Timepoint","n_samples","n_zeros","zero_percent","mean_intensity","median_intensity","sd_intensity","cv_percent"
"PR","1",9,0,0,0.000217828369457974,0.000166750830286503,0.000188782377489841,86.6656523939427
"PR","2",9,0,0,0.000219150982662202,0.000263374798912573,0.000139382058652908,63.6009279811217
