"Group","Timepoint","n_samples","n_zeros","zero_percent","mean_intensity","median_intensity","sd_intensity","cv_percent"
"PR","1",9,0,0,0.000207954329378532,0.000176767145109096,0.000105472816030585,50.7192210644463
"PR","2",9,0,0,0.000212322669711224,0.000189030368725207,7.50733744604133e-05,35.3581530236592
