"Group","Timepoint","n_samples","n_zeros","zero_percent","mean_intensity","median_intensity","sd_intensity","cv_percent"
"PR","1",9,0,0,0.00419772391871411,0.00292985093590537,0.00418941358069906,99.8020275231061
"PR","2",9,0,0,0.00319069465141768,0.00100262579132729,0.00402336260454202,126.096760865361
