"Group","Timepoint","n_samples","n_zeros","zero_percent","mean_intensity","median_intensity","sd_intensity","cv_percent"
"PR","1",9,0,0,0.000149526178613706,9.14864796666242e-05,0.000127951487786615,85.5712952560446
"PR","2",9,0,0,0.000112271741130326,7.93582723383971e-05,8.87624220374271e-05,79.0603415817617
