"Group","Timepoint","n_samples","n_zeros","zero_percent","mean_intensity","median_intensity","sd_intensity","cv_percent"
"PR","1",9,0,0,0.000510325867871264,0.000487067723320902,9.75070280673715e-05,19.1068166844266
"PR","2",9,0,0,0.000458711852283658,0.000468259409218926,8.62106751341123e-05,18.7940805769286
