"Group","Timepoint","n_samples","n_zeros","zero_percent","mean_intensity","median_intensity","sd_intensity","cv_percent"
"PR","1",9,0,0,0.000260722888798209,0.000275844013908543,8.84014093942759e-05,33.9062710611095
"PR","2",9,0,0,0.000230930691581846,0.000222812913512172,6.3312426560195e-05,27.4162027258104
