"Group","Timepoint","n_samples","n_zeros","zero_percent","mean_intensity","median_intensity","sd_intensity","cv_percent"
"PR","1",9,0,0,0.000583732624628957,0.000332281048036448,0.000529451808422161,90.701082324926
"PR","2",9,0,0,0.000411602762614307,0.000349594564683479,0.000205702425376102,49.9759583899721
