"Group","Timepoint","n_samples","n_zeros","zero_percent","mean_intensity","median_intensity","sd_intensity","cv_percent"
"PR","1",9,0,0,0.000843908325908815,0.000464416727143298,0.00114014886510962,135.103402834873
"PR","2",9,0,0,0.00179568621062801,0.000879288787115677,0.00174867207560919,97.3818290333489
