"Group","Timepoint","n_samples","n_zeros","zero_percent","mean_intensity","median_intensity","sd_intensity","cv_percent"
"PR","1",9,0,0,0.000190046239089471,0.000174186669423661,0.000132509951231152,69.7251110393027
"PR","2",9,0,0,0.000249512460113266,0.00027349479664115,0.00014819527852446,59.3939390670858
