"Group","Timepoint","n_samples","n_zeros","zero_percent","mean_intensity","median_intensity","sd_intensity","cv_percent"
"PR","1",9,0,0,0.000232252312320197,0.000270516416058708,0.0001134112891292,48.8310699670643
"PR","2",9,0,0,0.000176746984057362,0.000157379157313989,6.32588797118404e-05,35.7906416617045
