"Group","Timepoint","n_samples","n_zeros","zero_percent","mean_intensity","median_intensity","sd_intensity","cv_percent"
"PR","1",9,0,0,0.00131329278338828,0.00122800577072576,0.000805550139767115,61.3381989116552
"PR","2",9,0,0,0.000738246658192047,0.000506439456375408,0.000549154942924301,74.3863770774353
