"Group","Timepoint","n_samples","n_zeros","zero_percent","mean_intensity","median_intensity","sd_intensity","cv_percent"
"PR","1",9,0,0,0.00188746540967547,0.00198521367862236,0.000309298637658097,16.3869830976811
"PR","2",9,0,0,0.0017856712393483,0.00193757865437376,0.000434364027459303,24.3249719146414
