"Group","Timepoint","n_samples","n_zeros","zero_percent","mean_intensity","median_intensity","sd_intensity","cv_percent"
"PR","1",9,0,0,0.00156546224002439,0.00132232833320003,0.000858102579642445,54.8146456492669
"PR","2",9,0,0,0.00160048821811766,0.00147651999691358,0.000818509411189421,51.141233151474
