"Group","Timepoint","n_samples","n_zeros","zero_percent","mean_intensity","median_intensity","sd_intensity","cv_percent"
"PR","1",9,0,0,0.000181413307713724,0.000173370300605731,2.82059477307364e-05,15.5478934187377
"PR","2",9,0,0,0.000159729067400034,0.000158910661443989,3.74900850484772e-05,23.4710473545713
