"Group","Timepoint","n_samples","n_zeros","zero_percent","mean_intensity","median_intensity","sd_intensity","cv_percent"
"PR","1",9,0,0,0.000709032490736967,0.0007370922562238,0.000159388660711417,22.4797400392398
"PR","2",9,0,0,0.00058805666112181,0.000633707111504735,0.000207286030738478,35.2493296042337
