"Group","Timepoint","n_samples","n_zeros","zero_percent","mean_intensity","median_intensity","sd_intensity","cv_percent"
"PR","1",9,0,0,0.000203064786004486,0.000199194385090659,7.85641321651636e-05,38.6891955572387
"PR","2",9,0,0,0.00019405330343668,0.00018303999815612,7.15323129373061e-05,36.8621979994518
