"Group","Timepoint","n_samples","n_zeros","zero_percent","mean_intensity","median_intensity","sd_intensity","cv_percent"
"PR","1",9,0,0,0.000263091878534478,0.000175687465260004,0.000223010732741495,84.7653428086607
"PR","2",9,0,0,0.000581342285823833,0.000532496067724401,0.000293912217556326,50.5575157223968
