"Group","Timepoint","n_samples","n_zeros","zero_percent","mean_intensity","median_intensity","sd_intensity","cv_percent"
"PR","1",9,0,0,0.00431870365323953,0.00379630829934228,0.00220073134570004,50.9581467589061
"PR","2",9,0,0,0.00687645072149521,0.00558484147843567,0.00346536377003446,50.3946572205051
