"Group","Timepoint","n_samples","n_zeros","zero_percent","mean_intensity","median_intensity","sd_intensity","cv_percent"
"PR","1",9,0,0,0.00037073328016862,0.00019717166122239,0.000349587548836918,94.296241405119
"PR","2",9,0,0,0.000363113310486785,0.000291576853024614,0.000302898899278606,83.4171842592452
