"Group","Timepoint","n_samples","n_zeros","zero_percent","mean_intensity","median_intensity","sd_intensity","cv_percent"
"PR","1",9,0,0,0.000444239200208506,0.000358335153059124,0.000308489735216964,69.4422588263649
"PR","2",9,0,0,0.000435210441325296,0.000446845771655576,0.000280331060497563,64.4127607885288
