"Group","Timepoint","n_samples","n_zeros","zero_percent","mean_intensity","median_intensity","sd_intensity","cv_percent"
"PR","1",9,0,0,0.00118334351742547,0.000968912041201104,0.000513353311752715,43.3815966533192
"PR","2",9,0,0,0.00144866605853071,0.00149120463072122,0.000509396099547276,35.1631141316255
