"Group","Timepoint","n_samples","n_zeros","zero_percent","mean_intensity","median_intensity","sd_intensity","cv_percent"
"PR","1",9,0,0,0.00134679439812948,0.000855462028563338,0.00108783249081671,80.7719791771904
"PR","2",9,0,0,0.00156811015452133,0.000910611666721024,0.00109000583959598,69.5107953005196
