"Group","Timepoint","n_samples","n_zeros","zero_percent","mean_intensity","median_intensity","sd_intensity","cv_percent"
"PR","1",9,0,0,0.000107876499713189,0.000104053189926348,1.80446561102633e-05,16.7271427588387
"PR","2",9,0,0,9.11501514809098e-05,9.668555977058e-05,2.64681091113798e-05,29.0379211458833
