"Group","Timepoint","n_samples","n_zeros","zero_percent","mean_intensity","median_intensity","sd_intensity","cv_percent"
"PR","1",9,0,0,0.000618359360259371,0.000409886536190841,0.000639152270455952,103.362593264192
"PR","2",9,0,0,0.00152282947797314,0.00123023681877621,0.000951669951028192,62.4935335698156
