"Group","Timepoint","n_samples","n_zeros","zero_percent","mean_intensity","median_intensity","sd_intensity","cv_percent"
"PR","1",9,0,0,0.000197105765709655,0.000233447473411796,0.000101122732655671,51.3037923023671
"PR","2",9,0,0,0.000157475481497114,0.000145536720757946,0.000106614266563365,67.7021372151315
