"Group","Timepoint","n_samples","n_zeros","zero_percent","mean_intensity","median_intensity","sd_intensity","cv_percent"
"PR","1",9,0,0,0.000751976207238474,0.00073597702527375,0.000143840654740521,19.1283518488909
"PR","2",9,0,0,0.00067428877282285,0.00064699643809696,0.000155225471568133,23.0206222948508
