"Group","Timepoint","n_samples","n_zeros","zero_percent","mean_intensity","median_intensity","sd_intensity","cv_percent"
"PR","1",9,0,0,0.00174742936879945,0.00122929479718727,0.00111485596912904,63.79977291414
"PR","2",9,0,0,0.001525070187043,0.00129256883048571,0.000968509574289442,63.5059017295008
