"Group","Timepoint","n_samples","n_zeros","zero_percent","mean_intensity","median_intensity","sd_intensity","cv_percent"
"PR","1",9,0,0,0.00119903859249991,0.0011830514313885,0.000236976648743162,19.7638883540089
"PR","2",9,0,0,0.00134410242185782,0.00119331725064788,0.00077484334805226,57.6476416865069
