"Group","Timepoint","n_samples","n_zeros","zero_percent","mean_intensity","median_intensity","sd_intensity","cv_percent"
"PR","1",9,0,0,0.000320225065838334,0.000218027045964924,0.000361982842712789,113.040133746287
"PR","2",9,0,0,0.000270306813806893,0.000224557096907627,0.00017586186161899,65.0600919533704
