"Group","Timepoint","n_samples","n_zeros","zero_percent","mean_intensity","median_intensity","sd_intensity","cv_percent"
"PR","1",9,0,0,0.00124671329146201,0.00111644806385406,0.000356997379973239,28.6350825340596
"PR","2",9,0,0,0.00112396066592174,0.00111913402499883,0.000293617221483442,26.1234427845972
