"Group","Timepoint","n_samples","n_zeros","zero_percent","mean_intensity","median_intensity","sd_intensity","cv_percent"
"PR","1",9,0,0,0.00016334443749218,0.000124047508168753,0.000110059768921973,67.3789512588958
"PR","2",9,0,0,0.000148528826770019,0.000115514125854737,8.66691567968789e-05,58.3517413296996
