"Group","Timepoint","n_samples","n_zeros","zero_percent","mean_intensity","median_intensity","sd_intensity","cv_percent"
"PR","1",9,0,0,0.000976072625902831,0.000952783527707154,0.000678621899739373,69.5257588144809
"PR","2",9,0,0,0.00110862806310474,0.00102073246146022,0.000649105865727978,58.5503729636918
