"Group","Timepoint","n_samples","n_zeros","zero_percent","mean_intensity","median_intensity","sd_intensity","cv_percent"
"PR","1",9,0,0,0.000200762996999875,0.000155194800277234,9.53480456314914e-05,47.4928383498632
"PR","2",9,0,0,0.000169355329633197,0.000169974390471568,3.76424803827757e-05,22.226923985389
