"Group","Timepoint","n_samples","n_zeros","zero_percent","mean_intensity","median_intensity","sd_intensity","cv_percent"
"PR","1",9,0,0,0.000495745816617377,0.000266584087158945,0.000536716524918188,108.264458705949
"PR","2",9,0,0,0.000404147522579424,0.000427526656780169,0.000266777300494493,66.009881439287
