"Group","Timepoint","n_samples","n_zeros","zero_percent","mean_intensity","median_intensity","sd_intensity","cv_percent"
"PR","1",9,0,0,0.00524714413714511,0.00471744010515158,0.00272053663007416,51.8479492647283
"PR","2",9,0,0,0.00772955409981174,0.00513379363259868,0.00620618799443348,80.2916690185872
