"Group","Timepoint","n_samples","n_zeros","zero_percent","mean_intensity","median_intensity","sd_intensity","cv_percent"
"PR","1",9,0,0,0.000361126526876049,0.000332930569936125,0.000322684635141383,89.3550074908063
"PR","2",9,0,0,0.000334376370473835,0.000330487954350992,0.000210143173489503,62.8462989749291
