"Group","Timepoint","n_samples","n_zeros","zero_percent","mean_intensity","median_intensity","sd_intensity","cv_percent"
"PR","1",9,0,0,0.000324849264317378,0.000336057404865057,0.000194217535957877,59.7869711559903
"PR","2",9,0,0,0.000516747550828727,0.000510829474861876,0.000262268961037142,50.7537888890874
