"Group","Timepoint","n_samples","n_zeros","zero_percent","mean_intensity","median_intensity","sd_intensity","cv_percent"
"PR","1",9,0,0,0.000203834460804364,9.38266567623076e-05,0.000251175238797698,123.225110124422
"PR","2",9,0,0,0.000140677320012798,0.000104542579497307,0.000122764218642184,87.2665321112283
