"Group","Timepoint","n_samples","n_zeros","zero_percent","mean_intensity","median_intensity","sd_intensity","cv_percent"
"PR","1",9,0,0,0.000281401626511542,0.000234775679415882,0.000199786518837826,70.9969310819286
"PR","2",9,0,0,0.000210943789253928,0.000136891857002156,0.000206565079277015,97.9242290126674
