"Group","Timepoint","n_samples","n_zeros","zero_percent","mean_intensity","median_intensity","sd_intensity","cv_percent"
"PR","1",9,0,0,0.000306560420703541,0.000284327081708942,8.17228464968453e-05,26.6579900658067
"PR","2",9,0,0,0.000227426140889844,0.000217227855734791,9.4491636670337e-05,41.5482742224012
