"Group","Timepoint","n_samples","n_zeros","zero_percent","mean_intensity","median_intensity","sd_intensity","cv_percent"
"PR","1",9,0,0,0.00126762449508726,0.0012044362584662,0.000668720456534736,52.7538288449297
"PR","2",9,0,0,0.00109661124291366,0.00100981447748326,0.000540818066117294,49.3172096868493
