"Group","Timepoint","n_samples","n_zeros","zero_percent","mean_intensity","median_intensity","sd_intensity","cv_percent"
"PR","1",9,0,0,0.000356311284123927,0.00024148376269431,0.000377017707147606,105.811329572284
"PR","2",9,0,0,0.00044556402876009,0.000306701334903963,0.000371036547155393,83.2734518959954
