"Group","Timepoint","n_samples","n_zeros","zero_percent","mean_intensity","median_intensity","sd_intensity","cv_percent"
"PR","1",9,0,0,0.00230030308155168,0.00181883371916895,0.00111171608074152,48.3291132224023
"PR","2",9,0,0,0.00180632392520508,0.00194882966116817,0.000751167475445391,41.5854246829017
