"Group","Timepoint","n_samples","n_zeros","zero_percent","mean_intensity","median_intensity","sd_intensity","cv_percent"
"PR","1",9,0,0,0.000711447599484384,0.000535043063604574,0.000487059686787173,68.4603739109058
"PR","2",9,0,0,0.000746097457453581,0.000637694518098997,0.000276706408428497,37.0871667855419
