"Group","Timepoint","n_samples","n_zeros","zero_percent","mean_intensity","median_intensity","sd_intensity","cv_percent"
"PR","1",9,0,0,0.000899665836431974,0.000832675405708235,0.000249770112759071,27.762542784735
"PR","2",9,0,0,0.00078344443434081,0.000743154287136135,0.000202390636603885,25.8334385608567
