"Group","Timepoint","n_samples","n_zeros","zero_percent","mean_intensity","median_intensity","sd_intensity","cv_percent"
"PR","1",9,0,0,0.0102379847076815,0.0110044662760019,0.00530835825242585,51.849640373491
"PR","2",9,0,0,0.00654749230396193,0.0041476467733351,0.00640059678717505,97.7564614058731
