"Group","Timepoint","n_samples","n_zeros","zero_percent","mean_intensity","median_intensity","sd_intensity","cv_percent"
"PR","1",9,0,0,0.000666973994309963,0.000433022847640788,0.000641534564361782,96.1858438012265
"PR","2",9,0,0,0.000496064238316654,0.000516018051308201,0.000262509663330114,52.9184817315023
