"Group","Timepoint","n_samples","n_zeros","zero_percent","mean_intensity","median_intensity","sd_intensity","cv_percent"
"PR","1",9,0,0,0.00101566328599548,0.000918880480644342,0.000538965199503533,53.0653423171911
"PR","2",9,0,0,0.000918052292528122,0.000622218331155084,0.000713521716148355,77.7212498629536
