"Group","Timepoint","n_samples","n_zeros","zero_percent","mean_intensity","median_intensity","sd_intensity","cv_percent"
"PR","1",9,0,0,0.000463383738633204,0.000389019488276954,0.000269031062686976,58.0579421022649
"PR","2",9,0,0,0.000454721103088457,0.000466932307861281,0.000168644407543419,37.087438079735
