"Group","Timepoint","n_samples","n_zeros","zero_percent","mean_intensity","median_intensity","sd_intensity","cv_percent"
"PR","1",9,0,0,0.00657890093588465,0.00606289922290104,0.00341378580063192,51.8899103953885
"PR","2",9,0,0,0.00447731207935578,0.00390404536007265,0.00205485949863093,45.894935671462
