"Group","Timepoint","n_samples","n_zeros","zero_percent","mean_intensity","median_intensity","sd_intensity","cv_percent"
"PR","1",9,0,0,0.000915408600492981,0.000928039708957857,0.000220222114121251,24.0572476599688
"PR","2",9,0,0,0.000774403469283566,0.000743151123756227,0.000190239723528782,24.5659699464907
