"Group","Timepoint","n_samples","n_zeros","zero_percent","mean_intensity","median_intensity","sd_intensity","cv_percent"
"PR","1",9,0,0,0.000110741809561256,7.98050704307073e-05,8.47801497789777e-05,76.5565869971471
"PR","2",9,0,0,0.000290129136889548,0.000180176775572971,0.000256435394485377,88.386639561473
