"Group","Timepoint","n_samples","n_zeros","zero_percent","mean_intensity","median_intensity","sd_intensity","cv_percent"
"PR","1",9,0,0,0.000356781216339366,0.000246308101851849,0.000257994032479165,72.311551355261
"PR","2",9,0,0,0.000496901463670441,0.000350544023055582,0.000405335141926141,81.5725393384975
