"Group","Timepoint","n_samples","n_zeros","zero_percent","mean_intensity","median_intensity","sd_intensity","cv_percent"
"PR","1",9,0,0,0.000116959758587707,4.87464182962549e-05,0.000109284993050078,93.438114416188
"PR","2",9,0,0,0.00015318754450886,0.000195742699417642,0.000109802784831813,71.6786636823873
