"Group","Timepoint","n_samples","n_zeros","zero_percent","mean_intensity","median_intensity","sd_intensity","cv_percent"
"PR","1",9,0,0,0.000242670870626402,0.000276802107450698,0.000164370754018741,67.7340274069375
"PR","2",9,0,0,0.000208585680616991,0.000213874962822438,0.000110564771949389,53.0068850471143
