"Group","Timepoint","n_samples","n_zeros","zero_percent","mean_intensity","median_intensity","sd_intensity","cv_percent"
"PR","1",9,0,0,0.0010452288638319,0.00102156072144143,0.000518561859556089,49.6122789467366
"PR","2",9,0,0,0.00145288037203567,0.00146429341306799,0.000594260343451617,40.9022211938196
