"Group","Timepoint","n_samples","n_zeros","zero_percent","mean_intensity","median_intensity","sd_intensity","cv_percent"
"PR","1",9,0,0,0.000672476721764477,0.000548279538371292,0.000370394634526832,55.079175611458
"PR","2",9,0,0,0.0010061851891029,0.000620488819338153,0.000916943033748957,91.1306431141654
