"Group","Timepoint","n_samples","n_zeros","zero_percent","mean_intensity","median_intensity","sd_intensity","cv_percent"
"PR","1",9,0,0,0.000201903230028373,6.83962653788655e-05,0.000214517338322391,106.24760103751
"PR","2",9,0,0,0.000140991607963557,0.000139559876682493,6.55935361581256e-05,46.5230073658568
