"Group","Timepoint","n_samples","n_zeros","zero_percent","mean_intensity","median_intensity","sd_intensity","cv_percent"
"PR","1",9,0,0,0.000470091138766586,0.00044795595957108,0.000266752958429145,56.7449450608759
"PR","2",9,0,0,0.00046855147989064,0.000350427148288983,0.000309724022328666,66.1024531180556
