"Group","Timepoint","n_samples","n_zeros","zero_percent","mean_intensity","median_intensity","sd_intensity","cv_percent"
"PR","1",9,0,0,0.00155376782373184,0.000766404971905817,0.00156891059282156,100.974583773614
"PR","2",9,0,0,0.00248268658384959,0.00129776725314493,0.0024376683963178,98.1867148344604
