"Group","Timepoint","n_samples","n_zeros","zero_percent","mean_intensity","median_intensity","sd_intensity","cv_percent"
"PR","1",9,0,0,0.0298213446302817,0.0318142843163144,0.0136028378612597,45.6144349958214
"PR","2",9,0,0,0.0455193140639719,0.0207120601745704,0.0459686700419457,100.98717651444
