"Group","Timepoint","n_samples","n_zeros","zero_percent","mean_intensity","median_intensity","sd_intensity","cv_percent"
"PR","1",9,0,0,0.000185049880427484,0.000197332711142023,0.000146140647371975,78.973651338966
"PR","2",9,0,0,0.00128077096453348,0.000306385165470202,0.00166611765056479,130.087087910497
