"Group","Timepoint","n_samples","n_zeros","zero_percent","mean_intensity","median_intensity","sd_intensity","cv_percent"
"PR","1",9,0,0,0.0246104817117087,0.0225584417073431,0.01483898556029,60.2953885020066
"PR","2",9,0,0,0.023167637159006,0.0219469109217505,0.0096194896469081,41.5212374955929
