"Group","Timepoint","n_samples","n_zeros","zero_percent","mean_intensity","median_intensity","sd_intensity","cv_percent"
"PR","1",9,0,0,0.000234322765012961,0.000162913748506032,0.000213760875026794,91.2249712549144
"PR","2",9,0,0,0.000151953482951984,7.79555870062773e-05,0.000128913548998236,84.8375084886809
