"Group","Timepoint","n_samples","n_zeros","zero_percent","mean_intensity","median_intensity","sd_intensity","cv_percent"
"PR","1",9,0,0,0.000195239293257214,0.000146651264340254,0.000110993050146919,56.8497500145599
"PR","2",9,0,0,0.000250232638012165,0.000152527961822135,0.000256866530194669,102.651089895868
