"Group","Timepoint","n_samples","n_zeros","zero_percent","mean_intensity","median_intensity","sd_intensity","cv_percent"
"PR","1",9,0,0,0.000243935497641824,0.000169434678774838,0.000204685850443042,83.9098255160823
"PR","2",9,0,0,0.000157376473615481,9.57164529365719e-05,0.000133387504741798,84.7569536141117
