"Group","Timepoint","n_samples","n_zeros","zero_percent","mean_intensity","median_intensity","sd_intensity","cv_percent"
"PR","1",9,0,0,0.000615272390666546,0.000567403481588065,0.000402561066183555,65.4281050621249
"PR","2",9,0,0,0.000385536778800715,0.00031889131612596,0.000286995702602189,74.4405510402777
