"Group","Timepoint","n_samples","n_zeros","zero_percent","mean_intensity","median_intensity","sd_intensity","cv_percent"
"PR","1",9,0,0,0.00012330069919328,0.0001169928105396,2.15472275566635e-05,17.4753490431447
"PR","2",9,0,0,0.000109124612851233,0.000111522062732482,2.0343385033607e-05,18.6423433743042
