"Group","Timepoint","n_samples","n_zeros","zero_percent","mean_intensity","median_intensity","sd_intensity","cv_percent"
"PR","1",9,0,0,0.000713335681050709,0.000706389210142453,0.000143939882469269,20.1784217855544
"PR","2",9,0,0,0.000557205771438638,0.000575840567385078,0.000146881807525278,26.3604246499542
