"Group","Timepoint","n_samples","n_zeros","zero_percent","mean_intensity","median_intensity","sd_intensity","cv_percent"
"PR","1",9,0,0,0.000214190684667291,0.000149937531954244,0.000234530542510571,109.496144930334
"PR","2",9,0,0,0.000667554632883675,0.00037545184952725,0.000813290475676249,121.831298235926
