"Group","Timepoint","n_samples","n_zeros","zero_percent","mean_intensity","median_intensity","sd_intensity","cv_percent"
"PR","1",9,0,0,0.000374639963875911,0.000313045958456974,0.000166116486141069,44.3403005975334
"PR","2",9,0,0,0.000301385202323027,0.000304549944518908,6.77033956282314e-05,22.4640742499582
