"Group","Timepoint","n_samples","n_zeros","zero_percent","mean_intensity","median_intensity","sd_intensity","cv_percent"
"PR","1",9,0,0,0.000158184018590043,0.000164141365596842,0.000119192767192673,75.3507011992017
"PR","2",9,0,0,0.000172486971288858,0.000151732117769261,0.000125623055186408,72.8304603227286
