"Group","Timepoint","n_samples","n_zeros","zero_percent","mean_intensity","median_intensity","sd_intensity","cv_percent"
"PR","1",9,0,0,0.000780716472277819,0.00092822209507338,0.000541594836744208,69.3715139843343
"PR","2",9,0,0,0.00101754730480293,0.000636970161806392,0.000917564276771207,90.1741149959523
