"Group","Timepoint","n_samples","n_zeros","zero_percent","mean_intensity","median_intensity","sd_intensity","cv_percent"
"PR","1",9,0,0,0.00299700428720399,0.00253281080115242,0.00128629559836963,42.9193779889338
"PR","2",9,0,0,0.00260782171684416,0.00178351486763991,0.00193776971585647,74.3060656079453
