"Group","Timepoint","n_samples","n_zeros","zero_percent","mean_intensity","median_intensity","sd_intensity","cv_percent"
"PR","1",9,0,0,0.00113292339724507,0.00113862072023095,0.000655617207440496,57.8695090095909
"PR","2",9,0,0,0.000870060900691808,0.000618554996448811,0.000627764457525226,72.1517835160819
