"Group","Timepoint","n_samples","n_zeros","zero_percent","mean_intensity","median_intensity","sd_intensity","cv_percent"
"PR","1",9,0,0,0.000184668996976342,0.000113215359327942,0.000160392566297053,86.8540842930991
"PR","2",9,0,0,0.000194932053092865,0.000123231061299162,0.000163869140683227,84.0647487589739
