"Group","Timepoint","n_samples","n_zeros","zero_percent","mean_intensity","median_intensity","sd_intensity","cv_percent"
"PR","1",9,0,0,0.00113489748849367,0.000720667600214854,0.00082455588147719,72.6546573445684
"PR","2",9,0,0,0.00229638596551278,0.00256446917965425,0.00129569212460627,56.4230989069357
