"Group","Timepoint","n_samples","n_zeros","zero_percent","mean_intensity","median_intensity","sd_intensity","cv_percent"
"PR","1",9,0,0,0.0617104168020288,0.046976948798559,0.0475073816259454,76.9843797658218
"PR","2",9,0,0,0.0624352953698154,0.0384783006362826,0.0421469203915268,67.5049587607187
