"Group","Timepoint","n_samples","n_zeros","zero_percent","mean_intensity","median_intensity","sd_intensity","cv_percent"
"PR","1",9,0,0,0.000204409713237353,0.000222973364172892,6.49378892127312e-05,31.7684948451191
"PR","2",9,0,0,0.000208425606774908,0.000220399793570376,4.69310839647595e-05,22.5169472652386
