"Group","Timepoint","n_samples","n_zeros","zero_percent","mean_intensity","median_intensity","sd_intensity","cv_percent"
"PR","1",9,0,0,0.000334221752588586,0.000330090021672657,0.000128994311978198,38.5954268323717
"PR","2",9,0,0,0.000296949236927121,0.000206648630373747,0.000240820464948021,81.0981928898252
