"Group","Timepoint","n_samples","n_zeros","zero_percent","mean_intensity","median_intensity","sd_intensity","cv_percent"
"PR","1",9,0,0,0.000636533772270222,0.0004319659563146,0.000450566691841701,70.7844126219316
"PR","2",9,0,0,0.000958305272118633,0.000869924363399394,0.000605489746325071,63.1833888366749
