"Group","Timepoint","n_samples","n_zeros","zero_percent","mean_intensity","median_intensity","sd_intensity","cv_percent"
"PR","1",9,0,0,0.00059131914598251,0.000542251731771878,0.000210423012274216,35.585354153312
"PR","2",9,0,0,0.000484708988745862,0.000552190297440836,0.000211458445392272,43.6258559882292
