"Group","Timepoint","n_samples","n_zeros","zero_percent","mean_intensity","median_intensity","sd_intensity","cv_percent"
"PR","1",9,0,0,0.00088379826141418,0.00111562537600425,0.000585335667032775,66.2295562899354
"PR","2",9,0,0,0.000837568496430184,0.000823751430525719,0.000409918904937874,48.9415381171805
