"Group","Timepoint","n_samples","n_zeros","zero_percent","mean_intensity","median_intensity","sd_intensity","cv_percent"
"PR","1",9,0,0,0.000241349251633115,0.000240348113364847,0.000107211696870499,44.4218062185981
"PR","2",9,0,0,0.000213011355096261,0.000162616143161627,0.000148109981887289,69.5314960183026
