"Group","Timepoint","n_samples","n_zeros","zero_percent","mean_intensity","median_intensity","sd_intensity","cv_percent"
"PR","1",9,0,0,0.000295768771401177,0.000203354290761163,0.000219190322391624,74.108676637236
"PR","2",9,0,0,0.000479418039801098,0.000415398347775141,0.000518893933559495,108.234127730107
