"Group","Timepoint","n_samples","n_zeros","zero_percent","mean_intensity","median_intensity","sd_intensity","cv_percent"
"PR","1",9,0,0,0.000305433901696198,0.000293515013764903,0.00015002541818863,49.1187839187065
"PR","2",9,0,0,0.000376750230335707,0.000415537898559065,0.000248182700063074,65.8745980969748
