"Group","Timepoint","n_samples","n_zeros","zero_percent","mean_intensity","median_intensity","sd_intensity","cv_percent"
"PR","1",9,0,0,0.000269378746204097,0.000258149600914682,4.72015219695682e-05,17.522363079753
"PR","2",9,0,0,0.000243323112017853,0.000245103664593488,4.70740119399454e-05,19.3462970079437
