"Group","Timepoint","n_samples","n_zeros","zero_percent","mean_intensity","median_intensity","sd_intensity","cv_percent"
"PR","1",9,0,0,0.000766269912378798,0.000689279708870225,0.000450678248329782,58.8145562091434
"PR","2",9,0,0,0.000987310793422207,0.000634046384045063,0.000847493538509326,85.8385772905157
