"Group","Timepoint","n_samples","n_zeros","zero_percent","mean_intensity","median_intensity","sd_intensity","cv_percent"
"PR","1",9,0,0,0.00154067789853188,0.00131123542197229,0.00109902429914987,71.3338135243674
"PR","2",9,0,0,0.00206145320303825,0.00184569840911005,0.00131699562952806,63.8867585054571
