"Group","Timepoint","n_samples","n_zeros","zero_percent","mean_intensity","median_intensity","sd_intensity","cv_percent"
"PR","1",9,0,0,0.000260322751364687,0.000302406906328616,0.000147883486847887,56.8077457973377
"PR","2",9,0,0,0.000436704157898357,0.000504322944860986,0.000263234099433587,60.2774429033157
