"Group","Timepoint","n_samples","n_zeros","zero_percent","mean_intensity","median_intensity","sd_intensity","cv_percent"
"PR","1",9,0,0,0.000132716042215639,9.0334752149309e-05,0.00014213115298249,107.094176867898
"PR","2",9,0,0,0.000145936919048185,5.19670379844963e-05,0.000237324586861383,162.621349285182
