"Group","Timepoint","n_samples","n_zeros","zero_percent","mean_intensity","median_intensity","sd_intensity","cv_percent"
"PR","1",9,0,0,0.000271362025392711,0.000240911486782844,0.000273627440507332,100.834831296436
"PR","2",9,0,0,0.000343129062198781,0.000233524404284802,0.00031466503287963,91.7045705377584
