"Group","Timepoint","n_samples","n_zeros","zero_percent","mean_intensity","median_intensity","sd_intensity","cv_percent"
"PR","1",9,0,0,0.00040306231351021,0.000382578258684825,0.000288421965284677,71.5576613384796
"PR","2",9,0,0,0.00036370481037494,0.000297327927935127,0.000253765424661486,69.7723586333328
