"Group","Timepoint","n_samples","n_zeros","zero_percent","mean_intensity","median_intensity","sd_intensity","cv_percent"
"PR","1",9,0,0,0.0011662792909941,0.00112032499344419,0.000264103233028123,22.6449389153613
"PR","2",9,0,0,0.000974700480588636,0.00106430479673638,0.000329887415351789,33.8450038675025
