"Group","Timepoint","n_samples","n_zeros","zero_percent","mean_intensity","median_intensity","sd_intensity","cv_percent"
"PR","1",9,0,0,0.00170792685122955,0.0012914598271484,0.00103363153486151,60.5196606703265
"PR","2",9,0,0,0.0014665794226353,0.00081464345186948,0.0014723200846133,100.391432055394
