"Group","Timepoint","n_samples","n_zeros","zero_percent","mean_intensity","median_intensity","sd_intensity","cv_percent"
"PR","1",9,0,0,0.000517595368352553,0.000466709367754199,0.000257739819359974,49.7956193426403
"PR","2",9,0,0,0.00106400431087285,0.000843233430819318,0.000636139678258699,59.7873215134669
