"Group","Timepoint","n_samples","n_zeros","zero_percent","mean_intensity","median_intensity","sd_intensity","cv_percent"
"PR","1",9,0,0,0.00335284710510359,0.00344239338834155,0.00245951228909194,73.3559333901076
"PR","2",9,0,0,0.00237461962626735,0.00148752643813889,0.00176898254110922,74.4954064028299
