"Group","Timepoint","n_samples","n_zeros","zero_percent","mean_intensity","median_intensity","sd_intensity","cv_percent"
"PR","1",9,0,0,0.00188417875006233,0.0012285265234765,0.00166703542014245,88.4754389724064
"PR","2",9,0,0,0.00162559410616588,0.00133601557122926,0.00118971386069934,73.1864034316289
