"Group","Timepoint","n_samples","n_zeros","zero_percent","mean_intensity","median_intensity","sd_intensity","cv_percent"
"PR","1",9,0,0,0.000255762119883611,0.000250595918214347,0.000132242031107444,51.7050887628017
"PR","2",9,0,0,0.000392922021521577,0.000430826896554505,0.000296326867632118,75.4162025545432
