"Group","Timepoint","n_samples","n_zeros","zero_percent","mean_intensity","median_intensity","sd_intensity","cv_percent"
"PR","1",9,0,0,4.95743622674175e-05,3.02604102996188e-05,3.4678360261328e-05,69.9522064938798
"PR","2",9,0,0,0.000119652571913068,5.53520437026531e-05,0.000120263762387844,100.510804293635
