"Group","Timepoint","n_samples","n_zeros","zero_percent","mean_intensity","median_intensity","sd_intensity","cv_percent"
"PR","1",9,0,0,0.000382084740152218,0.000354125508323085,0.000107166907037369,28.0479421906969
"PR","2",9,0,0,0.000512271779693096,0.000479897883419452,0.000306556986614448,59.8426457920652
