"Group","Timepoint","n_samples","n_zeros","zero_percent","mean_intensity","median_intensity","sd_intensity","cv_percent"
"PR","1",9,0,0,0.000255583807522945,0.000199973349500883,0.000220967552037668,86.456006027624
"PR","2",9,0,0,0.00018706734915779,0.000159253813803474,5.41330041316118e-05,28.9377084645332
