"Group","Timepoint","n_samples","n_zeros","zero_percent","mean_intensity","median_intensity","sd_intensity","cv_percent"
"PR","1",9,0,0,0.0017215639785244,0.00190594802932035,0.000688144700056372,39.9720665999413
"PR","2",9,0,0,0.00201944180330385,0.00110877941246013,0.00195322314455775,96.7209424585666
