"Group","Timepoint","n_samples","n_zeros","zero_percent","mean_intensity","median_intensity","sd_intensity","cv_percent"
"PR","1",9,0,0,0.00345162774388583,0.00169443189748617,0.00350544649155037,101.559228041317
"PR","2",9,0,0,0.00414576298060127,0.00418218273652089,0.00279794978169584,67.4893812016733
