"Group","Timepoint","n_samples","n_zeros","zero_percent","mean_intensity","median_intensity","sd_intensity","cv_percent"
"PR","1",9,0,0,0.001647560046116,0.00157204617014537,0.00151536562348481,91.9763517607244
"PR","2",9,0,0,0.00144835558732976,0.00101988674925425,0.00120885070767673,83.4636686081634
