"Group","Timepoint","n_samples","n_zeros","zero_percent","mean_intensity","median_intensity","sd_intensity","cv_percent"
"PR","1",9,0,0,0.00226763532851251,0.00159242426711094,0.00171315757888381,75.5481958383309
"PR","2",9,0,0,0.00364293812135883,0.00383532563090455,0.00242484692487906,66.5629457349822
