"Group","Timepoint","n_samples","n_zeros","zero_percent","mean_intensity","median_intensity","sd_intensity","cv_percent"
"PR","1",9,0,0,0.00386890314658111,0.00380122168915647,0.00208699854414993,53.9428997077422
"PR","2",9,0,0,0.00658058929598515,0.00568629624454152,0.00436531974195027,66.3363043278445
