"Group","Timepoint","n_samples","n_zeros","zero_percent","mean_intensity","median_intensity","sd_intensity","cv_percent"
"PR","1",9,0,0,0.000326246103037274,0.000254758930906971,0.000236133933505437,72.3790817138003
"PR","2",9,0,0,0.000260204087517142,0.000223384163038102,0.00019081493197472,73.3327957279494
