"Group","Timepoint","n_samples","n_zeros","zero_percent","mean_intensity","median_intensity","sd_intensity","cv_percent"
"PR","1",9,0,0,0.000290630575711198,0.000254903443887126,0.000133206420019877,45.8335877751024
"PR","2",9,0,0,0.000228455194584248,0.00016163595341818,0.000230134006440642,100.734853877781
