"Group","Timepoint","n_samples","n_zeros","zero_percent","mean_intensity","median_intensity","sd_intensity","cv_percent"
"PR","1",9,0,0,0.000169629550047016,0.000137939273298343,0.000138608227297693,81.7123120701994
"PR","2",9,0,0,7.37641121720592e-05,2.43383176515012e-05,8.96414950951638e-05,121.524536059039
