"Group","Timepoint","n_samples","n_zeros","zero_percent","mean_intensity","median_intensity","sd_intensity","cv_percent"
"PR","1",9,0,0,0.00137553443527694,0.00145744888158382,0.000364673850035445,26.511430080049
"PR","2",9,0,0,0.0010024577351536,0.000930474442556414,0.00034596380392562,34.5115601180544
