"Group","Timepoint","n_samples","n_zeros","zero_percent","mean_intensity","median_intensity","sd_intensity","cv_percent"
"PR","1",9,0,0,9.7786761726503e-05,0.000103817908684141,4.26274396463158e-05,43.5922397814331
"PR","2",9,0,0,0.000148255091456245,0.000130707014785881,6.62745677567541e-05,44.7030635546934
