"Group","Timepoint","n_samples","n_zeros","zero_percent","mean_intensity","median_intensity","sd_intensity","cv_percent"
"PR","1",9,0,0,0.000901033461518304,0.000873767822411795,0.00031268188231546,34.7025827196883
"PR","2",9,0,0,0.00113279324020174,0.000746272847212887,0.000822546184616368,72.6122080733711
