"Group","Timepoint","n_samples","n_zeros","zero_percent","mean_intensity","median_intensity","sd_intensity","cv_percent"
"PR","1",9,0,0,0.00014331113650897,0.00010920161364506,0.000100856666474248,70.3760146846196
"PR","2",9,0,0,0.000255726410148771,0.000218870761236344,7.22519256365215e-05,28.2536033702927
