"Group","Timepoint","n_samples","n_zeros","zero_percent","mean_intensity","median_intensity","sd_intensity","cv_percent"
"PR","1",9,0,0,0.000827770827631758,0.000910906984674026,0.000590581224255474,71.3459818274968
"PR","2",9,0,0,0.000977781257832015,0.000934489154413691,0.000711346295994225,72.7510667949862
