"Group","Timepoint","n_samples","n_zeros","zero_percent","mean_intensity","median_intensity","sd_intensity","cv_percent"
"PR","1",9,0,0,0.00317001476707979,0.00342434470114264,0.00113977341128856,35.9548297100999
"PR","2",9,0,0,0.00171351806673582,0.000806599860376248,0.00170652183999597,99.5917039408183
