"Group","Timepoint","n_samples","n_zeros","zero_percent","mean_intensity","median_intensity","sd_intensity","cv_percent"
"PR","1",9,0,0,0.000127035915476073,0.000173133824288118,9.83684956513109e-05,77.433610237444
"PR","2",9,0,0,0.000157010492366633,7.57445049406256e-05,0.000152859748147385,97.3563905464636
