"Group","Timepoint","n_samples","n_zeros","zero_percent","mean_intensity","median_intensity","sd_intensity","cv_percent"
"PR","1",9,0,0,0.000177462865037013,0.00017856584450301,4.37959775555933e-05,24.6789532821183
"PR","2",9,0,0,0.000183656549923729,0.000194643175022564,6.66593644464868e-05,36.29566409375
