"Group","Timepoint","n_samples","n_zeros","zero_percent","mean_intensity","median_intensity","sd_intensity","cv_percent"
"PR","1",9,0,0,0.000872825236818679,0.000881296601417481,0.000149863843461921,17.1699713917706
"PR","2",9,0,0,0.000856117830907587,0.000824332523708842,0.000255594637453707,29.8550769796193
