"Group","Timepoint","n_samples","n_zeros","zero_percent","mean_intensity","median_intensity","sd_intensity","cv_percent"
"PR","1",9,0,0,0.00527635294126443,0.00520895564387342,0.00111386771032854,21.1105610774705
"PR","2",9,0,0,0.00446094411647765,0.00427152427380796,0.00143331806816855,32.1303748880023
