"Group","Timepoint","n_samples","n_zeros","zero_percent","mean_intensity","median_intensity","sd_intensity","cv_percent"
"PR","1",9,0,0,0.00111413509715833,0.00101069812308659,0.000799893503246996,71.795018870438
"PR","2",9,0,0,0.00143969710584745,0.00164867719108139,0.000781167828291959,54.2591789008383
