"Group","Timepoint","n_samples","n_zeros","zero_percent","mean_intensity","median_intensity","sd_intensity","cv_percent"
"PR","1",9,0,0,0.00187103629845701,0.00180534437751673,0.00103706519195958,55.4273154836611
"PR","2",9,0,0,0.00174925758791321,0.0014534338933782,0.000880898351025109,50.3584124551938
