"Group","Timepoint","n_samples","n_zeros","zero_percent","mean_intensity","median_intensity","sd_intensity","cv_percent"
"PR","1",9,0,0,8.47737830149064e-05,4.84867849658975e-05,7.29410145429759e-05,86.0419482874206
"PR","2",9,0,0,0.000108893670219233,0.00010987343066528,7.32081440344311e-05,67.2290169732021
