"Group","Timepoint","n_samples","n_zeros","zero_percent","mean_intensity","median_intensity","sd_intensity","cv_percent"
"PR","1",9,0,0,0.000773481453917986,0.000729301633660953,0.000256934852808609,33.2179720027072
"PR","2",9,0,0,0.00109819076659404,0.000835715905106424,0.000910423012284589,82.9020822227637
