"Group","Timepoint","n_samples","n_zeros","zero_percent","mean_intensity","median_intensity","sd_intensity","cv_percent"
"PR","1",9,0,0,0.000190531067910259,0.000175637892518342,0.000125403923811068,65.8180973772391
"PR","2",9,0,0,0.000267257288254381,0.000227074547531097,0.000158983992865576,59.4872431371272
