"Group","Timepoint","n_samples","n_zeros","zero_percent","mean_intensity","median_intensity","sd_intensity","cv_percent"
"PR","1",9,0,0,0.000396085895631584,0.00040673545374802,7.87079108949385e-05,19.8714248002781
"PR","2",9,0,0,0.000377202212198487,0.00037932115505662,0.00013181789466231,34.9462146295544
