"Group","Timepoint","n_samples","n_zeros","zero_percent","mean_intensity","median_intensity","sd_intensity","cv_percent"
"PR","1",9,0,0,0.00075937891070421,0.00073080171215,0.000140508766143806,18.5031167133027
"PR","2",9,0,0,0.000670956197255898,0.000684062885799418,0.000152757580776811,22.7671465591293
