"Group","Timepoint","n_samples","n_zeros","zero_percent","mean_intensity","median_intensity","sd_intensity","cv_percent"
"PR","1",9,0,0,0.00143497129508759,0.00125691415253306,0.000679436106033747,47.3484109654106
"PR","2",9,0,0,0.00110925240517855,0.00110734565402136,0.000326561852963027,29.439814729134
