"Group","Timepoint","n_samples","n_zeros","zero_percent","mean_intensity","median_intensity","sd_intensity","cv_percent"
"PR","1",9,0,0,0.0018297688147964,0.00199852110561394,0.000944692952637487,51.6290880573678
"PR","2",9,0,0,0.00517771542812769,0.00438846989414315,0.00350641771204171,67.7213292370852
