"Group","Timepoint","n_samples","n_zeros","zero_percent","mean_intensity","median_intensity","sd_intensity","cv_percent"
"PR","1",9,0,0,0.000155602597461479,0.000156928059157109,0.000100688221914061,64.7085739934304
"PR","2",9,0,0,0.000201484088142821,0.0001443517180817,0.000149744859203927,74.3209355062228
