"Group","n_samples","n_zeros","zero_percent","mean_intensity","median_intensity","sd_intensity","cv_percent"
"Healthy",4,0,0,0.000200732325441124,0.000204310097486697,9.14133429900356e-05,45.539921280316
"PR",8,0,0,0.000635800471869448,0.000504336753676998,0.00036145895991471,56.8510052928885
"TR",10,0,0,0.000470130250714027,0.000404164897943614,0.000198708763069727,42.2667468787492
