"Group","n_samples","n_zeros","zero_percent","mean_intensity","median_intensity","sd_intensity","cv_percent"
"Healthy",4,0,0,3.09892959697591e-05,3.58533519336995e-05,1.23894125417939e-05,39.9796515347885
"PR",8,0,0,1.646689247406e-05,1.46684672608614e-05,8.02038722437502e-06,48.7061370990876
"TR",10,0,0,3.48829717633068e-05,3.40623025043768e-05,1.14357599178809e-05,32.7832158208209
