"Group","n_samples","n_zeros","zero_percent","mean_intensity","median_intensity","sd_intensity","cv_percent"
"Healthy",4,0,0,1.84720540206646e-05,1.55896802001563e-05,8.98771302331202e-06,48.6557315892293
"PR",8,0,0,0.000108260873786918,8.86027268268258e-05,7.73033979418992e-05,71.404742302422
"TR",10,0,0,6.66407387716493e-05,5.06086592795587e-05,4.31072988750971e-05,64.6861059311006
