"Group","n_samples","n_zeros","zero_percent","mean_intensity","median_intensity","sd_intensity","cv_percent"
"Healthy",4,0,0,0.00402705551139803,0.00400458535320572,0.000129508855207067,3.2159689589704
"PR",8,0,0,0.0022090969955651,0.00199300345567288,0.000951889246064573,43.0895179331442
"TR",10,0,0,0.00233361524469158,0.00223358703251495,0.000320107784097863,13.7172477265064
