"Group","n_samples","n_zeros","zero_percent","mean_intensity","median_intensity","sd_intensity","cv_percent"
"Healthy",4,0,0,2.20542386936565e-05,2.22550900008745e-05,1.12124971940244e-06,5.0840554279706
"PR",8,0,0,1.59000058082735e-05,1.781326440167e-05,6.05774676122387e-06,38.099022316531
"TR",10,0,0,2.22551031843557e-05,2.37441761043983e-05,5.56426973063976e-06,25.0022194215266
