"Group","n_samples","n_zeros","zero_percent","mean_intensity","median_intensity","sd_intensity","cv_percent"
"Healthy",4,0,0,2.21542308188932e-05,2.18400145293119e-05,5.89807366445494e-06,26.6227869189891
"PR",8,0,0,5.08833226125135e-05,6.0669159619679e-05,1.77514295125307e-05,34.8865376730827
"TR",10,0,0,5.293824906818e-05,5.9734634208873e-05,1.62632359347512e-05,30.7211443918471
