"Group","n_samples","n_zeros","zero_percent","mean_intensity","median_intensity","sd_intensity","cv_percent"
"Healthy",4,0,0,0.011146593278118,0.0111404382744009,0.00173471399160979,15.5627279862739
"PR",8,0,0,0.00847860169517746,0.00868452458670028,0.0018573252276074,21.9060323197376
"TR",10,0,0,0.00728918284288549,0.00663632700737847,0.00150605730763422,20.6615383383364
