"Group","n_samples","n_zeros","zero_percent","mean_intensity","median_intensity","sd_intensity","cv_percent"
"Healthy",4,0,0,9.63099532668338e-05,9.66051939502105e-05,6.5129734561272e-06,6.76251335942666
"PR",8,0,0,6.25103109158001e-05,7.02408294304171e-05,2.14136163161473e-05,34.2561347119053
"TR",10,0,0,9.07698170281604e-05,9.05948920768731e-05,1.09440567160205e-05,12.0569337631531
