"Group","n_samples","n_zeros","zero_percent","mean_intensity","median_intensity","sd_intensity","cv_percent"
"Healthy",4,0,0,0.00454310831991387,0.00320941392917395,0.00485257800835467,106.811849215311
"PR",8,0,0,0.00603481811180055,0.00646443427018405,0.00291651817520204,48.3281868843577
"TR",10,0,0,0.00915862971433723,0.0103576371052462,0.00349263823397692,38.134943140123
