"Group","n_samples","n_zeros","zero_percent","mean_intensity","median_intensity","sd_intensity","cv_percent"
"Healthy",4,0,0,0.000143973374957979,0.000145577326862641,4.40414797880505e-06,3.05900169395242
"PR",8,0,0,0.000115430753359602,0.000118959624418629,1.85644254448299e-05,16.0827378359006
"TR",10,0,0,0.000138597143546777,0.000138655186263927,1.23423948066097e-05,8.90523028885086
