"Group","n_samples","n_zeros","zero_percent","mean_intensity","median_intensity","sd_intensity","cv_percent"
"Healthy",4,0,0,0.000218471199832595,0.00022678102651881,2.0542372312416e-05,9.4027827595384
"PR",8,0,0,0.000265452379700863,0.000266963013148297,3.57994017456052e-05,13.4861860292785
"TR",10,0,0,0.000286677873350691,0.000294562849037933,2.48984167428174e-05,8.68515468313083
