"Group","n_samples","n_zeros","zero_percent","mean_intensity","median_intensity","sd_intensity","cv_percent"
"Healthy",4,0,0,0.000413587389093097,0.000412214021842323,7.55143942427856e-05,18.2583889727323
"PR",8,0,0,0.000599472422285812,0.000609575658773036,0.000125348392649767,20.9097846689609
"TR",10,0,0,0.00053897225032455,0.000522865141018589,9.20919684311389e-05,17.0865881083274
