"Group","n_samples","n_zeros","zero_percent","mean_intensity","median_intensity","sd_intensity","cv_percent"
"Healthy",4,0,0,0.000158816927960512,0.000158906262951885,8.25314295662524e-06,5.1966393397795
"PR",8,0,0,0.000165415629135117,0.000171924231841261,1.48597163355318e-05,8.98326017512764
"TR",10,0,0,0.000148287602107835,0.000149725994484243,9.7724839009809e-06,6.59022316233445
