"Group","n_samples","n_zeros","zero_percent","mean_intensity","median_intensity","sd_intensity","cv_percent"
"Healthy",4,0,0,4.92986182259544e-05,4.96672677522969e-05,4.99435678426736e-06,10.1308250900184
"PR",8,0,0,6.00808698137178e-05,5.9410631872173e-05,5.38366984764514e-06,8.96070556957204
"TR",10,0,0,5.15383595625883e-05,5.51850317916375e-05,9.99720752554967e-06,19.3976052214255
