"Group","n_samples","n_zeros","zero_percent","mean_intensity","median_intensity","sd_intensity","cv_percent"
"Healthy",4,0,0,4.17226380177302e-05,4.16193992333763e-05,1.46711314171437e-06,3.51634798617219
"PR",8,0,0,4.23913195023351e-05,4.46644098742855e-05,5.14206449371063e-06,12.1299939564924
"TR",10,0,0,4.8654262972482e-05,4.87111226277736e-05,4.98186496809547e-06,10.2393185380552
