"Group","n_samples","n_zeros","zero_percent","mean_intensity","median_intensity","sd_intensity","cv_percent"
"Healthy",4,0,0,7.88757661974401e-05,8.65459818397044e-05,2.69424766150731e-05,34.1581171428894
"PR",8,0,0,0.000161544567855764,0.000149480824624789,7.69323773646268e-05,47.6230048374738
"TR",10,0,0,0.000248895412529507,0.00022756701663006,0.000152210236237048,61.1542955694306
