"Group","n_samples","n_zeros","zero_percent","mean_intensity","median_intensity","sd_intensity","cv_percent"
"Healthy",4,0,0,8.66434108507669e-05,8.63798113115622e-05,2.41050627864337e-06,2.78209993694176
"PR",8,0,0,4.1101678223313e-05,3.54219781585661e-05,3.12455864983373e-05,76.0202207038222
"TR",10,0,0,3.95286565674163e-05,3.87114184108267e-05,1.500773919867e-05,37.966732244174
