"Group","n_samples","n_zeros","zero_percent","mean_intensity","median_intensity","sd_intensity","cv_percent"
"Healthy",4,0,0,0.000301720813029563,0.000304050473087891,0.000123908396533901,41.0672353987593
"PR",8,0,0,0.000886499136723005,0.000723425169359039,0.000485643568524469,54.7821817762483
"TR",10,0,0,0.000685448785434872,0.000599652573621612,0.000270917288586898,39.5240744959551
