"Group","n_samples","n_zeros","zero_percent","mean_intensity","median_intensity","sd_intensity","cv_percent"
"Healthy",4,0,0,3.85470941430614e-05,3.90060987228547e-05,2.55531327737044e-06,6.6290685048445
"PR",8,0,0,3.99603891860291e-05,4.075780837118e-05,2.27430883724995e-06,5.69140812583751
"TR",10,0,0,4.2339904193977e-05,4.21152454578408e-05,2.48612519800544e-06,5.87182528003713
