"Group","n_samples","n_zeros","zero_percent","mean_intensity","median_intensity","sd_intensity","cv_percent"
"Healthy",4,0,0,0.00012636920430755,0.000124690804079552,7.27786265599662e-06,5.7592058887102
"PR",8,0,0,0.000145188830324278,0.000147439905153354,1.17082989562013e-05,8.06418712104156
"TR",10,0,0,0.000142769094070133,0.000145273200862895,9.49364441372108e-06,6.64964954463989
