"Group","n_samples","n_zeros","zero_percent","mean_intensity","median_intensity","sd_intensity","cv_percent"
"Healthy",4,0,0,0.00030657713751905,0.000319034599277509,0.00014255588430037,46.4991895527474
"PR",8,0,0,0.00092698620453917,0.000643536159271602,0.000645393868510837,69.6228126535798
"TR",10,0,0,0.000324021561759355,0.000281367059539381,0.000240151207981859,74.115810897861
