"Group","n_samples","n_zeros","zero_percent","mean_intensity","median_intensity","sd_intensity","cv_percent"
"Healthy",4,0,0,0.0002848402890169,0.000275832636870203,2.25133096659635e-05,7.90383612643638
"PR",8,0,0,0.000328440688918526,0.000320217314675753,2.91768149895552e-05,8.88343496222326
"TR",10,0,0,0.000290406230873766,0.000288425204281515,2.54487979385985e-05,8.76317214752208
