"Group","n_samples","n_zeros","zero_percent","mean_intensity","median_intensity","sd_intensity","cv_percent"
"Healthy",4,0,0,0.0111383133075072,0.0114108687237548,0.00407406067088435,36.5769983157003
"PR",8,0,0,0.00605606546186655,0.00647288941169817,0.00388822937000258,64.2038860789359
"TR",10,0,0,0.00477092611427962,0.005261035679765,0.00197278816603993,41.3502141677542
