"Group","n_samples","n_zeros","zero_percent","mean_intensity","median_intensity","sd_intensity","cv_percent"
"Healthy",4,0,0,0.000169345768168799,0.00016907970286041,6.5794616513126e-06,3.88522354143175
"PR",8,0,0,0.000186250386180936,0.000187567281113497,1.18677262914615e-05,6.37192036742001
"TR",10,0,0,0.00018262214093011,0.000184166521332355,8.16225791648798e-06,4.46947882382549
