"Group","n_samples","n_zeros","zero_percent","mean_intensity","median_intensity","sd_intensity","cv_percent"
"Healthy",4,0,0,1.43567635756198e-05,1.27344629023199e-05,4.96671284910881e-06,34.5949337603019
"PR",8,0,0,9.71908263888624e-05,6.77952221709247e-05,7.91113523727013e-05,81.3979624539616
"TR",10,0,0,5.97460277813654e-05,4.51589117853461e-05,3.74881465367314e-05,62.7458392278656
