"Group","n_samples","n_zeros","zero_percent","mean_intensity","median_intensity","sd_intensity","cv_percent"
"Healthy",4,0,0,0.00199292438433327,0.00204473056603693,0.000349702990865786,17.5472282648987
"PR",8,0,0,0.00130473601807798,0.0013839694254696,0.000152150102838873,11.6613706321227
"TR",10,0,0,0.00138801157817716,0.00131110084251369,0.000190835167844782,13.7488167134313
