"Group","n_samples","n_zeros","zero_percent","mean_intensity","median_intensity","sd_intensity","cv_percent"
"Healthy",4,0,0,0.000345913833034863,0.000274015715259351,0.000156695945544411,45.2991267130443
"PR",8,0,0,8.35628022341496e-05,7.3538671698037e-05,3.53513157617233e-05,42.3050864937082
"TR",10,0,0,0.000196298324228761,0.000136663461362018,0.000204906804339141,104.385406826167
