"Group","n_samples","n_zeros","zero_percent","mean_intensity","median_intensity","sd_intensity","cv_percent"
"Healthy",4,0,0,2.37381282057926e-05,2.17482026540665e-05,6.33966089148669e-06,26.7066587412722
"PR",8,0,0,3.23778003089936e-05,2.96656983065495e-05,9.57373880985422e-06,29.5688364202892
"TR",10,0,0,4.48702301906667e-05,3.77562088516867e-05,2.80169284820185e-05,62.4399036130778
