"Group","n_samples","n_zeros","zero_percent","mean_intensity","median_intensity","sd_intensity","cv_percent"
"Healthy",4,0,0,0.000559767269928899,0.000560264841794005,7.38303092793287e-05,13.189465201977
"PR",8,0,0,0.000716655727856146,0.000699811891032735,8.98355129651077e-05,12.5353791888119
"TR",10,0,0,0.000602402705618168,0.000604140784982235,0.000138043615111704,22.9155038356024
