"Group","n_samples","n_zeros","zero_percent","mean_intensity","median_intensity","sd_intensity","cv_percent"
"Healthy",4,0,0,9.81188314032141e-05,9.66057369281523e-05,7.55824741347381e-06,7.70315677977614
"PR",8,0,0,0.000121230041717065,0.000124897026247175,1.20403058025544e-05,9.93178393079736
"TR",10,0,0,0.000129504099836994,0.000131190585044627,2.04879560491968e-05,15.8203146270928
