"Group","n_samples","n_zeros","zero_percent","mean_intensity","median_intensity","sd_intensity","cv_percent"
"Healthy",4,0,0,0.000153057260371467,0.000142886337374497,4.82873073451038e-05,31.5485245377525
"PR",8,0,0,0.000120504764186868,0.000123511887690469,2.04422656188314e-05,16.963865085974
"TR",10,0,0,9.75657741211523e-05,0.000101069505801696,1.56053795624794e-05,15.9947273550061
