"Group","n_samples","n_zeros","zero_percent","mean_intensity","median_intensity","sd_intensity","cv_percent"
"Healthy",4,0,0,0.00124576232000406,0.0012487007285399,0.000139027977755533,11.1600724731408
"PR",8,0,0,0.00108189426333474,0.00110968386300334,7.07746157418922e-05,6.5417313078029
"TR",10,0,0,0.0012056013979521,0.00123378275576296,0.000113197964160047,9.3893358412101
