"Group","n_samples","n_zeros","zero_percent","mean_intensity","median_intensity","sd_intensity","cv_percent"
"Healthy",4,0,0,6.82607403849524e-07,6.85749282299701e-07,5.46513138224247e-07,80.0625857765706
"PR",8,0,0,3.24376279353569e-05,9.48492600698123e-06,3.89853934630308e-05,120.185710067094
"TR",10,0,0,8.33488366256673e-06,7.38048782630396e-06,7.78725271631627e-06,93.4296509894917
