"Group","n_samples","n_zeros","zero_percent","mean_intensity","median_intensity","sd_intensity","cv_percent"
"Healthy",4,0,0,5.64561698460066e-07,6.37163431856637e-07,3.42610896346179e-07,60.6861742978148
"PR",8,0,0,2.11338177370951e-05,2.60212034598521e-06,2.7711478099363e-05,131.12386244688
"TR",10,0,0,2.07081095434404e-06,7.71374298714249e-07,4.14999215465283e-06,200.404201356343
