"Group","n_samples","n_zeros","zero_percent","mean_intensity","median_intensity","sd_intensity","cv_percent"
"Healthy",4,0,0,9.92877338722913e-05,9.92679827931501e-05,5.8987001678991e-06,5.94101601259859
"PR",8,0,0,0.000122789685443318,0.000123134951570766,1.61587811396482e-05,13.1597219109315
"TR",10,0,0,0.00011452281312642,0.000114696965079969,1.12466390372981e-05,9.82043553617833
