"Group","n_samples","n_zeros","zero_percent","mean_intensity","median_intensity","sd_intensity","cv_percent"
"Healthy",4,0,0,2.57369194509508e-05,2.8026233487633e-05,8.41250928752647e-06,32.6865431721888
"PR",8,0,0,7.68291736864543e-05,8.1985501346381e-05,1.98735636591984e-05,25.8672099485333
"TR",10,0,0,5.36471354213834e-05,4.90232562536412e-05,2.66244530130409e-05,49.6288437470393
