"Group","n_samples","n_zeros","zero_percent","mean_intensity","median_intensity","sd_intensity","cv_percent"
"Healthy",4,0,0,0.00073183963989051,0.000337934349231546,0.000902461628675446,123.314122313799
"PR",8,0,0,0.000156686900535274,0.000134406581669806,5.47775590886752e-05,34.9598842669962
"TR",10,0,0,0.000206234458530435,0.000188988789191421,8.07026509240711e-05,39.1315066837686
