"Group","n_samples","n_zeros","zero_percent","mean_intensity","median_intensity","sd_intensity","cv_percent"
"Healthy",4,0,0,0.00823954249400583,0.0106032328403096,0.00544731579052731,66.1118720425335
"PR",8,0,0,4.78895894269662e-05,4.20309301384389e-05,4.85862776926635e-05,101.45478020178
"TR",10,0,0,6.17289612506233e-05,6.72051217160758e-05,3.12187619424669e-05,50.573930469552
