"Group","n_samples","n_zeros","zero_percent","mean_intensity","median_intensity","sd_intensity","cv_percent"
"Healthy",4,0,0,0.000162340213559084,0.00016251571388383,2.02759626484462e-05,12.4897967077435
"PR",8,0,0,0.000119871140001196,0.00010881032770107,3.03186815210832e-05,25.2927281085178
"TR",10,0,0,0.000111390946724213,0.000114027540002887,3.22778617922772e-05,28.9770962017157
