"Group","n_samples","n_zeros","zero_percent","mean_intensity","median_intensity","sd_intensity","cv_percent"
"Healthy",4,0,0,2.93347066352567e-05,3.23364239325661e-05,6.97672226985028e-06,23.7831670062285
"PR",8,0,0,2.60291039557313e-05,2.71615889040465e-05,6.3176474011651e-06,24.2714747765031
"TR",10,0,0,2.01995285005338e-05,1.91087183684003e-05,4.58819179333263e-06,22.7143509474064
