"Group","n_samples","n_zeros","zero_percent","mean_intensity","median_intensity","sd_intensity","cv_percent"
"Healthy",4,0,0,3.15403757129017e-06,3.64716605046396e-06,1.12881470572624e-06,35.7895136063487
"PR",8,0,0,6.15327227479019e-06,5.55139649927217e-06,2.45606198324895e-06,39.9147294897283
"TR",10,0,0,3.88405987918308e-06,3.69330714360122e-06,1.81283325227302e-06,46.6736690129069
