"Group","n_samples","n_zeros","zero_percent","mean_intensity","median_intensity","sd_intensity","cv_percent"
"Healthy",4,0,0,0.00158305719841903,0.0013289688987953,0.000719228291368494,45.432868255599
"PR",8,0,0,0.00172696126846047,0.00179932456570711,0.000358478440042485,20.757757952618
"TR",10,0,0,0.0026103874559371,0.00265381099347538,0.000536976700119491,20.5707661863829
