"Group","n_samples","n_zeros","zero_percent","mean_intensity","median_intensity","sd_intensity","cv_percent"
"Healthy",4,0,0,3.55276017870485e-05,3.53807257111072e-05,1.23349279567455e-06,3.47192811681486
"PR",8,0,0,3.6063393781186e-05,3.76955190295599e-05,6.14438529905749e-06,17.037734541398
"TR",10,0,0,2.65394156513939e-05,2.6844708978068e-05,6.69011267207314e-06,25.2082139258472
