"","PR1","PR2","class.error"
"PR1",7,2,0.222222222222222
"PR2",5,4,0.555555555555556
